Accuracy,Selection rate,Count,tpr,tnr,fpr,fnr,generation
0.882226469182991,0.5812709030100335,20930.0,0.8830450920003159,0.8809725414297811,0.11902745857021894,0.11695490799968412,None
0.882226469182991,0.5812709030100335,20930.0,0.8830450920003159,0.8809725414297811,0.11902745857021894,0.11695490799968412,None
0.882226469182991,0.5812709030100335,20930.0,0.8830450920003159,0.8809725414297811,0.11902745857021894,0.11695490799968412,None
0.882226469182991,0.5812709030100335,20930.0,0.8830450920003159,0.8809725414297811,0.11902745857021894,0.11695490799968412,None
0.882226469182991,0.5812709030100335,20930.0,0.8830450920003159,0.8809725414297811,0.11902745857021894,0.11695490799968412,None
