Accuracy,Selection rate,Count,tpr,tnr,fpr,fnr,generation
0.8615934234787953,0.5693377381684082,26032.0,0.8494268626962372,0.8811623246492986,0.1188376753507014,0.15057313730376276,None
0.8615934234787953,0.5693377381684082,26032.0,0.8494268626962372,0.8811623246492986,0.1188376753507014,0.15057313730376276,None
0.8615934234787953,0.5693377381684082,26032.0,0.8494268626962372,0.8811623246492986,0.1188376753507014,0.15057313730376276,None
0.8615934234787953,0.5693377381684082,26032.0,0.8494268626962372,0.8811623246492986,0.1188376753507014,0.15057313730376276,None
0.8615934234787953,0.5693377381684082,26032.0,0.8494268626962372,0.8811623246492986,0.1188376753507014,0.15057313730376276,None
