Accuracy,Selection rate,Count,tpr,tnr,fpr,fnr,generation
0.9370937093709371,0.49824982498249826,9999.0,0.9415702982349361,0.932741617357002,0.06725838264299802,0.05842970176506391,None
