Accuracy,Selection rate,Count,tpr,tnr,fpr,fnr,generation
0.9294,0.4876,10000.0,0.9262060506950123,0.9324588880187941,0.06754111198120595,0.07379394930498774,None
