difference_Accuracy,difference_Selection rate,difference_Count,difference_tpr,difference_tnr,difference_fpr,difference_fnr,ratio_Accuracy,ratio_Selection rate,ratio_Count,ratio_tpr,ratio_tnr,ratio_fpr,ratio_fnr,group_min_Accuracy,group_min_Selection rate,group_min_Count,group_min_tpr,group_min_tnr,group_min_fpr,group_min_fnr,group_max_Accuracy,group_max_Selection rate,group_max_Count,group_max_tpr,group_max_tnr,group_max_fpr,group_max_fnr,group_0_Accuracy,group_0_Selection rate,group_0_Count,group_0_tpr,group_0_tnr,group_0_fpr,group_0_fnr,group_1_Accuracy,group_1_Selection rate,group_1_Count,group_1_tpr,group_1_tnr,group_1_fpr,group_1_fnr,generation
0.009849728420253334,0.37049375964795417,46.0,0.023115539704869348,0.03903165220429794,0.03903165220429795,0.023115539704869292,0.9894576633592729,0.45006041104447725,0.9908421262193908,0.9752266573228451,0.9586628272291674,0.588296271269734,0.7432587002245433,0.9244524814145068,0.3032052558232132,4977.0,0.9099656357388316,0.9051948051948052,0.05577354260089686,0.06691882455629909,0.9343022098347601,0.6736990154711674,5023.0,0.933081175443701,0.9442264573991032,0.09480519480519481,0.09003436426116838,0.9244524814145068,0.6736990154711674,4977.0,0.933081175443701,0.9051948051948052,0.09480519480519481,0.06691882455629909,0.9343022098347601,0.3032052558232132,5023.0,0.9099656357388316,0.9442264573991032,0.05577354260089686,0.09003436426116838,None
