difference_Accuracy,difference_Selection rate,difference_Count,difference_tpr,difference_tnr,difference_fpr,difference_fnr,ratio_Accuracy,ratio_Selection rate,ratio_Count,ratio_tpr,ratio_tnr,ratio_fpr,ratio_fnr,group_min_Accuracy,group_min_Selection rate,group_min_Count,group_min_tpr,group_min_tnr,group_min_fpr,group_min_fnr,group_max_Accuracy,group_max_Selection rate,group_max_Count,group_max_tpr,group_max_tnr,group_max_fpr,group_max_fnr,group_0_Accuracy,group_0_Selection rate,group_0_Count,group_0_tpr,group_0_tnr,group_0_fpr,group_0_fnr,group_1_Accuracy,group_1_Selection rate,group_1_Count,group_1_tpr,group_1_tnr,group_1_fpr,group_1_fnr,generation
0.008641314032490244,0.3787302617107455,35.0,0.019428244302121644,0.04737621629783595,0.047376216297835866,0.019428244302121728,0.9908207765189491,0.4497421511102555,0.9930237193541958,0.9794924087922049,0.9499713927956741,0.5280957278568505,0.7303872889771598,0.932757928542754,0.3095475383695436,4982.0,0.9279401767505099,0.8996062992125984,0.05301748448956571,0.05263157894736842,0.9413992425752442,0.688277800080289,5017.0,0.9473684210526315,0.9469825155104343,0.10039370078740158,0.07205982324949015,0.932757928542754,0.688277800080289,4982.0,0.9473684210526315,0.8996062992125984,0.10039370078740158,0.05263157894736842,0.9413992425752442,0.3095475383695436,5017.0,0.9279401767505099,0.9469825155104343,0.05301748448956571,0.07205982324949015,None
