Accuracy,Selection rate,Count,tpr,tnr,fpr,fnr,generation
0.9275,0.5003,10000.0,0.937244480784955,0.918167580266249,0.08183241973375098,0.06275551921504498,None
