difference_Accuracy,difference_Selection rate,difference_Count,difference_tpr,difference_tnr,difference_fpr,difference_fnr,ratio_Accuracy,ratio_Selection rate,ratio_Count,ratio_tpr,ratio_tnr,ratio_fpr,ratio_fnr,group_min_Accuracy,group_min_Selection rate,group_min_Count,group_min_tpr,group_min_tnr,group_min_fpr,group_min_fnr,group_max_Accuracy,group_max_Selection rate,group_max_Count,group_max_tpr,group_max_tnr,group_max_fpr,group_max_fnr,generation
0.01024429424901141,0.378407233151164,35.0,0.0066541923495661015,0.05944704246994503,0.05944704246994506,0.006654192349566067,0.9891226192069227,0.4587353328857023,0.9930237193541958,0.9930272129864244,0.9367159373766362,0.5049328266437362,0.8728790006985495,0.9315535929345644,0.3207095874028304,4982.0,0.947654656696125,0.8799212598425197,0.06063169768753525,0.04569115095430885,0.9417978871835758,0.6991168205539944,5017.0,0.9543088490456911,0.9393683023124647,0.12007874015748031,0.052345343303874914,None
