Accuracy,Selection rate,Count,tpr,tnr,fpr,fnr,generation
0.9366936693669367,0.5092509250925092,9999.0,0.9523229864069791,0.9214990138067061,0.07850098619329389,0.047677013593020894,None
