difference_Accuracy,difference_Selection rate,difference_Count,difference_tpr,difference_tnr,difference_fpr,difference_fnr,ratio_Accuracy,ratio_Selection rate,ratio_Count,ratio_tpr,ratio_tnr,ratio_fpr,ratio_fnr,group_min_Accuracy,group_min_Selection rate,group_min_Count,group_min_tpr,group_min_tnr,group_min_fpr,group_min_fnr,group_max_Accuracy,group_max_Selection rate,group_max_Count,group_max_tpr,group_max_tnr,group_max_fpr,group_max_fnr,generation
0.01806738230580951,0.36921057249571404,46.0,0.0006756871602442427,0.060404897792790235,0.060404897792790166,0.0006756871602442427,0.980707384923027,0.461599466946625,0.9908421262193908,0.9992792250869772,0.935490968175793,0.5129657455450426,0.9893138606722242,0.9184247538677919,0.3165438980688831,4977.0,0.9367697594501718,0.875974025974026,0.06362107623318386,0.06255455338958393,0.9364921361736014,0.6857544705645972,5023.0,0.9374454466104161,0.9363789237668162,0.12402597402597403,0.06323024054982818,None
