Accuracy,Selection rate,Count,tpr,tnr,fpr,fnr,generation
0.9376937693769377,0.5004500450045004,9999.0,0.9444106309596267,0.9311637080867851,0.06883629191321498,0.0555893690403733,None
