difference_Accuracy,difference_Selection rate,difference_Count,difference_tpr,difference_tnr,difference_fpr,difference_fnr,ratio_Accuracy,ratio_Selection rate,ratio_Count,ratio_tpr,ratio_tnr,ratio_fpr,ratio_fnr,group_min_Accuracy,group_min_Selection rate,group_min_Count,group_min_tpr,group_min_tnr,group_min_fpr,group_min_fnr,group_max_Accuracy,group_max_Selection rate,group_max_Count,group_max_tpr,group_max_tnr,group_max_fpr,group_max_fnr,group_0_Accuracy,group_0_Selection rate,group_0_Count,group_0_tpr,group_0_tnr,group_0_fpr,group_0_fnr,group_1_Accuracy,group_1_Selection rate,group_1_Count,group_1_tpr,group_1_tnr,group_1_fpr,group_1_fnr,generation
0.007847846060422659,0.36412674492192254,46.0,0.013970066998811204,0.032407838797973376,0.03240783879797333,0.01397006699881119,0.9915931476303044,0.4598334397983879,0.9908421262193908,0.9850466769620324,0.9654832331847256,0.653416168410563,0.8247720044545666,0.9256580269238497,0.30997411905235916,4977.0,0.920274914089347,0.9064935064935065,0.06109865470852018,0.06575501891184173,0.9335058729842723,0.6741008639742817,5023.0,0.9342449810881582,0.9389013452914798,0.09350649350649351,0.07972508591065292,0.9256580269238497,0.6741008639742817,4977.0,0.9342449810881582,0.9064935064935065,0.09350649350649351,0.06575501891184173,0.9335058729842723,0.30997411905235916,5023.0,0.920274914089347,0.9389013452914798,0.06109865470852018,0.07972508591065292,None
