Accuracy,Selection rate,Count,tpr,tnr,fpr,fnr,generation
0.9296,0.4912,10000.0,0.9300899427636958,0.9291307752545027,0.07086922474549726,0.06991005723630417,None
