difference_Accuracy,difference_Selection rate,difference_Count,difference_tpr,difference_tnr,difference_fpr,difference_fnr,ratio_Accuracy,ratio_Selection rate,ratio_Count,ratio_tpr,ratio_tnr,ratio_fpr,ratio_fnr,group_min_Accuracy,group_min_Selection rate,group_min_Count,group_min_tpr,group_min_tnr,group_min_fpr,group_min_fnr,group_max_Accuracy,group_max_Selection rate,group_max_Count,group_max_tpr,group_max_tnr,group_max_fpr,group_max_fnr,group_0_Accuracy,group_0_Selection rate,group_0_Count,group_0_tpr,group_0_tnr,group_0_fpr,group_0_fnr,group_1_Accuracy,group_1_Selection rate,group_1_Count,group_1_tpr,group_1_tnr,group_1_fpr,group_1_fnr,generation
0.0082370682353623,0.3759453506412201,35.0,0.01378688576799425,0.045120153128067164,0.045120153128067116,0.013786885767994216,0.9912538896641666,0.4544247780674167,0.9930237193541958,0.9854649234799622,0.9522399811963802,0.550567886489057,0.7887446982841719,0.9335608189482135,0.3131353398445286,4982.0,0.9347382732834806,0.8996062992125984,0.05527354765933446,0.05147484094852516,0.9417978871835758,0.6890806904857487,5017.0,0.9485251590514748,0.9447264523406655,0.10039370078740158,0.06526172671651938,0.9335608189482135,0.6890806904857487,4982.0,0.9485251590514748,0.8996062992125984,0.10039370078740158,0.05147484094852516,0.9417978871835758,0.3131353398445286,5017.0,0.9347382732834806,0.9447264523406655,0.05527354765933446,0.06526172671651938,None
