Accuracy,Selection rate,Count,tpr,tnr,fpr,fnr,generation
0.9292,0.4884,10000.0,0.9268192968111202,0.9314800313234143,0.06851996867658575,0.0731807031888798,None
