difference_Accuracy,difference_Selection rate,difference_Count,difference_tpr,difference_tnr,difference_fpr,difference_fnr,ratio_Accuracy,ratio_Selection rate,ratio_Count,ratio_tpr,ratio_tnr,ratio_fpr,ratio_fnr,group_min_Accuracy,group_min_Selection rate,group_min_Count,group_min_tpr,group_min_tnr,group_min_fpr,group_min_fnr,group_max_Accuracy,group_max_Selection rate,group_max_Count,group_max_tpr,group_max_tnr,group_max_fpr,group_max_fnr,group_0_Accuracy,group_0_Selection rate,group_0_Count,group_0_tpr,group_0_tnr,group_0_fpr,group_0_fnr,group_1_Accuracy,group_1_Selection rate,group_1_Count,group_1_tpr,group_1_tnr,group_1_fpr,group_1_fnr,generation
0.012651627708442303,0.35530079816488913,46.0,0.0005107147106432341,0.02554525071341207,0.025545250713412147,0.0005107147106433313,0.9864760319260469,0.4672093785879321,0.9908421262193908,0.9994490500751787,0.9728005208757224,0.7042128864762804,0.9930552345421865,0.9228450874020494,0.31156679275333465,4977.0,0.9264604810996564,0.9136363636363637,0.06081838565022422,0.07302880418970031,0.9354967151104917,0.6668675909182238,5023.0,0.9269711958102996,0.9391816143497758,0.08636363636363636,0.07353951890034365,0.9228450874020494,0.6668675909182238,4977.0,0.9269711958102996,0.9136363636363637,0.08636363636363636,0.07302880418970031,0.9354967151104917,0.31156679275333465,5023.0,0.9264604810996564,0.9391816143497758,0.06081838565022422,0.07353951890034365,None
