difference_Accuracy,difference_Selection rate,difference_Count,difference_tpr,difference_tnr,difference_fpr,difference_fnr,ratio_Accuracy,ratio_Selection rate,ratio_Count,ratio_tpr,ratio_tnr,ratio_fpr,ratio_fnr,group_min_Accuracy,group_min_Selection rate,group_min_Count,group_min_tpr,group_min_tnr,group_min_fpr,group_min_fnr,group_max_Accuracy,group_max_Selection rate,group_max_Count,group_max_tpr,group_max_tnr,group_max_fpr,group_max_fnr,group_0_Accuracy,group_0_Selection rate,group_0_Count,group_0_tpr,group_0_tnr,group_0_fpr,group_0_fnr,group_1_Accuracy,group_1_Selection rate,group_1_Count,group_1_tpr,group_1_tnr,group_1_fpr,group_1_fnr,generation
0.00463386349118744,0.3667135112756331,35.0,0.010910178232801604,0.02561941813110924,0.025619418131109246,0.01091017823280159,0.995072468602101,0.4607536265716634,0.9930237193541958,0.9884378190839632,0.9728492358957223,0.6876480541455161,0.837890179995443,0.9357687675632276,0.31333466214869443,4982.0,0.9326988443235894,0.9179790026246719,0.05640157924421884,0.05639097744360902,0.940402631054415,0.6800481734243276,5017.0,0.943609022556391,0.9435984207557812,0.08202099737532809,0.06730115567641061,0.9357687675632276,0.6800481734243276,4982.0,0.943609022556391,0.9179790026246719,0.08202099737532809,0.05639097744360902,0.940402631054415,0.31333466214869443,5017.0,0.9326988443235894,0.9435984207557812,0.05640157924421884,0.06730115567641061,None
