Accuracy,Selection rate,Count,tpr,tnr,fpr,fnr,generation
0.9380938093809381,0.49604960496049605,9999.0,0.9403530127814973,0.9358974358974359,0.0641025641025641,0.05964698721850274,None
