Accuracy,Selection rate,Count,tpr,tnr,fpr,fnr,generation
0.9326932693269326,0.48204820482048205,9999.0,0.9206735646175694,0.9443786982248521,0.05562130177514793,0.07932643538243052,None
