difference_Accuracy,difference_Selection rate,difference_Count,difference_tpr,difference_tnr,difference_fpr,difference_fnr,ratio_Accuracy,ratio_Selection rate,ratio_Count,ratio_tpr,ratio_tnr,ratio_fpr,ratio_fnr,group_min_Accuracy,group_min_Selection rate,group_min_Count,group_min_tpr,group_min_tnr,group_min_fpr,group_min_fnr,group_max_Accuracy,group_max_Selection rate,group_max_Count,group_max_tpr,group_max_tnr,group_max_fpr,group_max_fnr,generation
0.00668162138310846,0.38054401231130053,46.0,0.07946832878909227,0.02347489953992199,0.023474899539921962,0.07946832878909223,0.992778625488875,0.4255482107147884,0.9908421262193908,0.9141362319873907,0.9752413711030323,0.6883504716251739,0.48381063219585185,0.9185745570376269,0.28190324507266573,4977.0,0.8460481099656357,0.9246753246753247,0.05184977578475336,0.07448356124527204,0.9252561784207354,0.6624472573839663,5023.0,0.925516438754728,0.9481502242152466,0.07532467532467532,0.15395189003436427,None
