Accuracy,Selection rate,Count,tpr,tnr,fpr,fnr,generation
0.9219,0.4713,10000.0,0.901880621422731,0.9410728269381362,0.05892717306186374,0.09811937857726902,None
