difference_Accuracy,difference_Selection rate,difference_Count,difference_tpr,difference_tnr,difference_fpr,difference_fnr,ratio_Accuracy,ratio_Selection rate,ratio_Count,ratio_tpr,ratio_tnr,ratio_fpr,ratio_fnr,group_min_Accuracy,group_min_Selection rate,group_min_Count,group_min_tpr,group_min_tnr,group_min_fpr,group_min_fnr,group_max_Accuracy,group_max_Selection rate,group_max_Count,group_max_tpr,group_max_tnr,group_max_fpr,group_max_fnr,generation
0.007329675650360135,0.385417601031643,35.0,0.06716177307253912,0.02554947129070806,0.025549471290707948,0.06716177307253912,0.9921722520707194,0.42937578355434014,0.9930237193541958,0.9286057758116076,0.9731639735791319,0.6523446942228669,0.4688442570445966,0.9290412597169623,0.2900139525612916,4982.0,0.8735554044867437,0.926509186351706,0.047941342357586014,0.05928282244071718,0.9363709353673224,0.6754315535929346,5017.0,0.9407171775592829,0.952058657642414,0.07349081364829396,0.1264445955132563,None
