difference_Accuracy,difference_Selection rate,difference_Count,difference_tpr,difference_tnr,difference_fpr,difference_fnr,ratio_Accuracy,ratio_Selection rate,ratio_Count,ratio_tpr,ratio_tnr,ratio_fpr,ratio_fnr,group_min_Accuracy,group_min_Selection rate,group_min_Count,group_min_tpr,group_min_tnr,group_min_fpr,group_min_fnr,group_max_Accuracy,group_max_Selection rate,group_max_Count,group_max_tpr,group_max_tnr,group_max_fpr,group_max_fnr,generation
0.016660912544909423,0.3666022373033413,46.0,0.0005935008853521495,0.05428047289033833,0.054280472890338355,0.0005935008853521495,0.9822092339045323,0.46367450468585253,0.9908421262193908,0.9993669033810944,0.9420141535111596,0.5407036909279063,0.9905997117836159,0.919831223628692,0.31694206649412704,4977.0,0.9368635437881874,0.8818181818181818,0.06390134529147982,0.06254295532646048,0.9364921361736014,0.6835443037974683,5023.0,0.9374570446735395,0.9360986547085202,0.11818181818181818,0.06313645621181263,None
