difference_Accuracy,difference_Selection rate,difference_Count,difference_tpr,difference_tnr,difference_fpr,difference_fnr,ratio_Accuracy,ratio_Selection rate,ratio_Count,ratio_tpr,ratio_tnr,ratio_fpr,ratio_fnr,group_min_Accuracy,group_min_Selection rate,group_min_Count,group_min_tpr,group_min_tnr,group_min_fpr,group_min_fnr,group_max_Accuracy,group_max_Selection rate,group_max_Count,group_max_tpr,group_max_tnr,group_max_fpr,group_max_fnr,generation
0.008244069721357605,0.37760294244850523,35.0,0.008693621309457278,0.05560218678248974,0.05560218678248976,0.008693621309457299,0.9912371826711757,0.45910929865484384,0.9930237193541958,0.9908901386399687,0.940773399119643,0.5239453221544136,0.8401460381723539,0.932557205941389,0.32051026509866454,4982.0,0.9456152277362339,0.8832020997375328,0.06119571347997744,0.04569115095430885,0.9408012756627466,0.6981132075471698,5017.0,0.9543088490456911,0.9388042865200226,0.1167979002624672,0.054384772263766146,None
