Accuracy,Selection rate,Count,tpr,tnr,fpr,fnr,generation
0.9366936693669367,0.5086508650865087,9999.0,0.9517143436802596,0.9220907297830375,0.07790927021696252,0.048285656319740314,None
