Accuracy,Selection rate,Count,tpr,tnr,fpr,fnr,generation
0.9282,0.4994,10000.0,0.9370400654129191,0.9197337509788567,0.08026624902114331,0.06295993458708095,None
