difference_Accuracy,difference_Selection rate,difference_Count,difference_tpr,difference_tnr,difference_fpr,difference_fnr,ratio_Accuracy,ratio_Selection rate,ratio_Count,ratio_tpr,ratio_tnr,ratio_fpr,ratio_fnr,group_min_Accuracy,group_min_Selection rate,group_min_Count,group_min_tpr,group_min_tnr,group_min_fpr,group_min_fnr,group_max_Accuracy,group_max_Selection rate,group_max_Count,group_max_tpr,group_max_tnr,group_max_fpr,group_max_fnr,group_0_Accuracy,group_0_Selection rate,group_0_Count,group_0_tpr,group_0_tnr,group_0_fpr,group_0_fnr,group_1_Accuracy,group_1_Selection rate,group_1_Count,group_1_tpr,group_1_tnr,group_1_fpr,group_1_fnr,generation
0.02436963566149053,0.39188557229870985,46.0,0.023702041759026238,0.11158712363869316,0.11158712363869315,0.023702041759026238,0.9737545711990423,0.44432635517644475,0.9908421262193908,0.9748179543969789,0.880401665021671,0.37511210762331837,0.7126127436718068,0.9041591320072333,0.31335855066693213,4977.0,0.9175257731958762,0.8214285714285714,0.06698430493273543,0.05877218504509747,0.9285287676687238,0.705244122965642,5023.0,0.9412278149549025,0.9330156950672646,0.17857142857142858,0.08247422680412371,0.9041591320072333,0.705244122965642,4977.0,0.9412278149549025,0.8214285714285714,0.17857142857142858,0.05877218504509747,0.9285287676687238,0.31335855066693213,5023.0,0.9175257731958762,0.9330156950672646,0.06698430493273543,0.08247422680412371,None
