difference_Accuracy,difference_Selection rate,difference_Count,difference_tpr,difference_tnr,difference_fpr,difference_fnr,ratio_Accuracy,ratio_Selection rate,ratio_Count,ratio_tpr,ratio_tnr,ratio_fpr,ratio_fnr,group_min_Accuracy,group_min_Selection rate,group_min_Count,group_min_tpr,group_min_tnr,group_min_fpr,group_min_fnr,group_max_Accuracy,group_max_Selection rate,group_max_Count,group_max_tpr,group_max_tnr,group_max_fpr,group_max_fnr,group_0_Accuracy,group_0_Selection rate,group_0_Count,group_0_tpr,group_0_tnr,group_0_fpr,group_0_fnr,group_1_Accuracy,group_1_Selection rate,group_1_Count,group_1_tpr,group_1_tnr,group_1_fpr,group_1_fnr,generation
0.029138824424095766,0.4044913692482092,35.0,0.01693764034098222,0.13518281661492815,0.1351828166149282,0.016937640340982142,0.9689355116583748,0.4411602879660071,0.9930237193541958,0.9822782570955775,0.8558320999348766,0.3155527823217588,0.7231636784268364,0.9088719389803291,0.31931433127366954,4982.0,0.938817131203263,0.80249343832021,0.06232374506486182,0.04424522845575477,0.9380107634044249,0.7238057005218788,5017.0,0.9557547715442453,0.9376762549351382,0.19750656167979003,0.061182868796736914,0.9088719389803291,0.7238057005218788,4982.0,0.9557547715442453,0.80249343832021,0.19750656167979003,0.04424522845575477,0.9380107634044249,0.31931433127366954,5017.0,0.938817131203263,0.9376762549351382,0.06232374506486182,0.061182868796736914,None
