Accuracy,Selection rate,Count,tpr,tnr,fpr,fnr,generation
0.9164,0.5084,10000.0,0.9341782502044154,0.8993735317149569,0.10062646828504307,0.06582174979558462,None
