Accuracy,Selection rate,Count,tpr,tnr,fpr,fnr,generation
0.9234923492349235,0.5208520852085209,9999.0,0.9506999391357274,0.8970414201183432,0.10295857988165681,0.049300060864272674,None
