Accuracy,Selection rate,Count,tpr,tnr,fpr,fnr,generation
0.8254840196681008,0.6998309772587584,26032.0,0.926623822299869,0.6634682658670664,0.3365317341329335,0.07337617770013102,None
0.8254840196681008,0.6998309772587584,26032.0,0.926623822299869,0.6634682658670664,0.3365317341329335,0.07337617770013102,None
0.8254840196681008,0.6998309772587584,26032.0,0.926623822299869,0.6634682658670664,0.3365317341329335,0.07337617770013102,None
0.8254840196681008,0.6998309772587584,26032.0,0.926623822299869,0.6634682658670664,0.3365317341329335,0.07337617770013102,None
