Accuracy,Selection rate,Count,tpr,tnr,fpr,fnr,generation
0.8670329670329671,0.6803631151457239,20930.0,0.9501768172888015,0.7380865326020719,0.2619134673979281,0.04982318271119843,None
0.8670329670329671,0.6803631151457239,20930.0,0.9501768172888015,0.7380865326020719,0.2619134673979281,0.04982318271119843,None
0.8670329670329671,0.6803631151457239,20930.0,0.9501768172888015,0.7380865326020719,0.2619134673979281,0.04982318271119843,None
0.8670329670329671,0.6803631151457239,20930.0,0.9501768172888015,0.7380865326020719,0.2619134673979281,0.04982318271119843,None
