Accuracy,Selection rate,Count,tpr,tnr,fpr,fnr,generation
0.8946010511227902,0.6230769230769231,20930.0,0.927753651796289,0.8437991530550514,0.15620084694494857,0.07224634820371101,None
0.8946010511227902,0.6230769230769231,20930.0,0.927753651796289,0.8437991530550514,0.15620084694494857,0.07224634820371101,None
0.8946010511227902,0.6230769230769231,20930.0,0.927753651796289,0.8437991530550514,0.15620084694494857,0.07224634820371101,None
0.8946010511227902,0.6230769230769231,20930.0,0.927753651796289,0.8437991530550514,0.15620084694494857,0.07224634820371101,None
0.8946010511227902,0.6230769230769231,20930.0,0.927753651796289,0.8437991530550514,0.15620084694494857,0.07224634820371101,None
