Accuracy,Selection rate,Count,tpr,tnr,fpr,fnr,generation
0.8744237861094039,0.6277658266748617,26032.0,0.906372396642835,0.8227606313461345,0.1772393686538655,0.09362760335716507,None
0.8744237861094039,0.6277658266748617,26032.0,0.906372396642835,0.8227606313461345,0.1772393686538655,0.09362760335716507,None
0.8744237861094039,0.6277658266748617,26032.0,0.906372396642835,0.8227606313461345,0.1772393686538655,0.09362760335716507,None
0.8744237861094039,0.6277658266748617,26032.0,0.906372396642835,0.8227606313461345,0.1772393686538655,0.09362760335716507,None
0.8744237861094039,0.6277658266748617,26032.0,0.906372396642835,0.8227606313461345,0.1772393686538655,0.09362760335716507,None
