Accuracy,Selection rate,Count,tpr,tnr,fpr,fnr,generation
0.9281,0.4849,10000.0,0.9221177432542927,0.9338292873923257,0.06617071260767424,0.07788225674570727,None
0.9281,0.4849,10000.0,0.9221177432542927,0.9338292873923257,0.06617071260767424,0.07788225674570727,None
0.9281,0.4849,10000.0,0.9221177432542927,0.9338292873923257,0.06617071260767424,0.07788225674570727,None
0.9281,0.4849,10000.0,0.9221177432542927,0.9338292873923257,0.06617071260767424,0.07788225674570727,None
0.9281,0.4849,10000.0,0.9221177432542927,0.9338292873923257,0.06617071260767424,0.07788225674570727,None
0.9281,0.4849,10000.0,0.9221177432542927,0.9338292873923257,0.06617071260767424,0.07788225674570727,None
0.9281,0.4849,10000.0,0.9221177432542927,0.9338292873923257,0.06617071260767424,0.07788225674570727,None
0.9249,0.4787,10000.0,0.9125102207686018,0.9367658574784652,0.06323414252153485,0.0874897792313982,None
