Accuracy,Selection rate,Count,tpr,tnr,fpr,fnr,generation
0.935993599359936,0.49194919491949196,9999.0,0.9340637046053967,0.9378698224852071,0.0621301775147929,0.06593629539460337,None
0.935993599359936,0.49194919491949196,9999.0,0.9340637046053967,0.9378698224852071,0.0621301775147929,0.06593629539460337,None
0.935993599359936,0.49194919491949196,9999.0,0.9340637046053967,0.9378698224852071,0.0621301775147929,0.06593629539460337,None
0.935993599359936,0.49194919491949196,9999.0,0.9340637046053967,0.9378698224852071,0.0621301775147929,0.06593629539460337,None
0.935993599359936,0.49194919491949196,9999.0,0.9340637046053967,0.9378698224852071,0.0621301775147929,0.06593629539460337,None
0.935993599359936,0.49194919491949196,9999.0,0.9340637046053967,0.9378698224852071,0.0621301775147929,0.06593629539460337,None
0.935993599359936,0.49194919491949196,9999.0,0.9340637046053967,0.9378698224852071,0.0621301775147929,0.06593629539460337,None
0.9345934593459346,0.48754875487548754,9999.0,0.928180158247109,0.9408284023668639,0.05917159763313609,0.07181984175289105,None
