Accuracy,Selection rate,Count,tpr,tnr,fpr,fnr,generation
0.9317,0.4819,10000.0,0.9227309893704007,0.9402897415818324,0.05971025841816758,0.07726901062959934,None
