difference_Accuracy,difference_Selection rate,difference_Count,difference_tpr,difference_tnr,difference_fpr,difference_fnr,ratio_Accuracy,ratio_Selection rate,ratio_Count,ratio_tpr,ratio_tnr,ratio_fpr,ratio_fnr,group_min_Accuracy,group_min_Selection rate,group_min_Count,group_min_tpr,group_min_tnr,group_min_fpr,group_min_fnr,group_max_Accuracy,group_max_Selection rate,group_max_Count,group_max_tpr,group_max_tnr,group_max_fpr,group_max_fnr,group_0_Accuracy,group_0_Selection rate,group_0_Count,group_0_tpr,group_0_tnr,group_0_fpr,group_0_fnr,group_1_Accuracy,group_1_Selection rate,group_1_Count,group_1_tpr,group_1_tnr,group_1_fpr,group_1_fnr,generation
0.011628606061304336,0.35504099266740485,46.0,0.005452289467658966,0.01584648535321187,0.015846485353211807,0.005452289467658911,0.9875959889050899,0.46225227616991055,0.9908421262193908,0.9941015049101845,0.9832324259370522,0.7761138766610441,0.9327704985131888,0.9258589511754068,0.3051960979494326,4977.0,0.9189003436426116,0.9292207792207792,0.05493273542600897,0.07564736688972941,0.9374875572367112,0.6602370906168374,5023.0,0.9243526331102706,0.945067264573991,0.07077922077922078,0.08109965635738832,0.9258589511754068,0.6602370906168374,4977.0,0.9243526331102706,0.9292207792207792,0.07077922077922078,0.07564736688972941,0.9374875572367112,0.3051960979494326,5023.0,0.9189003436426116,0.945067264573991,0.05493273542600897,0.08109965635738832,None
