Accuracy,Selection rate,Count,tpr,tnr,fpr,fnr,generation
0.9373937393739374,0.48914891489148915,9999.0,0.9326435382430514,0.9420118343195266,0.05798816568047337,0.06735646175694868,None
