difference_Accuracy,difference_Selection rate,difference_Count,difference_tpr,difference_tnr,difference_fpr,difference_fnr,ratio_Accuracy,ratio_Selection rate,ratio_Count,ratio_tpr,ratio_tnr,ratio_fpr,ratio_fnr,group_min_Accuracy,group_min_Selection rate,group_min_Count,group_min_tpr,group_min_tnr,group_min_fpr,group_min_fnr,group_max_Accuracy,group_max_Selection rate,group_max_Count,group_max_tpr,group_max_tnr,group_max_fpr,group_max_fnr,group_0_Accuracy,group_0_Selection rate,group_0_Count,group_0_tpr,group_0_tnr,group_0_fpr,group_0_fnr,group_1_Accuracy,group_1_Selection rate,group_1_Count,group_1_tpr,group_1_tnr,group_1_fpr,group_1_fnr,generation
0.00283856245649583,0.36726526838056106,35.0,0.021239038609964234,0.01841267303515992,0.018412673035159942,0.02123903860996422,0.9969764187167219,0.4546302333615632,0.9930237193541958,0.9773807836423603,0.9805680539932509,0.7401767249482986,0.7417964810309309,0.9359694901645925,0.3061590591987243,4982.0,0.9177430319510537,0.9291338582677166,0.05245346869712352,0.06101792943898207,0.9388080526210884,0.6734243275792854,5017.0,0.9389820705610179,0.9475465313028765,0.07086614173228346,0.08225696804894629,0.9359694901645925,0.6734243275792854,4982.0,0.9389820705610179,0.9291338582677166,0.07086614173228346,0.06101792943898207,0.9388080526210884,0.3061590591987243,5017.0,0.9177430319510537,0.9475465313028765,0.05245346869712352,0.08225696804894629,None
