Accuracy,Selection rate,Count,tpr,tnr,fpr,fnr,generation
0.9323932393239324,0.48574857485748574,9999.0,0.9241225400689795,0.9404339250493097,0.059566074950690336,0.07587745993102049,None
