difference_Accuracy,difference_Selection rate,difference_Count,difference_tpr,difference_tnr,difference_fpr,difference_fnr,ratio_Accuracy,ratio_Selection rate,ratio_Count,ratio_tpr,ratio_tnr,ratio_fpr,ratio_fnr,group_min_Accuracy,group_min_Selection rate,group_min_Count,group_min_tpr,group_min_tnr,group_min_fpr,group_min_fnr,group_max_Accuracy,group_max_Selection rate,group_max_Count,group_max_tpr,group_max_tnr,group_max_fpr,group_max_fnr,group_0_Accuracy,group_0_Selection rate,group_0_Count,group_0_tpr,group_0_tnr,group_0_fpr,group_0_fnr,group_1_Accuracy,group_1_Selection rate,group_1_Count,group_1_tpr,group_1_tnr,group_1_fpr,group_1_fnr,generation
0.0023270138854269984,0.38204312483281455,35.0,0.05366702066047302,0.031167423868970756,0.031167423868970694,0.05366702066047302,0.9975073783751457,0.43604774876530905,0.9930237193541958,0.9429158543697583,0.9671853666747713,0.6169423066426505,0.5272803150206239,0.9312338050627865,0.29539565477376917,4982.0,0.8864717878993882,0.9186351706036745,0.050197405527354765,0.05986119144013881,0.9335608189482135,0.6774387796065837,5017.0,0.9401388085598612,0.9498025944726453,0.08136482939632546,0.11352821210061183,0.9335608189482135,0.6774387796065837,4982.0,0.9401388085598612,0.9186351706036745,0.08136482939632546,0.05986119144013881,0.9312338050627865,0.29539565477376917,5017.0,0.8864717878993882,0.9498025944726453,0.050197405527354765,0.11352821210061183,None
