Accuracy,Selection rate,Count,tpr,tnr,fpr,fnr,generation
0.9255,0.4769,10000.0,0.911283728536386,0.9391151135473766,0.060884886452623334,0.08871627146361406,None
