difference_Accuracy,difference_Selection rate,difference_Count,difference_tpr,difference_tnr,difference_fpr,difference_fnr,ratio_Accuracy,ratio_Selection rate,ratio_Count,ratio_tpr,ratio_tnr,ratio_fpr,ratio_fnr,group_min_Accuracy,group_min_Selection rate,group_min_Count,group_min_tpr,group_min_tnr,group_min_fpr,group_min_fnr,group_max_Accuracy,group_max_Selection rate,group_max_Count,group_max_tpr,group_max_tnr,group_max_fpr,group_max_fnr,group_0_Accuracy,group_0_Selection rate,group_0_Count,group_0_tpr,group_0_tnr,group_0_fpr,group_0_fnr,group_1_Accuracy,group_1_Selection rate,group_1_Count,group_1_tpr,group_1_tnr,group_1_fpr,group_1_fnr,generation
0.005285511841430557,0.3709953302611883,46.0,0.043940261976250006,0.02810916661813523,0.02810916661813523,0.04394026197624998,0.9943052067826028,0.4406410909694231,0.9908421262193908,0.9524637455422187,0.9703361412323258,0.6509022855489657,0.6325684989917028,0.9228450874020494,0.2922556241290066,4977.0,0.8804123711340206,0.9194805194805195,0.05241031390134529,0.07564736688972941,0.92813059924348,0.6632509543901949,5023.0,0.9243526331102706,0.9475896860986547,0.08051948051948052,0.11958762886597939,0.9228450874020494,0.6632509543901949,4977.0,0.9243526331102706,0.9194805194805195,0.08051948051948052,0.07564736688972941,0.92813059924348,0.2922556241290066,5023.0,0.8804123711340206,0.9475896860986547,0.05241031390134529,0.11958762886597939,None
