Accuracy,Selection rate,Count,tpr,tnr,fpr,fnr,generation
0.9360936093609361,0.49604960496049605,9999.0,0.9383242036924325,0.9339250493096647,0.06607495069033531,0.061675796307567456,None
