difference_Accuracy,difference_Selection rate,difference_Count,difference_tpr,difference_tnr,difference_fpr,difference_fnr,ratio_Accuracy,ratio_Selection rate,ratio_Count,ratio_tpr,ratio_tnr,ratio_fpr,ratio_fnr,group_min_Accuracy,group_min_Selection rate,group_min_Count,group_min_tpr,group_min_tnr,group_min_fpr,group_min_fnr,group_max_Accuracy,group_max_Selection rate,group_max_Count,group_max_tpr,group_max_tnr,group_max_fpr,group_max_fnr,group_0_Accuracy,group_0_Selection rate,group_0_Count,group_0_tpr,group_0_tnr,group_0_fpr,group_0_fnr,group_1_Accuracy,group_1_Selection rate,group_1_Count,group_1_tpr,group_1_tnr,group_1_fpr,group_1_fnr,generation
0.008469019204446426,0.35552012280579853,46.0,0.005692849294167801,0.024587968085725942,0.024587968085725942,0.005692849294167884,0.9909083386484432,0.46864154618484705,0.9908421262193908,0.9938701995538676,0.9737020772991996,0.725612530057841,0.9260437881873725,0.9230460116536066,0.31355763487955407,4977.0,0.9230240549828179,0.9103896103896104,0.06502242152466367,0.07128309572301425,0.931515030858053,0.6690777576853526,5023.0,0.9287169042769857,0.9349775784753364,0.08961038961038961,0.07697594501718213,0.9230460116536066,0.6690777576853526,4977.0,0.9287169042769857,0.9103896103896104,0.08961038961038961,0.07128309572301425,0.931515030858053,0.31355763487955407,5023.0,0.9230240549828179,0.9349775784753364,0.06502242152466367,0.07697594501718213,None
