Accuracy,Selection rate,Count,tpr,tnr,fpr,fnr,generation
0.9273,0.4905,10000.0,0.9270237121831562,0.927564604541895,0.07243539545810493,0.07297628781684383,None
