difference_Accuracy,difference_Selection rate,difference_Count,difference_tpr,difference_tnr,difference_fpr,difference_fnr,ratio_Accuracy,ratio_Selection rate,ratio_Count,ratio_tpr,ratio_tnr,ratio_fpr,ratio_fnr,group_min_Accuracy,group_min_Selection rate,group_min_Count,group_min_tpr,group_min_tnr,group_min_fpr,group_min_fnr,group_max_Accuracy,group_max_Selection rate,group_max_Count,group_max_tpr,group_max_tnr,group_max_fpr,group_max_fnr,group_0_Accuracy,group_0_Selection rate,group_0_Count,group_0_tpr,group_0_tnr,group_0_fpr,group_0_fnr,group_1_Accuracy,group_1_Selection rate,group_1_Count,group_1_tpr,group_1_tnr,group_1_fpr,group_1_fnr,generation
0.007448180801893356,0.36551337655904087,35.0,0.008018333235693453,0.0293665702954643,0.029366570295464335,0.008018333235693433,0.9920747565041147,0.4620420555340793,0.9930237193541958,0.991476361411304,0.9688501770063667,0.6609495974978209,0.8808589071746966,0.9323564833400241,0.31393262906119196,4982.0,0.9326988443235894,0.9133858267716536,0.05724760293288212,0.05928282244071718,0.9398046641419174,0.6794460056202328,5017.0,0.9407171775592829,0.9427523970671179,0.08661417322834646,0.06730115567641061,0.9323564833400241,0.6794460056202328,4982.0,0.9407171775592829,0.9133858267716536,0.08661417322834646,0.05928282244071718,0.9398046641419174,0.31393262906119196,5017.0,0.9326988443235894,0.9427523970671179,0.05724760293288212,0.06730115567641061,None
