generation,epoch,gen_loss
0,0,75271.5890764509
0,10,27304.226632254464
0,20,26371.577307876276
