difference_Accuracy,difference_Selection rate,difference_Count,difference_tpr,difference_tnr,difference_fpr,difference_fnr,ratio_Accuracy,ratio_Selection rate,ratio_Count,ratio_tpr,ratio_tnr,ratio_fpr,ratio_fnr,group_min_Accuracy,group_min_Selection rate,group_min_Count,group_min_tpr,group_min_tnr,group_min_fpr,group_min_fnr,group_max_Accuracy,group_max_Selection rate,group_max_Count,group_max_tpr,group_max_tnr,group_max_fpr,group_max_fnr,group_0_Accuracy,group_0_Selection rate,group_0_Count,group_0_tpr,group_0_tnr,group_0_fpr,group_0_fnr,group_1_Accuracy,group_1_Selection rate,group_1_Count,group_1_tpr,group_1_tnr,group_1_fpr,group_1_fnr,generation
0.006248492218095314,0.37884645639101727,46.0,0.09109258753788119,0.015621542134995114,0.015621542134995045,0.09109258753788119,0.9932187645509245,0.41804974893268737,0.9908421262193908,0.9003865022692658,0.9836017468850654,0.7519878877536869,0.4842812651065482,0.915190125423054,0.2721481186541907,4977.0,0.8233676975945017,0.937012987012987,0.047365470852017935,0.0855397148676171,0.9214386176411493,0.650994575045208,5023.0,0.9144602851323829,0.9526345291479821,0.06298701298701298,0.1766323024054983,0.9214386176411493,0.650994575045208,4977.0,0.9144602851323829,0.937012987012987,0.06298701298701298,0.0855397148676171,0.915190125423054,0.2721481186541907,5023.0,0.8233676975945017,0.9526345291479821,0.047365470852017935,0.1766323024054983,None
