Accuracy,Selection rate,Count,tpr,tnr,fpr,fnr,generation
0.9262926292629263,0.47004700470047006,9999.0,0.9020085209981741,0.9499013806706115,0.05009861932938856,0.09799147900182593,None
