difference_Accuracy,difference_Selection rate,difference_Count,difference_tpr,difference_tnr,difference_fpr,difference_fnr,ratio_Accuracy,ratio_Selection rate,ratio_Count,ratio_tpr,ratio_tnr,ratio_fpr,ratio_fnr,group_min_Accuracy,group_min_Selection rate,group_min_Count,group_min_tpr,group_min_tnr,group_min_fpr,group_min_fnr,group_max_Accuracy,group_max_Selection rate,group_max_Count,group_max_tpr,group_max_tnr,group_max_fpr,group_max_fnr,group_0_Accuracy,group_0_Selection rate,group_0_Count,group_0_tpr,group_0_tnr,group_0_fpr,group_0_fnr,group_1_Accuracy,group_1_Selection rate,group_1_Count,group_1_tpr,group_1_tnr,group_1_fpr,group_1_fnr,generation
0.012085405006358574,0.3885339424439443,35.0,0.094820471667586,0.018434878381319075,0.018434878381319082,0.09482047166758605,0.9870377852009303,0.4157331417881888,0.9930237193541958,0.8980760985307702,0.9807054076918071,0.7073463056965595,0.4236325875081856,0.9202710783336655,0.27646003587801476,4982.0,0.8354860639021074,0.937007874015748,0.044557247602932885,0.06969346443030654,0.9323564833400241,0.6649939783219591,5017.0,0.9303065355696934,0.9554427523970671,0.06299212598425197,0.16451393609789258,0.9323564833400241,0.6649939783219591,4982.0,0.9303065355696934,0.937007874015748,0.06299212598425197,0.06969346443030654,0.9202710783336655,0.27646003587801476,5017.0,0.8354860639021074,0.9554427523970671,0.044557247602932885,0.16451393609789258,None
