Accuracy,Selection rate,Count,tpr,tnr,fpr,fnr,generation
0.9183,0.4607,10000.0,0.8873671300081766,0.9479248238057948,0.05207517619420517,0.11263286999182338,None
