Accuracy,Selection rate,Count,tpr,tnr,fpr,fnr,generation
0.8676628764597418,0.6486247695144438,26032.0,0.9174431606410735,0.7869941614656735,0.21300583853432656,0.08255683935892658,None
0.8676628764597418,0.6486247695144438,26032.0,0.9174431606410735,0.7869941614656735,0.21300583853432656,0.08255683935892658,None
0.8676628764597418,0.6486247695144438,26032.0,0.9174431606410735,0.7869941614656735,0.21300583853432656,0.08255683935892658,None
0.8676628764597418,0.6486247695144438,26032.0,0.9174431606410735,0.7869941614656735,0.21300583853432656,0.08255683935892658,None
