Accuracy,Selection rate,Count,tpr,tnr,fpr,fnr,generation
0.8895365504061157,0.6369326325848065,20930.0,0.9368112265123285,0.8178429722255621,0.1821570277744379,0.06318877348767145,None
0.8895365504061157,0.6369326325848065,20930.0,0.9368112265123285,0.8178429722255621,0.1821570277744379,0.06318877348767145,None
0.8895365504061157,0.6369326325848065,20930.0,0.9368112265123285,0.8178429722255621,0.1821570277744379,0.06318877348767145,None
0.8895365504061157,0.6369326325848065,20930.0,0.9368112265123285,0.8178429722255621,0.1821570277744379,0.06318877348767145,None
