Accuracy,Selection rate,Count,tpr,tnr,fpr,fnr,generation
1.0,0.4651696129957,20930.0,1.0,1.0,0.0,0.0,None
1.0,0.4651696129957,20930.0,1.0,1.0,0.0,0.0,None
1.0,0.4651696129957,20930.0,1.0,1.0,0.0,0.0,None
1.0,0.4651696129957,20930.0,1.0,1.0,0.0,0.0,None
