difference_Accuracy,difference_Selection rate,difference_Count,difference_tpr,difference_tnr,difference_fpr,difference_fnr,ratio_Accuracy,ratio_Selection rate,ratio_Count,ratio_tpr,ratio_tnr,ratio_fpr,ratio_fnr,group_min_Accuracy,group_min_Selection rate,group_min_Count,group_min_tpr,group_min_tnr,group_min_fpr,group_min_fnr,group_max_Accuracy,group_max_Selection rate,group_max_Count,group_max_tpr,group_max_tnr,group_max_fpr,group_max_fnr,group_0_Accuracy,group_0_Selection rate,group_0_Count,group_0_tpr,group_0_tnr,group_0_fpr,group_0_fnr,group_1_Accuracy,group_1_Selection rate,group_1_Count,group_1_tpr,group_1_tnr,group_1_fpr,group_1_fnr,generation
0.0053238499339099965,0.3830243330844539,35.0,0.06163699265420253,0.026764103725612998,0.026764103725612977,0.061636992654202576,0.9943033890956315,0.43275052692427196,0.9930237193541958,0.9343778569586723,0.9718464812189191,0.6483750510531536,0.49628879892037786,0.9292405820211281,0.2922064979071158,4982.0,0.8776342624065262,0.9238845144356955,0.049351381838691484,0.06072874493927125,0.9345644319550381,0.6752308309915697,5017.0,0.9392712550607287,0.9506486181613085,0.07611548556430446,0.12236573759347383,0.9345644319550381,0.6752308309915697,4982.0,0.9392712550607287,0.9238845144356955,0.07611548556430446,0.06072874493927125,0.9292405820211281,0.2922064979071158,5017.0,0.8776342624065262,0.9506486181613085,0.049351381838691484,0.12236573759347383,None
