Accuracy,Selection rate,Count,tpr,tnr,fpr,fnr,generation
0.931893189318932,0.48304830483048306,9999.0,0.920876445526476,0.942603550295858,0.05739644970414201,0.07912355447352404,None
