Accuracy,Selection rate,Count,tpr,tnr,fpr,fnr,generation
0.9271,0.4763,10000.0,0.9123058053965658,0.9412685982772122,0.058731401722787784,0.08769419460343418,None
