difference_Accuracy,difference_Selection rate,difference_Count,difference_tpr,difference_tnr,difference_fpr,difference_fnr,ratio_Accuracy,ratio_Selection rate,ratio_Count,ratio_tpr,ratio_tnr,ratio_fpr,ratio_fnr,group_min_Accuracy,group_min_Selection rate,group_min_Count,group_min_tpr,group_min_tnr,group_min_fpr,group_min_fnr,group_max_Accuracy,group_max_Selection rate,group_max_Count,group_max_tpr,group_max_tnr,group_max_fpr,group_max_fnr,group_0_Accuracy,group_0_Selection rate,group_0_Count,group_0_tpr,group_0_tnr,group_0_fpr,group_0_fnr,group_1_Accuracy,group_1_Selection rate,group_1_Count,group_1_tpr,group_1_tnr,group_1_fpr,group_1_fnr,generation
0.004070766137411419,0.37338986092945725,46.0,0.047351492300785836,0.027473647428804426,0.027473647428804378,0.047351492300785766,0.9956187147400434,0.4375419679643133,0.9908421262193908,0.9488859676388817,0.971066713687729,0.6474215246636772,0.6085430608088449,0.9250552541691782,0.2904638662154091,4977.0,0.8790378006872852,0.922077922077922,0.05044843049327354,0.07361070701192901,0.9291260203065896,0.6638537271448663,5023.0,0.926389292988071,0.9495515695067265,0.07792207792207792,0.12096219931271478,0.9250552541691782,0.6638537271448663,4977.0,0.926389292988071,0.922077922077922,0.07792207792207792,0.07361070701192901,0.9291260203065896,0.2904638662154091,5023.0,0.8790378006872852,0.9495515695067265,0.05044843049327354,0.12096219931271478,None
