generation,epoch,gen_loss
0,0,77672.7517438616
0,10,27163.971196388713
0,20,26248.953169842156
