Accuracy,Selection rate,Count,tpr,tnr,fpr,fnr,generation
0.8220651505838967,0.7125460971112477,26032.0,0.9343361837588166,0.6423933672959744,0.3576066327040256,0.06566381624118345,None
0.8235633066994469,0.7244929317762754,26032.0,0.9452593471069222,0.6288083108580561,0.37119168914194384,0.054740652893077835,None
0.8713506453595574,0.6005685310387215,26032.0,0.8825910931174089,0.8532625037586449,0.14673749624135513,0.11740890688259109,None
0.8586739397664414,0.6093653964351567,26032.0,0.8785261588169504,0.8265244515999195,0.1734755484000805,0.12147384118304959,None
0.8740012292563,0.610940381069453,26032.0,0.892195849384864,0.8445361239686053,0.15546387603139464,0.10780415061513608,None
