Accuracy,Selection rate,Count,tpr,tnr,fpr,fnr,generation
0.8625418060200669,0.6838031533683707,20930.0,0.9510848126232742,0.7265899454875833,0.27341005451241673,0.04891518737672584,None
0.8561395126612518,0.6942188246536073,20930.0,0.9543984220907298,0.7052695336159903,0.2947304663840097,0.04560157790927022,None
0.892833253702819,0.5973244147157191,20930.0,0.9042477736622271,0.8752578570561825,0.1247421429438175,0.09575222633777287,None
0.8872909698996656,0.611753463927377,20930.0,0.9118366059459033,0.8495575221238938,0.1504424778761062,0.08816339405409668,None
0.8977066411849021,0.6133779264214047,20930.0,0.9217727308571879,0.8607103891380773,0.13928961086192265,0.07822726914281208,None
