Accuracy,Selection rate,Count,tpr,tnr,fpr,fnr,generation
0.9292,0.4754,10000.0,0.9135322976287816,0.9442051683633516,0.0557948316366484,0.08646770237121831,None
0.9292,0.4754,10000.0,0.9135322976287816,0.9442051683633516,0.0557948316366484,0.08646770237121831,None
0.9292,0.4754,10000.0,0.9135322976287816,0.9442051683633516,0.0557948316366484,0.08646770237121831,None
0.9292,0.4754,10000.0,0.9135322976287816,0.9442051683633516,0.0557948316366484,0.08646770237121831,None
0.9292,0.4754,10000.0,0.9135322976287816,0.9442051683633516,0.0557948316366484,0.08646770237121831,None
0.9292,0.4754,10000.0,0.9135322976287816,0.9442051683633516,0.0557948316366484,0.08646770237121831,None
0.9292,0.4754,10000.0,0.9135322976287816,0.9442051683633516,0.0557948316366484,0.08646770237121831,None
0.9281,0.4739,10000.0,0.910874897792314,0.9445967110415036,0.05540328895849648,0.08912510220768602,None
