Accuracy,Selection rate,Count,tpr,tnr,fpr,fnr,generation
0.9345934593459346,0.48354835483548353,9999.0,0.9241225400689795,0.9447731755424064,0.055226824457593686,0.07587745993102049,None
0.9345934593459346,0.48354835483548353,9999.0,0.9241225400689795,0.9447731755424064,0.055226824457593686,0.07587745993102049,None
0.9345934593459346,0.48354835483548353,9999.0,0.9241225400689795,0.9447731755424064,0.055226824457593686,0.07587745993102049,None
0.9345934593459346,0.48354835483548353,9999.0,0.9241225400689795,0.9447731755424064,0.055226824457593686,0.07587745993102049,None
0.9345934593459346,0.48354835483548353,9999.0,0.9241225400689795,0.9447731755424064,0.055226824457593686,0.07587745993102049,None
0.9345934593459346,0.48354835483548353,9999.0,0.9241225400689795,0.9447731755424064,0.055226824457593686,0.07587745993102049,None
0.9345934593459346,0.48354835483548353,9999.0,0.9241225400689795,0.9447731755424064,0.055226824457593686,0.07587745993102049,None
0.9347934793479348,0.4827482748274827,9999.0,0.9235138973422601,0.9457593688362919,0.054240631163708086,0.0764861026577399,None
