Accuracy,Selection rate,Count,tpr,tnr,fpr,fnr,generation
1.0,0.5017501750175017,9999.0,1.0,1.0,0.0,0.0,None
1.0,0.5017501750175017,9999.0,1.0,1.0,0.0,0.0,None
1.0,0.5017501750175017,9999.0,1.0,1.0,0.0,0.0,None
1.0,0.5017501750175017,9999.0,1.0,1.0,0.0,0.0,None
1.0,0.5017501750175017,9999.0,1.0,1.0,0.0,0.0,None
1.0,0.5017501750175017,9999.0,1.0,1.0,0.0,0.0,None
1.0,0.5017501750175017,9999.0,1.0,1.0,0.0,0.0,None
1.0,0.5017501750175017,9999.0,1.0,1.0,0.0,0.0,None
