Accuracy,Selection rate,Count,tpr,tnr,fpr,fnr,generation
0.931993199319932,0.5005500550055005,9999.0,0.9387299655102455,0.9254437869822485,0.07455621301775148,0.061270034489754516,None
