Accuracy,Selection rate,Count,tpr,tnr,fpr,fnr,generation
0.9257,0.4911,10000.0,0.9260016353229763,0.9254111198120595,0.07458888018794048,0.07399836467702371,None
