difference_Accuracy,difference_Selection rate,difference_Count,difference_tpr,difference_tnr,difference_fpr,difference_fnr,ratio_Accuracy,ratio_Selection rate,ratio_Count,ratio_tpr,ratio_tnr,ratio_fpr,ratio_fnr,group_min_Accuracy,group_min_Selection rate,group_min_Count,group_min_tpr,group_min_tnr,group_min_fpr,group_min_fnr,group_max_Accuracy,group_max_Selection rate,group_max_Count,group_max_tpr,group_max_tnr,group_max_fpr,group_max_fnr,group_0_Accuracy,group_0_Selection rate,group_0_Count,group_0_tpr,group_0_tnr,group_0_fpr,group_0_fnr,group_1_Accuracy,group_1_Selection rate,group_1_Count,group_1_tpr,group_1_tnr,group_1_fpr,group_1_fnr,generation
0.007276864441709052,0.3877473755029768,35.0,0.03475954436632811,0.06321084864391946,0.06321084864391951,0.03475954436632815,0.9922224054316032,0.4421722712226884,0.9930237193541958,0.9633764459418761,0.9330708661417323,0.46777163904235725,0.5941961129931055,0.9283420313127259,0.3073549930237194,4982.0,0.9143439836845684,0.881233595800525,0.05555555555555555,0.05089647194910353,0.9356188957544349,0.6951023685266962,5017.0,0.9491035280508965,0.9444444444444444,0.11876640419947507,0.08565601631543168,0.9283420313127259,0.6951023685266962,4982.0,0.9491035280508965,0.881233595800525,0.11876640419947507,0.05089647194910353,0.9356188957544349,0.3073549930237194,5017.0,0.9143439836845684,0.9444444444444444,0.05555555555555555,0.08565601631543168,None
