difference_Accuracy,difference_Selection rate,difference_Count,difference_tpr,difference_tnr,difference_fpr,difference_fnr,ratio_Accuracy,ratio_Selection rate,ratio_Count,ratio_tpr,ratio_tnr,ratio_fpr,ratio_fnr,group_min_Accuracy,group_min_Selection rate,group_min_Count,group_min_tpr,group_min_tnr,group_min_fpr,group_min_fnr,group_max_Accuracy,group_max_Selection rate,group_max_Count,group_max_tpr,group_max_tnr,group_max_fpr,group_max_fnr,group_0_Accuracy,group_0_Selection rate,group_0_Count,group_0_tpr,group_0_tnr,group_0_fpr,group_0_fnr,group_1_Accuracy,group_1_Selection rate,group_1_Count,group_1_tpr,group_1_tnr,group_1_fpr,group_1_fnr,generation
0.010883790301002838,0.3719259899539474,46.0,0.023802824928237043,0.04846397996622209,0.048463979966222114,0.023802824928236987,0.9883110372713412,0.4513705832837,0.9908421262193908,0.9744900812976768,0.9484438042577578,0.5530866518084907,0.7376279524955696,0.9202330721318063,0.3059924347999204,4977.0,0.9092783505154639,0.8915584415584416,0.05997757847533632,0.06691882455629909,0.9311168624328091,0.6779184247538678,5023.0,0.933081175443701,0.9400224215246636,0.10844155844155844,0.09072164948453608,0.9202330721318063,0.6779184247538678,4977.0,0.933081175443701,0.8915584415584416,0.10844155844155844,0.06691882455629909,0.9311168624328091,0.3059924347999204,5023.0,0.9092783505154639,0.9400224215246636,0.05997757847533632,0.09072164948453608,None
