Accuracy,Selection rate,Count,tpr,tnr,fpr,fnr,generation
0.9257,0.4789,10000.0,0.9135322976287816,0.9373531714956931,0.06264682850430697,0.08646770237121831,None
0.9257,0.4789,10000.0,0.9135322976287816,0.9373531714956931,0.06264682850430697,0.08646770237121831,None
0.9257,0.4789,10000.0,0.9135322976287816,0.9373531714956931,0.06264682850430697,0.08646770237121831,None
0.9257,0.4789,10000.0,0.9135322976287816,0.9373531714956931,0.06264682850430697,0.08646770237121831,None
0.9257,0.4789,10000.0,0.9135322976287816,0.9373531714956931,0.06264682850430697,0.08646770237121831,None
0.9257,0.4789,10000.0,0.9135322976287816,0.9373531714956931,0.06264682850430697,0.08646770237121831,None
0.9257,0.4789,10000.0,0.9135322976287816,0.9373531714956931,0.06264682850430697,0.08646770237121831,None
0.925,0.4728,10000.0,0.9065821749795585,0.9426389976507439,0.05736100234925607,0.09341782502044153,None
