Accuracy,Selection rate,Count,tpr,tnr,fpr,fnr,generation
0.9345934593459346,0.49094909490949096,9999.0,0.931629133698519,0.9374753451676529,0.06252465483234713,0.06837086630148104,None
0.9345934593459346,0.49094909490949096,9999.0,0.931629133698519,0.9374753451676529,0.06252465483234713,0.06837086630148104,None
0.9345934593459346,0.49094909490949096,9999.0,0.931629133698519,0.9374753451676529,0.06252465483234713,0.06837086630148104,None
0.9345934593459346,0.49094909490949096,9999.0,0.931629133698519,0.9374753451676529,0.06252465483234713,0.06837086630148104,None
0.9345934593459346,0.49094909490949096,9999.0,0.931629133698519,0.9374753451676529,0.06252465483234713,0.06837086630148104,None
0.9345934593459346,0.49094909490949096,9999.0,0.931629133698519,0.9374753451676529,0.06252465483234713,0.06837086630148104,None
0.9345934593459346,0.49094909490949096,9999.0,0.931629133698519,0.9374753451676529,0.06252465483234713,0.06837086630148104,None
0.9317931793179318,0.48434843484348433,9999.0,0.9220937309799148,0.9412228796844182,0.058777120315581854,0.07790626902008521,None
