difference_Accuracy,difference_Selection rate,difference_Count,difference_tpr,difference_tnr,difference_fpr,difference_fnr,ratio_Accuracy,ratio_Selection rate,ratio_Count,ratio_tpr,ratio_tnr,ratio_fpr,ratio_fnr,group_min_Accuracy,group_min_Selection rate,group_min_Count,group_min_tpr,group_min_tnr,group_min_fpr,group_min_fnr,group_max_Accuracy,group_max_Selection rate,group_max_Count,group_max_tpr,group_max_tnr,group_max_fpr,group_max_fnr,generation
0.007626498648073077,0.3693103024185853,35.0,0.009839743425918313,0.03069000892654916,0.030690008926549155,0.009839743425918243,0.9919124616957551,0.4575754933227028,0.9930237193541958,0.9895754188827127,0.9675821353430016,0.6345970812182741,0.8507807981492193,0.9353673223604978,0.3115407614112019,4982.0,0.9340584636301835,0.916010498687664,0.0532994923857868,0.05610179294389821,0.9429938210085709,0.6808510638297872,5017.0,0.9438982070561018,0.9467005076142132,0.08398950131233596,0.06594153636981645,None
