Accuracy,Selection rate,Count,tpr,tnr,fpr,fnr,generation
0.9391939193919392,0.4955495549554956,9999.0,0.9409616555082166,0.9374753451676529,0.06252465483234713,0.05903834449178332,None
