Accuracy,Selection rate,Count,tpr,tnr,fpr,fnr,generation
0.9313,0.4881,10000.0,0.928659035159444,0.9338292873923257,0.06617071260767424,0.071340964840556,None
