difference_Accuracy,difference_Selection rate,difference_Count,difference_tpr,difference_tnr,difference_fpr,difference_fnr,ratio_Accuracy,ratio_Selection rate,ratio_Count,ratio_tpr,ratio_tnr,ratio_fpr,ratio_fnr,group_min_Accuracy,group_min_Selection rate,group_min_Count,group_min_tpr,group_min_tnr,group_min_fpr,group_min_fnr,group_max_Accuracy,group_max_Selection rate,group_max_Count,group_max_tpr,group_max_tnr,group_max_fpr,group_max_fnr,generation
0.007232193033204548,0.3622981862296207,46.0,0.013889880389974962,0.025190000582377192,0.02519000058237726,0.013889880389974879,0.9922642023837763,0.4593229166822123,0.9908421262193908,0.9851093203679526,0.9732426549336345,0.699282163590225,0.828730712140564,0.9276672694394213,0.3077841927135178,4977.0,0.9189003436426116,0.9162337662337663,0.058576233183856505,0.06720977596741344,0.9348994624726259,0.6700823789431385,5023.0,0.9327902240325866,0.9414237668161435,0.08376623376623377,0.08109965635738832,None
