Accuracy,Selection rate,Count,tpr,tnr,fpr,fnr,generation
0.9264,0.501,10000.0,0.9368356500408831,0.9164056382145653,0.08359436178543461,0.06316434995911692,None
