difference_Accuracy,difference_Selection rate,difference_Count,difference_tpr,difference_tnr,difference_fpr,difference_fnr,ratio_Accuracy,ratio_Selection rate,ratio_Count,ratio_tpr,ratio_tnr,ratio_fpr,ratio_fnr,group_min_Accuracy,group_min_Selection rate,group_min_Count,group_min_tpr,group_min_tnr,group_min_fpr,group_min_fnr,group_max_Accuracy,group_max_Selection rate,group_max_Count,group_max_tpr,group_max_tnr,group_max_fpr,group_max_fnr,group_0_Accuracy,group_0_Selection rate,group_0_Count,group_0_tpr,group_0_tnr,group_0_fpr,group_0_fnr,group_1_Accuracy,group_1_Selection rate,group_1_Count,group_1_tpr,group_1_tnr,group_1_fpr,group_1_fnr,generation
0.019877540608759237,0.3806172538610917,46.0,0.012810860586282002,0.07740449012870543,0.07740449012870537,0.012810860586282086,0.9787699582228795,0.45012131423319207,0.9908421262193908,0.9863807832245434,0.917632203764026,0.437722100008461,0.8224780747329482,0.9164155113522202,0.31156679275333465,4977.0,0.9278350515463918,0.8623376623376623,0.06025784753363229,0.059354087867326155,0.9362930519609794,0.6921840466144263,5023.0,0.9406459121326738,0.9397421524663677,0.13766233766233765,0.07216494845360824,0.9164155113522202,0.6921840466144263,4977.0,0.9406459121326738,0.8623376623376623,0.13766233766233765,0.059354087867326155,0.9362930519609794,0.31156679275333465,5023.0,0.9278350515463918,0.9397421524663677,0.06025784753363229,0.07216494845360824,None
