Accuracy,Selection rate,Count,tpr,tnr,fpr,fnr,generation
0.9303930393039304,0.5099509950995099,9999.0,0.9466423209575979,0.9145956607495069,0.0854043392504931,0.05335767904240211,None
