difference_Accuracy,difference_Selection rate,difference_Count,difference_tpr,difference_tnr,difference_fpr,difference_fnr,ratio_Accuracy,ratio_Selection rate,ratio_Count,ratio_tpr,ratio_tnr,ratio_fpr,ratio_fnr,group_min_Accuracy,group_min_Selection rate,group_min_Count,group_min_tpr,group_min_tnr,group_min_fpr,group_min_fnr,group_max_Accuracy,group_max_Selection rate,group_max_Count,group_max_tpr,group_max_tnr,group_max_fpr,group_max_fnr,group_0_Accuracy,group_0_Selection rate,group_0_Count,group_0_tpr,group_0_tnr,group_0_fpr,group_0_fnr,group_1_Accuracy,group_1_Selection rate,group_1_Count,group_1_tpr,group_1_tnr,group_1_fpr,group_1_fnr,generation
0.018489324174162713,0.3922136834321717,35.0,0.018905903570828997,0.09179468048727413,0.09179468048727413,0.018905903570828962,0.9803222445095939,0.4450415873731669,0.9930237193541958,0.9801467918166029,0.9025729012248207,0.38642503042716775,0.7162185290541897,0.921116017663589,0.31453059597368943,4982.0,0.9333786539768865,0.8503937007874016,0.05781161872532431,0.04771544245228456,0.9396053418377517,0.7067442794058612,5017.0,0.9522845575477155,0.9421883812746757,0.14960629921259844,0.06662134602311352,0.921116017663589,0.7067442794058612,4982.0,0.9522845575477155,0.8503937007874016,0.14960629921259844,0.04771544245228456,0.9396053418377517,0.31453059597368943,5017.0,0.9333786539768865,0.9421883812746757,0.05781161872532431,0.06662134602311352,None
