generation,epoch,gen_loss
0,0,80600.42484454719
0,10,27246.065090880104
0,20,26355.979561941964
