Accuracy,Selection rate,Count,tpr,tnr,fpr,fnr,generation
0.9384938493849385,0.49684968496849685,9999.0,0.9415702982349361,0.9355029585798816,0.06449704142011835,0.05842970176506391,None
