difference_Accuracy,difference_Selection rate,difference_Count,difference_tpr,difference_tnr,difference_fpr,difference_fnr,ratio_Accuracy,ratio_Selection rate,ratio_Count,ratio_tpr,ratio_tnr,ratio_fpr,ratio_fnr,group_min_Accuracy,group_min_Selection rate,group_min_Count,group_min_tpr,group_min_tnr,group_min_fpr,group_min_fnr,group_max_Accuracy,group_max_Selection rate,group_max_Count,group_max_tpr,group_max_tnr,group_max_fpr,group_max_fnr,group_0_Accuracy,group_0_Selection rate,group_0_Count,group_0_tpr,group_0_tnr,group_0_fpr,group_0_fnr,group_1_Accuracy,group_1_Selection rate,group_1_Count,group_1_tpr,group_1_tnr,group_1_fpr,group_1_fnr,generation
0.009831646668688965,0.3695194268031447,35.0,0.00683132031301914,0.035375336966128046,0.03537533696612796,0.006831320313019126,0.989578412986095,0.45838605933119536,0.9930237193541958,0.9927604334531351,0.962610746682,0.603588135761919,0.891947610962891,0.9335608189482135,0.3127366952361969,4982.0,0.9367777022433719,0.910761154855643,0.05386350817822899,0.05639097744360902,0.9433924656169025,0.6822561220393416,5017.0,0.943609022556391,0.9461364918217711,0.08923884514435695,0.06322229775662815,0.9335608189482135,0.6822561220393416,4982.0,0.943609022556391,0.910761154855643,0.08923884514435695,0.05639097744360902,0.9433924656169025,0.3127366952361969,5017.0,0.9367777022433719,0.9461364918217711,0.05386350817822899,0.06322229775662815,None
