difference_Accuracy,difference_Selection rate,difference_Count,difference_tpr,difference_tnr,difference_fpr,difference_fnr,ratio_Accuracy,ratio_Selection rate,ratio_Count,ratio_tpr,ratio_tnr,ratio_fpr,ratio_fnr,group_min_Accuracy,group_min_Selection rate,group_min_Count,group_min_tpr,group_min_tnr,group_min_fpr,group_min_fnr,group_max_Accuracy,group_max_Selection rate,group_max_Count,group_max_tpr,group_max_tnr,group_max_fpr,group_max_fnr,group_0_Accuracy,group_0_Selection rate,group_0_Count,group_0_tpr,group_0_tnr,group_0_fpr,group_0_fnr,group_1_Accuracy,group_1_Selection rate,group_1_Count,group_1_tpr,group_1_tnr,group_1_fpr,group_1_fnr,generation
0.008448778776158905,0.3599018155224164,46.0,0.010874983877692479,0.025825519771708105,0.025825519771708112,0.010874983877692437,0.9909513399162801,0.4622541771674973,0.9908421262193908,0.9883122828056194,0.9725103059231938,0.7009676658012745,0.8647598158799786,0.9252561784207354,0.30937686641449336,4977.0,0.9195876288659793,0.9136363636363637,0.06053811659192825,0.06953738725632819,0.9337049571968943,0.6692786819369098,5023.0,0.9304626127436718,0.9394618834080718,0.08636363636363636,0.08041237113402062,0.9252561784207354,0.6692786819369098,4977.0,0.9304626127436718,0.9136363636363637,0.08636363636363636,0.06953738725632819,0.9337049571968943,0.30937686641449336,5023.0,0.9195876288659793,0.9394618834080718,0.06053811659192825,0.08041237113402062,None
