Accuracy,Selection rate,Count,tpr,tnr,fpr,fnr,generation
0.9295,0.4885,10000.0,0.9272281275551921,0.9316758026624902,0.06832419733750979,0.07277187244480784,None
