generation,epoch,gen_loss
0,0,75804.89314612564
0,10,27164.42035534917
0,20,26256.480087591677
