Accuracy,Selection rate,Count,tpr,tnr,fpr,fnr,generation
0.937993799379938,0.48734873487348734,9999.0,0.9314262527896126,0.9443786982248521,0.05562130177514793,0.0685737472103875,None
0.937993799379938,0.48734873487348734,9999.0,0.9314262527896126,0.9443786982248521,0.05562130177514793,0.0685737472103875,None
0.937993799379938,0.48734873487348734,9999.0,0.9314262527896126,0.9443786982248521,0.05562130177514793,0.0685737472103875,None
0.937993799379938,0.48734873487348734,9999.0,0.9314262527896126,0.9443786982248521,0.05562130177514793,0.0685737472103875,None
0.937993799379938,0.48734873487348734,9999.0,0.9314262527896126,0.9443786982248521,0.05562130177514793,0.0685737472103875,None
0.937993799379938,0.48734873487348734,9999.0,0.9314262527896126,0.9443786982248521,0.05562130177514793,0.0685737472103875,None
0.937993799379938,0.48734873487348734,9999.0,0.9314262527896126,0.9443786982248521,0.05562130177514793,0.0685737472103875,None
0.9351935193519352,0.48374837483748373,9999.0,0.9249340637046054,0.9451676528599605,0.05483234714003945,0.0750659362953946,None
