Accuracy,Selection rate,Count,tpr,tnr,fpr,fnr,generation
0.9276,0.4806,10000.0,0.9172117743254292,0.937548942834769,0.06245105716523101,0.08278822567457073,None
0.9276,0.4806,10000.0,0.9172117743254292,0.937548942834769,0.06245105716523101,0.08278822567457073,None
0.9276,0.4806,10000.0,0.9172117743254292,0.937548942834769,0.06245105716523101,0.08278822567457073,None
0.9276,0.4806,10000.0,0.9172117743254292,0.937548942834769,0.06245105716523101,0.08278822567457073,None
0.9276,0.4806,10000.0,0.9172117743254292,0.937548942834769,0.06245105716523101,0.08278822567457073,None
0.9276,0.4806,10000.0,0.9172117743254292,0.937548942834769,0.06245105716523101,0.08278822567457073,None
0.9276,0.4806,10000.0,0.9172117743254292,0.937548942834769,0.06245105716523101,0.08278822567457073,None
0.9268,0.4756,10000.0,0.911283728536386,0.9416601409553641,0.058339859044635865,0.08871627146361406,None
