difference_Accuracy,difference_Selection rate,difference_Count,difference_tpr,difference_tnr,difference_fpr,difference_fnr,ratio_Accuracy,ratio_Selection rate,ratio_Count,ratio_tpr,ratio_tnr,ratio_fpr,ratio_fnr,group_min_Accuracy,group_min_Selection rate,group_min_Count,group_min_tpr,group_min_tnr,group_min_fpr,group_min_fnr,group_max_Accuracy,group_max_Selection rate,group_max_Count,group_max_tpr,group_max_tnr,group_max_fpr,group_max_fnr,group_0_Accuracy,group_0_Selection rate,group_0_Count,group_0_tpr,group_0_tnr,group_0_fpr,group_0_fnr,group_1_Accuracy,group_1_Selection rate,group_1_Count,group_1_tpr,group_1_tnr,group_1_fpr,group_1_fnr,generation
0.009257995899193183,0.36592034287445524,46.0,0.016242687471192396,0.03649539921961442,0.03649539921961447,0.016242687471192313,0.9900783201617992,0.4573344617144923,0.9908421262193908,0.9825924175745281,0.9611644543943978,0.6227992295422398,0.8046850390860759,0.9238497086598353,0.3083814453513836,4977.0,0.9168384879725086,0.9032467532467533,0.06025784753363229,0.06691882455629909,0.9331077045590285,0.6743017882258389,5023.0,0.933081175443701,0.9397421524663677,0.09675324675324676,0.0831615120274914,0.9238497086598353,0.6743017882258389,4977.0,0.933081175443701,0.9032467532467533,0.09675324675324676,0.06691882455629909,0.9331077045590285,0.3083814453513836,5023.0,0.9168384879725086,0.9397421524663677,0.06025784753363229,0.0831615120274914,None
