Accuracy,Selection rate,Count,tpr,tnr,fpr,fnr,generation
0.9285,0.4905,10000.0,0.928250204415372,0.9287392325763508,0.07126076742364917,0.07174979558462796,None
