difference_Accuracy,difference_Selection rate,difference_Count,difference_tpr,difference_tnr,difference_fpr,difference_fnr,ratio_Accuracy,ratio_Selection rate,ratio_Count,ratio_tpr,ratio_tnr,ratio_fpr,ratio_fnr,group_min_Accuracy,group_min_Selection rate,group_min_Count,group_min_tpr,group_min_tnr,group_min_fpr,group_min_fnr,group_max_Accuracy,group_max_Selection rate,group_max_Count,group_max_tpr,group_max_tnr,group_max_fpr,group_max_fnr,group_0_Accuracy,group_0_Selection rate,group_0_Count,group_0_tpr,group_0_tnr,group_0_fpr,group_0_fnr,group_1_Accuracy,group_1_Selection rate,group_1_Count,group_1_tpr,group_1_tnr,group_1_fpr,group_1_fnr,generation
0.009849850532276938,0.3771426847634142,35.0,0.015450827036214698,0.04971332898108549,0.049713328981085485,0.015450827036214705,0.989530360143976,0.4528465767351982,0.9930237193541958,0.9836808308212491,0.9473780702785286,0.5264805414551608,0.7749686478190908,0.9309514251304697,0.31213872832369943,4982.0,0.9313392250169953,0.89501312335958,0.05527354765933446,0.05320994794679005,0.9408012756627466,0.6892814130871137,5017.0,0.94679005205321,0.9447264523406655,0.10498687664041995,0.06866077498300475,0.9309514251304697,0.6892814130871137,4982.0,0.94679005205321,0.89501312335958,0.10498687664041995,0.05320994794679005,0.9408012756627466,0.31213872832369943,5017.0,0.9313392250169953,0.9447264523406655,0.05527354765933446,0.06866077498300475,None
