Accuracy,Selection rate,Count,tpr,tnr,fpr,fnr,generation
0.9358935893589359,0.5000500050005,9999.0,0.9421789409616556,0.9297830374753452,0.07021696252465483,0.05782105903834449,None
