difference_Accuracy,difference_Selection rate,difference_Count,difference_tpr,difference_tnr,difference_fpr,difference_fnr,ratio_Accuracy,ratio_Selection rate,ratio_Count,ratio_tpr,ratio_tnr,ratio_fpr,ratio_fnr,group_min_Accuracy,group_min_Selection rate,group_min_Count,group_min_tpr,group_min_tnr,group_min_fpr,group_min_fnr,group_max_Accuracy,group_max_Selection rate,group_max_Count,group_max_tpr,group_max_tnr,group_max_fpr,group_max_fnr,generation
0.020471113168754718,0.3724143202870173,46.0,0.0016539237947262864,0.06765039892842584,0.06765039892842582,0.0016539237947262725,0.9781592180444658,0.4585141478035393,0.9908421262193908,0.9982362593600762,0.9278611406525333,0.4790919282511211,0.9741240954696051,0.9168173598553345,0.3153493927931515,4977.0,0.9360824742268041,0.8701298701298701,0.062219730941704035,0.0622636019784696,0.9372884730240892,0.6877637130801688,5023.0,0.9377363980215304,0.9377802690582959,0.12987012987012986,0.06391752577319587,None
