Accuracy,Selection rate,Count,tpr,tnr,fpr,fnr,generation
0.9271,0.5007,10000.0,0.937244480784955,0.9173844949099452,0.08261550509005482,0.06275551921504498,None
