difference_Accuracy,difference_Selection rate,difference_Count,difference_tpr,difference_tnr,difference_fpr,difference_fnr,ratio_Accuracy,ratio_Selection rate,ratio_Count,ratio_tpr,ratio_tnr,ratio_fpr,ratio_fnr,group_min_Accuracy,group_min_Selection rate,group_min_Count,group_min_tpr,group_min_tnr,group_min_fpr,group_min_fnr,group_max_Accuracy,group_max_Selection rate,group_max_Count,group_max_tpr,group_max_tnr,group_max_fpr,group_max_fnr,generation
0.011647952161366715,0.3814082700912442,35.0,0.008982805809168104,0.06516824990784775,0.06516824990784781,0.008982805809168111,0.9876348336873515,0.45569292420665186,0.9930237193541958,0.9905899598642522,0.9307086614173229,0.4772820375812628,0.8348286581839214,0.930349257326375,0.31931433127366954,4982.0,0.9456152277362339,0.8753280839895013,0.05950366610265088,0.045401966454598035,0.9419972094877417,0.7007226013649137,5017.0,0.954598033545402,0.9404963338973491,0.12467191601049869,0.054384772263766146,None
