Accuracy,Selection rate,Count,tpr,tnr,fpr,fnr,generation
0.9361936193619362,0.5093509350935094,9999.0,0.9519172245891662,0.9209072978303747,0.07909270216962525,0.04808277541083384,None
