Accuracy,Selection rate,Count,tpr,tnr,fpr,fnr,generation
0.8205590622182146,0.5184851217312895,19962.0,0.8418872499494847,0.7995826709062003,0.2004173290937997,0.15811275005051525,None
0.822663059813646,0.5174832181144174,19962.0,0.842998585572843,0.8026629570747218,0.19733704292527823,0.157001414427157,None
0.822663059813646,0.5174832181144174,19962.0,0.842998585572843,0.8026629570747218,0.19733704292527823,0.157001414427157,None
