Accuracy,Selection rate,Count,tpr,tnr,fpr,fnr,generation
0.9804197916142346,0.4326269693461519,19867.0,0.9851028611965004,0.976948023490227,0.023051976509772986,0.014897138803499646,None
0.9795137665475412,0.4320229526350229,19867.0,0.9833293922913219,0.9766850731878342,0.023314926812165834,0.016670607708678176,None
0.9795137665475412,0.4320229526350229,19867.0,0.9833293922913219,0.9766850731878342,0.023314926812165834,0.016670607708678176,None
