Accuracy,Selection rate,Count,tpr,tnr,fpr,fnr,generation
0.8108924346906932,0.5290683042230835,19867.0,0.8268486256291134,0.7936025170424751,0.2063974829575249,0.17315137437088657,None
0.8110937735944028,0.528766295867519,19867.0,0.8267518389469609,0.7941269008914525,0.20587309910854745,0.1732481610530391,None
0.8110937735944028,0.528766295867519,19867.0,0.8267518389469609,0.7941269008914525,0.20587309910854745,0.1732481610530391,None
