Accuracy,Selection rate,Count,tpr,tnr,fpr,fnr,generation
0.9745516481314498,0.39339745516481317,19962.0,0.9760207388204796,0.9736261941700008,0.026373805829999184,0.023979261179520414,None
0.9746017433122933,0.39194469492034867,19962.0,0.9742060920285158,0.974850983914428,0.025149016085571976,0.02579390797148412,None
0.9746017433122933,0.39194469492034867,19962.0,0.9742060920285158,0.974850983914428,0.025149016085571976,0.02579390797148412,None
