difference_Accuracy,difference_Selection rate,difference_Count,difference_tpr,difference_tnr,difference_fpr,difference_fnr,ratio_Accuracy,ratio_Selection rate,ratio_Count,ratio_tpr,ratio_tnr,ratio_fpr,ratio_fnr,group_min_Accuracy,group_min_Selection rate,group_min_Count,group_min_tpr,group_min_tnr,group_min_fpr,group_min_fnr,group_max_Accuracy,group_max_Selection rate,group_max_Count,group_max_tpr,group_max_tnr,group_max_fpr,group_max_fnr,group_0_Accuracy,group_0_Selection rate,group_0_Count,group_0_tpr,group_0_tnr,group_0_fpr,group_0_fnr,group_1_Accuracy,group_1_Selection rate,group_1_Count,group_1_tpr,group_1_tnr,group_1_fpr,group_1_fnr,generation
0.002394544650478725,0.9496469329904804,4532.0,0.9760207388204796,0.9736261941700008,0.026373805829999184,0.023979261179520414,0.9975466252352665,0.02702176785902307,0.6299501918837266,0.0,0.0,0.0,0.0,0.9736261941700008,0.026373805829999184,7715.0,0.0,0.0,0.0,0.0,0.9760207388204796,0.9760207388204796,12247.0,0.9760207388204796,0.9736261941700008,0.026373805829999184,0.023979261179520414,0.9736261941700008,0.026373805829999184,12247.0,0.0,0.9736261941700008,0.026373805829999184,0.0,0.9760207388204796,0.9760207388204796,7715.0,0.9760207388204796,0.0,0.0,0.023979261179520414,None
0.0006448918859122132,0.9490570759429439,4532.0,0.9742060920285158,0.974850983914428,0.025149016085571976,0.02579390797148412,0.9993384713186392,0.02581488279672536,0.6299501918837266,0.0,0.0,0.0,0.0,0.9742060920285158,0.025149016085571976,7715.0,0.0,0.0,0.0,0.0,0.974850983914428,0.9742060920285158,12247.0,0.9742060920285158,0.974850983914428,0.025149016085571976,0.02579390797148412,0.974850983914428,0.025149016085571976,12247.0,0.0,0.974850983914428,0.025149016085571976,0.0,0.9742060920285158,0.9742060920285158,7715.0,0.9742060920285158,0.0,0.0,0.02579390797148412,None
0.0006448918859122132,0.9490570759429439,4532.0,0.9742060920285158,0.974850983914428,0.025149016085571976,0.02579390797148412,0.9993384713186392,0.02581488279672536,0.6299501918837266,0.0,0.0,0.0,0.0,0.9742060920285158,0.025149016085571976,7715.0,0.0,0.0,0.0,0.0,0.974850983914428,0.9742060920285158,12247.0,0.9742060920285158,0.974850983914428,0.025149016085571976,0.02579390797148412,0.974850983914428,0.025149016085571976,12247.0,0.0,0.974850983914428,0.025149016085571976,0.0,0.9742060920285158,0.9742060920285158,7715.0,0.9742060920285158,0.0,0.0,0.02579390797148412,None
