difference_Accuracy,difference_Selection rate,difference_Count,difference_tpr,difference_tnr,difference_fpr,difference_fnr,ratio_Accuracy,ratio_Selection rate,ratio_Count,ratio_tpr,ratio_tnr,ratio_fpr,ratio_fnr,group_min_Accuracy,group_min_Selection rate,group_min_Count,group_min_tpr,group_min_tnr,group_min_fpr,group_min_fnr,group_max_Accuracy,group_max_Selection rate,group_max_Count,group_max_tpr,group_max_tnr,group_max_fpr,group_max_fnr,group_0_Accuracy,group_0_Selection rate,group_0_Count,group_0_tpr,group_0_tnr,group_0_fpr,group_0_fnr,group_1_Accuracy,group_1_Selection rate,group_1_Count,group_1_tpr,group_1_tnr,group_1_fpr,group_1_fnr,generation
0.008154837706273343,0.9620508846867274,2951.0,0.9851028611965004,0.976948023490227,0.023051976509772986,0.014897138803499646,0.9917218414162674,0.023400578170866528,0.7413445525462354,0.0,0.0,0.0,0.0,0.976948023490227,0.023051976509772986,8458.0,0.0,0.0,0.0,0.0,0.9851028611965004,0.9851028611965004,11409.0,0.9851028611965004,0.976948023490227,0.023051976509772986,0.014897138803499646,0.976948023490227,0.023051976509772986,11409.0,0.0,0.976948023490227,0.023051976509772986,0.0,0.9851028611965004,0.9851028611965004,8458.0,0.9851028611965004,0.0,0.0,0.014897138803499646,None
0.006644319103487728,0.960014465479156,2951.0,0.9833293922913219,0.9766850731878342,0.023314926812165834,0.016670607708678176,0.9932430382376699,0.023710190089851944,0.7413445525462354,0.0,0.0,0.0,0.0,0.9766850731878342,0.023314926812165834,8458.0,0.0,0.0,0.0,0.0,0.9833293922913219,0.9833293922913219,11409.0,0.9833293922913219,0.9766850731878342,0.023314926812165834,0.016670607708678176,0.9766850731878342,0.023314926812165834,11409.0,0.0,0.9766850731878342,0.023314926812165834,0.0,0.9833293922913219,0.9833293922913219,8458.0,0.9833293922913219,0.0,0.0,0.016670607708678176,None
0.006644319103487728,0.960014465479156,2951.0,0.9833293922913219,0.9766850731878342,0.023314926812165834,0.016670607708678176,0.9932430382376699,0.023710190089851944,0.7413445525462354,0.0,0.0,0.0,0.0,0.9766850731878342,0.023314926812165834,8458.0,0.0,0.0,0.0,0.0,0.9833293922913219,0.9833293922913219,11409.0,0.9833293922913219,0.9766850731878342,0.023314926812165834,0.016670607708678176,0.9766850731878342,0.023314926812165834,11409.0,0.0,0.9766850731878342,0.023314926812165834,0.0,0.9833293922913219,0.9833293922913219,8458.0,0.9833293922913219,0.0,0.0,0.016670607708678176,None
