difference_Accuracy,difference_Selection rate,difference_Count,difference_tpr,difference_tnr,difference_fpr,difference_fnr,ratio_Accuracy,ratio_Selection rate,ratio_Count,ratio_tpr,ratio_tnr,ratio_fpr,ratio_fnr,group_min_Accuracy,group_min_Selection rate,group_min_Count,group_min_tpr,group_min_tnr,group_min_fpr,group_min_fnr,group_max_Accuracy,group_max_Selection rate,group_max_Count,group_max_tpr,group_max_tnr,group_max_fpr,group_max_fnr,generation
0.016681420464679353,0.3844289111921114,35.0,0.00831813361778655,0.08165905023293407,0.08165905023293407,0.008318133617786556,0.9822501195182829,0.45481786633672106,0.9930237193541958,0.9912677273678488,0.9129395694149176,0.43174249974889706,0.8507807981492193,0.9231232436772381,0.3207095874028304,4982.0,0.9442556084296397,0.8562992125984252,0.06204173716864072,0.04742625795257374,0.9398046641419174,0.7051384985949418,5017.0,0.9525737420474263,0.9379582628313593,0.1437007874015748,0.0557443915703603,None
