difference_Accuracy,difference_Selection rate,difference_Count,difference_tpr,difference_tnr,difference_fpr,difference_fnr,ratio_Accuracy,ratio_Selection rate,ratio_Count,ratio_tpr,ratio_tnr,ratio_fpr,ratio_fnr,group_min_Accuracy,group_min_Selection rate,group_min_Count,group_min_tpr,group_min_tnr,group_min_fpr,group_min_fnr,group_max_Accuracy,group_max_Selection rate,group_max_Count,group_max_tpr,group_max_tnr,group_max_fpr,group_max_fnr,generation
0.020087665054992487,0.38002736137896675,46.0,0.01183262395180007,0.07896962902568283,0.07896962902568283,0.011832623951800042,0.9785227029435446,0.4516102703441236,0.9908421262193908,0.987416853798782,0.9158160632316593,0.4395703746564444,0.8344570399051052,0.9152099658428773,0.3129603822416882,4977.0,0.9285223367697595,0.8590909090909091,0.06193946188340807,0.059645039278440504,0.9352976308978698,0.692987743620655,5023.0,0.9403549607215596,0.938060538116592,0.1409090909090909,0.07147766323024055,None
