Accuracy,Selection rate,Count,tpr,tnr,fpr,fnr,generation
0.9253,0.5021,10000.0,0.9368356500408831,0.9142521534847299,0.08574784651527016,0.06316434995911692,None
