Accuracy,Selection rate,Count,tpr,tnr,fpr,fnr,generation
0.9314931493149315,0.5122512251225122,9999.0,0.9500912964090079,0.9134122287968441,0.08658777120315582,0.04990870359099209,None
