difference_Accuracy,difference_Selection rate,difference_Count,difference_tpr,difference_tnr,difference_fpr,difference_fnr,ratio_Accuracy,ratio_Selection rate,ratio_Count,ratio_tpr,ratio_tnr,ratio_fpr,ratio_fnr,group_min_Accuracy,group_min_Selection rate,group_min_Count,group_min_tpr,group_min_tnr,group_min_fpr,group_min_fnr,group_max_Accuracy,group_max_Selection rate,group_max_Count,group_max_tpr,group_max_tnr,group_max_fpr,group_max_fnr,generation
0.018061862189003963,0.3712106148166095,46.0,0.002526778028069332,0.06217532467532472,0.062175324675324675,0.002526778028069304,0.9807255717494441,0.45947477181326346,0.9908421262193908,0.9973079553371127,0.9336796536796537,0.5013020833333334,0.9604681502060125,0.9190275266224633,0.31554847700577343,4977.0,0.9360824742268041,0.8753246753246753,0.0625,0.06139074774512657,0.9370893888114673,0.6867590918223829,5023.0,0.9386092522548735,0.9375,0.12467532467532468,0.06391752577319587,None
