difference_Accuracy,difference_Selection rate,difference_Count,difference_tpr,difference_tnr,difference_fpr,difference_fnr,ratio_Accuracy,ratio_Selection rate,ratio_Count,ratio_tpr,ratio_tnr,ratio_fpr,ratio_fnr,group_min_Accuracy,group_min_Selection rate,group_min_Count,group_min_tpr,group_min_tnr,group_min_fpr,group_min_fnr,group_max_Accuracy,group_max_Selection rate,group_max_Count,group_max_tpr,group_max_tnr,group_max_fpr,group_max_fnr,generation
0.012640362790598658,0.38040185649002145,35.0,0.006365007849855275,0.06329744949394023,0.06329744949394017,0.006365007849855248,0.9866039923699972,0.4560384474646134,0.9930237193541958,0.9933282215384057,0.932798576076194,0.4785658755201902,0.8784035513358822,0.9309514251304697,0.31891568666533787,4982.0,0.947654656696125,0.8786089238845144,0.0580936266215454,0.045980335454019666,0.9435917879210683,0.6993175431553593,5017.0,0.9540196645459803,0.9419063733784546,0.12139107611548557,0.052345343303874914,None
