Accuracy,Selection rate,Count,tpr,tnr,fpr,fnr,generation
0.9372937293729373,0.5084508450845084,9999.0,0.9521201054980726,0.9228796844181459,0.07712031558185405,0.04787989450192737,None
