Accuracy,Selection rate,Count,tpr,tnr,fpr,fnr,generation
0.9281,0.5003,10000.0,0.937857726901063,0.9187548942834769,0.0812451057165231,0.06214227309893704,None
