difference_Accuracy,difference_Selection rate,difference_Count,difference_tpr,difference_tnr,difference_fpr,difference_fnr,ratio_Accuracy,ratio_Selection rate,ratio_Count,ratio_tpr,ratio_tnr,ratio_fpr,ratio_fnr,group_min_Accuracy,group_min_Selection rate,group_min_Count,group_min_tpr,group_min_tnr,group_min_fpr,group_min_fnr,group_max_Accuracy,group_max_Selection rate,group_max_Count,group_max_tpr,group_max_tnr,group_max_fpr,group_max_fnr,group_0_Accuracy,group_0_Selection rate,group_0_Count,group_0_tpr,group_0_tnr,group_0_fpr,group_0_fnr,group_1_Accuracy,group_1_Selection rate,group_1_Count,group_1_tpr,group_1_tnr,group_1_fpr,group_1_fnr,generation
0.01287239468911694,0.9490200226796452,4532.0,0.9809462086843811,0.9680738139952642,0.03192618600473585,0.019053791315618924,0.9868775733315887,0.0325463167318363,0.6299501918837266,0.0,0.0,0.0,0.0,0.9680738139952642,0.03192618600473585,7715.0,0.0,0.0,0.0,0.0,0.9809462086843811,0.9809462086843811,12247.0,0.9809462086843811,0.9680738139952642,0.03192618600473585,0.019053791315618924,0.9680738139952642,0.03192618600473585,12247.0,0.0,0.9680738139952642,0.03192618600473585,0.0,0.9809462086843811,0.9809462086843811,7715.0,0.9809462086843811,0.0,0.0,0.019053791315618924,None
