Accuracy,Selection rate,Count,tpr,tnr,fpr,fnr,generation
0.9794634318216138,0.4363014043388534,19867.0,0.9882951052258218,0.9729161188535367,0.027083881146463318,0.011704894774178293,None
