Accuracy,Selection rate,Count,tpr,tnr,fpr,fnr,generation
0.9730487927061416,0.39870754433423505,19962.0,0.9809462086843811,0.9680738139952642,0.03192618600473585,0.019053791315618924,None
