Accuracy,Selection rate,Count,tpr,tnr,fpr,fnr,generation
0.8073186691498465,0.5562993909498163,19867.0,0.8495934959349594,0.7615102254850551,0.23848977451494494,0.15040650406504066,None
