Accuracy,Selection rate,Count,tpr,tnr,fpr,fnr,generation
0.8160004007614468,0.5429816651638112,19962.0,0.8619923216811477,0.7707670906200318,0.2292329093799682,0.1380076783188523,None
