difference_Accuracy,difference_Selection rate,difference_Count,difference_tpr,difference_tnr,difference_fpr,difference_fnr,ratio_Accuracy,ratio_Selection rate,ratio_Count,ratio_tpr,ratio_tnr,ratio_fpr,ratio_fnr,group_min_Accuracy,group_min_Selection rate,group_min_Count,group_min_tpr,group_min_tnr,group_min_fpr,group_min_fnr,group_max_Accuracy,group_max_Selection rate,group_max_Count,group_max_tpr,group_max_tnr,group_max_fpr,group_max_fnr,group_0_Accuracy,group_0_Selection rate,group_0_Count,group_0_tpr,group_0_tnr,group_0_fpr,group_0_fnr,group_1_Accuracy,group_1_Selection rate,group_1_Count,group_1_tpr,group_1_tnr,group_1_fpr,group_1_fnr,generation
0.022089767007365868,0.4563656760201726,4532.0,0.21753774005691628,0.2501913188222582,0.2501913188222581,0.21753774005691637,0.9733714761778395,0.3655947293735467,0.6299501918837266,0.7593763761963952,0.7146362877530633,0.33004673860597594,0.30605460921843686,0.8074630521760431,0.2629941672067401,7715.0,0.6865203761755486,0.6265540699038236,0.12325461127391829,0.09594188376753507,0.829552819183409,0.7193598432269127,12247.0,0.9040581162324649,0.8767453887260818,0.3734459300961764,0.31347962382445144,0.8074630521760431,0.7193598432269127,12247.0,0.9040581162324649,0.6265540699038236,0.3734459300961764,0.09594188376753507,0.829552819183409,0.2629941672067401,7715.0,0.6865203761755486,0.8767453887260818,0.12325461127391829,0.31347962382445144,None
