difference_Accuracy,difference_Selection rate,difference_Count,difference_tpr,difference_tnr,difference_fpr,difference_fnr,ratio_Accuracy,ratio_Selection rate,ratio_Count,ratio_tpr,ratio_tnr,ratio_fpr,ratio_fnr,group_min_Accuracy,group_min_Selection rate,group_min_Count,group_min_tpr,group_min_tnr,group_min_fpr,group_min_fnr,group_max_Accuracy,group_max_Selection rate,group_max_Count,group_max_tpr,group_max_tnr,group_max_fpr,group_max_fnr,group_0_Accuracy,group_0_Selection rate,group_0_Count,group_0_tpr,group_0_tnr,group_0_fpr,group_0_fnr,group_1_Accuracy,group_1_Selection rate,group_1_Count,group_1_tpr,group_1_tnr,group_1_fpr,group_1_fnr,generation
0.00014384855156912568,0.45977018927012303,2951.0,0.2563789970804423,0.2906549720590289,0.29065497205902896,0.2563789970804423,0.999821837597134,0.3886342553166861,0.7413445525462354,0.7199193462416615,0.667880082104136,0.30047660694896067,0.24816291895989756,0.8072574283460426,0.2922676755734216,8458.0,0.6589966050546964,0.5844957081545065,0.12484931978646462,0.08462439786486134,0.8074012768976118,0.7520378648435446,11409.0,0.9153756021351387,0.8751506802135354,0.4155042918454936,0.3410033949453037,0.8072574283460426,0.7520378648435446,11409.0,0.9153756021351387,0.5844957081545065,0.4155042918454936,0.08462439786486134,0.8074012768976118,0.2922676755734216,8458.0,0.6589966050546964,0.8751506802135354,0.12484931978646462,0.3410033949453037,None
