Accuracy,Selection rate,Count,tpr,tnr,fpr,fnr,generation
0.5285146222378819,0.9894297075552424,19867.0,0.9979674796747967,0.019821709491347667,0.9801782905086524,0.0020325203252032522,0
0.5209644133487693,0.9990939749333065,19867.0,1.0,0.0018877818563188254,0.9981122181436812,0.0,1
0.5219711078673177,0.9976846026073388,19867.0,0.9996128532713898,0.0044048243314105924,0.9955951756685895,0.00038714672861014324,2
0.5224241204006644,0.9969295817184275,19867.0,0.9993224932249323,0.005663345568956476,0.9943366544310436,0.0006775067750677507,3
0.5203100619117129,0.9997483263703629,19867.0,1.0,0.0005243838489774515,0.9994756161510225,0.0,4
0.524789852519253,0.9919464438516132,19867.0,0.9968060394889663,0.013319349764027268,0.9866806502359727,0.003193960511033682,5
0.5271052499119142,0.9848995822217748,19867.0,0.9922570654277971,0.023072889355007866,0.9769271106449922,0.007742934572202865,6
0.5205114008154226,0.9995469874666533,19867.0,1.0,0.0009438909281594127,0.9990561090718406,0.0,7
0.5355614838677203,0.973825942517743,19867.0,0.9897406116918313,0.04341898269533298,0.956581017304667,0.010259388308168796,8
