Accuracy,Selection rate,Count,tpr,tnr,fpr,fnr,generation
0.5042580903717062,0.9897805831079051,19962.0,0.998181450798141,0.018481717011128777,0.9815182829888712,0.0018185492018589614,0
0.4962428614367298,0.9995992385532512,19962.0,1.0,0.000794912559618442,0.9992050874403816,0.0,1
0.49744514577697624,0.9980963831279431,19962.0,0.9996969084663568,0.0034777424483306836,0.9965222575516693,0.0003030915336431602,2
0.4975453361386635,0.9981965734896303,19962.0,0.9998989694887856,0.0034777424483306836,0.9965222575516693,0.00010103051121438674,3
0.4959923855325118,0.9998497144574692,19962.0,1.0,0.0002980922098569157,0.9997019077901431,0.0,4
0.5004007614467488,0.9920348662458671,19962.0,0.9965649626187109,0.012420508744038156,0.9875794912559619,0.0034350373812891493,5
0.5025548542230237,0.9840697324917344,19962.0,0.9907051929682764,0.022456279809220984,0.9775437201907791,0.00929480703172358,6
0.49639314697926057,0.9994489530107203,19962.0,1.0,0.0010930047694753576,0.9989069952305246,0.0,7
0.5078649433924457,0.9743512674080753,19962.0,0.9862598504748434,0.037360890302066775,0.9626391096979332,0.013740149525156597,8
