Accuracy,Selection rate,Count,tpr,tnr,fpr,fnr,generation
0.9370937093709371,0.49124912491249123,9999.0,0.9344694664232096,0.9396449704142011,0.06035502958579882,0.06553053357679042,None
