Accuracy,Selection rate,Count,tpr,tnr,fpr,fnr,generation
0.9302,0.484,10000.0,0.9233442354865086,0.9367658574784652,0.06323414252153485,0.07665576451349142,None
