difference_Accuracy,difference_Selection rate,difference_Count,difference_tpr,difference_tnr,difference_fpr,difference_fnr,ratio_Accuracy,ratio_Selection rate,ratio_Count,ratio_tpr,ratio_tnr,ratio_fpr,ratio_fnr,group_min_Accuracy,group_min_Selection rate,group_min_Count,group_min_tpr,group_min_tnr,group_min_fpr,group_min_fnr,group_max_Accuracy,group_max_Selection rate,group_max_Count,group_max_tpr,group_max_tnr,group_max_fpr,group_max_fnr,generation
0.004240820071652052,0.3738807124424088,35.0,0.025779687413377328,0.030039392284086364,0.030039392284086315,0.02577968741337735,0.9954846786291429,0.44923899781547,0.9930237193541958,0.9726377657840827,0.9683354087278924,0.6308061787020359,0.6916917058123734,0.9349658771577679,0.3049631253737293,4982.0,0.9163834126444595,0.9186351706036745,0.05132543711223914,0.0578368999421631,0.93920669722942,0.6788438378161381,5017.0,0.9421631000578369,0.9486745628877609,0.08136482939632546,0.08361658735554045,None
