difference_Accuracy,difference_Selection rate,difference_Count,difference_tpr,difference_tnr,difference_fpr,difference_fnr,ratio_Accuracy,ratio_Selection rate,ratio_Count,ratio_tpr,ratio_tnr,ratio_fpr,ratio_fnr,group_min_Accuracy,group_min_Selection rate,group_min_Count,group_min_tpr,group_min_tnr,group_min_fpr,group_min_fnr,group_max_Accuracy,group_max_Selection rate,group_max_Count,group_max_tpr,group_max_tnr,group_max_fpr,group_max_fnr,generation
0.01064238519287064,0.36246046966353807,46.0,0.015129273411340294,0.026605177333876906,0.026605177333876885,0.015129273411340308,0.9886238134020453,0.45581726771781933,0.9908421262193908,0.9836941634635382,0.9718400258892694,0.6748256103637269,0.8266685605236209,0.9248543299176211,0.3036034242484571,4977.0,0.9127147766323024,0.9181818181818182,0.05521300448430493,0.07215594995635728,0.9354967151104917,0.6660638939119952,5023.0,0.9278440500436427,0.9447869955156951,0.08181818181818182,0.08728522336769759,None
