Accuracy,Selection rate,Count,tpr,tnr,fpr,fnr,generation
0.6195835894283959,0.36070989551321453,26032.0,0.48398976343549094,0.8365797622615123,0.16342023773848766,0.5160102365645091,None
0.6268438844499078,0.34837891825445605,26032.0,0.4798701704013482,0.8620517430826091,0.13794825691739088,0.5201298295986517,None
0.8770743700061463,0.6190842040565457,26032.0,0.9012675531253883,0.8378949486818273,0.16210505131817268,0.09873244687461166,None
0.7566840811309158,0.792178856791641,26032.0,0.9438921337144277,0.45351177299255385,0.5464882270074461,0.05610786628557226,None
0.8730792870313461,0.6412108174554395,26032.0,0.9159314030073319,0.8036828335681223,0.19631716643187763,0.08406859699266807,None
