Accuracy,Selection rate,Count,tpr,tnr,fpr,fnr,generation
0.7594362159579551,0.4384137601528906,20930.0,0.663353057199211,0.9069654754694125,0.09303452453058753,0.33664694280078894,None
0.7636884854276159,0.43387482083134254,20930.0,0.6631163708086785,0.9181102362204724,0.08188976377952756,0.3368836291913215,None
0.8945054945054945,0.6164835164835165,20930.0,0.9216938727229713,0.8527094193235544,0.14729058067644563,0.07830612727702863,None
0.7827520305781175,0.7726708074534161,20930.0,0.9583629051336645,0.5127894290216995,0.4872105709783004,0.04163709486633546,None
0.8929288103201146,0.6340181557572862,20930.0,0.9348631811371343,0.8284640562492424,0.17153594375075767,0.06513681886286571,None
