Accuracy,Selection rate,Count,tpr,tnr,fpr,fnr,generation
0.9235,0.4729,10000.0,0.9051512673753066,0.9410728269381362,0.05892717306186374,0.09484873262469337,None
