difference_Accuracy,difference_Selection rate,difference_Count,difference_tpr,difference_tnr,difference_fpr,difference_fnr,ratio_Accuracy,ratio_Selection rate,ratio_Count,ratio_tpr,ratio_tnr,ratio_fpr,ratio_fnr,group_min_Accuracy,group_min_Selection rate,group_min_Count,group_min_tpr,group_min_tnr,group_min_fpr,group_min_fnr,group_max_Accuracy,group_max_Selection rate,group_max_Count,group_max_tpr,group_max_tnr,group_max_fpr,group_max_fnr,generation
0.004933607108772775,0.3826340902593166,35.0,0.0579336224260909,0.026764103725612998,0.026764103725612977,0.057933622426090854,0.9947277497606379,0.4343373775454257,0.9930237193541958,0.938434398786287,0.9718464812189191,0.6483750510531536,0.504532798902444,0.9308351604544548,0.2938010763404425,4982.0,0.8830727396329028,0.9238845144356955,0.049351381838691484,0.058993637941006365,0.9357687675632276,0.6764351665997591,5017.0,0.9410063620589937,0.9506486181613085,0.07611548556430446,0.11692726036709722,None
