Accuracy,Selection rate,Count,tpr,tnr,fpr,fnr,generation
0.9332933293329333,0.48444844484448446,9999.0,0.9237167782511666,0.942603550295858,0.05739644970414201,0.07628322174883344,None
