difference_Accuracy,difference_Selection rate,difference_Count,difference_tpr,difference_tnr,difference_fpr,difference_fnr,ratio_Accuracy,ratio_Selection rate,ratio_Count,ratio_tpr,ratio_tnr,ratio_fpr,ratio_fnr,group_min_Accuracy,group_min_Selection rate,group_min_Count,group_min_tpr,group_min_tnr,group_min_fpr,group_min_fnr,group_max_Accuracy,group_max_Selection rate,group_max_Count,group_max_tpr,group_max_tnr,group_max_fpr,group_max_fnr,generation
0.002296248588620098,0.3761586395168122,46.0,0.06553705531176302,0.02347489953992199,0.023474899539921962,0.06553705531176293,0.997516638586362,0.4316510173420843,0.9908421262193908,0.9291218190350757,0.9752413711030323,0.6883504716251739,0.5348467537628533,0.9223571570774438,0.2856858451124826,4977.0,0.8591065292096219,0.9246753246753247,0.05184977578475336,0.07535641547861507,0.9246534056660639,0.6618444846292948,5023.0,0.924643584521385,0.9481502242152466,0.07532467532467532,0.140893470790378,None
