Accuracy,Selection rate,Count,tpr,tnr,fpr,fnr,generation
0.9276,0.474,10000.0,0.9104660670482421,0.9440093970242757,0.055990602975724356,0.08953393295175797,None
0.9276,0.474,10000.0,0.9104660670482421,0.9440093970242757,0.055990602975724356,0.08953393295175797,None
0.9276,0.474,10000.0,0.9104660670482421,0.9440093970242757,0.055990602975724356,0.08953393295175797,None
0.9276,0.474,10000.0,0.9104660670482421,0.9440093970242757,0.055990602975724356,0.08953393295175797,None
0.9276,0.474,10000.0,0.9104660670482421,0.9440093970242757,0.055990602975724356,0.08953393295175797,None
0.9276,0.474,10000.0,0.9104660670482421,0.9440093970242757,0.055990602975724356,0.08953393295175797,None
0.9276,0.474,10000.0,0.9104660670482421,0.9440093970242757,0.055990602975724356,0.08953393295175797,None
0.9261,0.4717,10000.0,0.9065821749795585,0.9447924823805794,0.05520751761942052,0.09341782502044153,None
