Accuracy,Selection rate,Count,tpr,tnr,fpr,fnr,generation
0.9335933593359336,0.4821482148214821,9999.0,0.9216879691621018,0.9451676528599605,0.05483234714003945,0.07831203083789816,None
0.9335933593359336,0.4821482148214821,9999.0,0.9216879691621018,0.9451676528599605,0.05483234714003945,0.07831203083789816,None
0.9335933593359336,0.4821482148214821,9999.0,0.9216879691621018,0.9451676528599605,0.05483234714003945,0.07831203083789816,None
0.9335933593359336,0.4821482148214821,9999.0,0.9216879691621018,0.9451676528599605,0.05483234714003945,0.07831203083789816,None
0.9335933593359336,0.4821482148214821,9999.0,0.9216879691621018,0.9451676528599605,0.05483234714003945,0.07831203083789816,None
0.9335933593359336,0.4821482148214821,9999.0,0.9216879691621018,0.9451676528599605,0.05483234714003945,0.07831203083789816,None
0.9335933593359336,0.4821482148214821,9999.0,0.9216879691621018,0.9451676528599605,0.05483234714003945,0.07831203083789816,None
0.9325932593259326,0.47914791479147917,9999.0,0.9176303509839724,0.9471400394477317,0.05285996055226824,0.08236964901602759,None
