Accuracy,Selection rate,Count,tpr,tnr,fpr,fnr,generation
0.9226,0.472,10000.0,0.9033115290269829,0.9410728269381362,0.05892717306186374,0.09668847097301717,None
