Accuracy,Selection rate,Count,tpr,tnr,fpr,fnr,generation
0.932993299329933,0.4821482148214821,9999.0,0.9210793264353825,0.9445759368836292,0.05542406311637081,0.07892067356461757,None
