difference_Accuracy,difference_Selection rate,difference_Count,difference_tpr,difference_tnr,difference_fpr,difference_fnr,ratio_Accuracy,ratio_Selection rate,ratio_Count,ratio_tpr,ratio_tnr,ratio_fpr,ratio_fnr,group_min_Accuracy,group_min_Selection rate,group_min_Count,group_min_tpr,group_min_tnr,group_min_fpr,group_min_fnr,group_max_Accuracy,group_max_Selection rate,group_max_Count,group_max_tpr,group_max_tnr,group_max_fpr,group_max_fnr,generation
0.0063316638323317465,0.3840181440108848,35.0,0.06386416545992923,0.02489330331170536,0.02489330331170532,0.06386416545992918,0.9932366318154638,0.43094039456804634,0.9930237193541958,0.9320694296645846,0.9738531831921483,0.6582216734501,0.48382314620024275,0.9298385489336257,0.290811241777955,4982.0,0.876274643099932,0.9271653543307087,0.047941342357586014,0.05986119144013881,0.9361702127659575,0.6748293857888398,5017.0,0.9401388085598612,0.952058657642414,0.07283464566929133,0.12372535690006799,None
