difference_Accuracy,difference_Selection rate,difference_Count,difference_tpr,difference_tnr,difference_fpr,difference_fnr,ratio_Accuracy,ratio_Selection rate,ratio_Count,ratio_tpr,ratio_tnr,ratio_fpr,ratio_fnr,group_min_Accuracy,group_min_Selection rate,group_min_Count,group_min_tpr,group_min_tnr,group_min_fpr,group_min_fnr,group_max_Accuracy,group_max_Selection rate,group_max_Count,group_max_tpr,group_max_tnr,group_max_fpr,group_max_fnr,generation
0.0036879980380385424,0.37835040589458874,46.0,0.07172262232207227,0.02440451924756859,0.02440451924756857,0.07172262232207222,0.9960106137284682,0.4285129073938185,0.9908421262193908,0.9224321419380231,0.9742685210770317,0.6787781227243112,0.5123531986980604,0.9207644833764682,0.2836950029862632,4977.0,0.8529209621993127,0.924025974025974,0.0515695067264574,0.07535641547861507,0.9244524814145068,0.662045408880852,5023.0,0.924643584521385,0.9484304932735426,0.07597402597402597,0.1470790378006873,None
