Accuracy,Selection rate,Count,tpr,tnr,fpr,fnr,generation
0.9346934693469346,0.5086508650865087,9999.0,0.949685534591195,0.9201183431952663,0.07988165680473373,0.050314465408805034,None
