difference_Accuracy,difference_Selection rate,difference_Count,difference_tpr,difference_tnr,difference_fpr,difference_fnr,ratio_Accuracy,ratio_Selection rate,ratio_Count,ratio_tpr,ratio_tnr,ratio_fpr,ratio_fnr,group_min_Accuracy,group_min_Selection rate,group_min_Count,group_min_tpr,group_min_tnr,group_min_fpr,group_min_fnr,group_max_Accuracy,group_max_Selection rate,group_max_Count,group_max_tpr,group_max_tnr,group_max_fpr,group_max_fnr,generation
0.013058611559717437,0.3800032118816898,35.0,0.007739764618364897,0.0659165700734109,0.06591657007341087,0.007739764618364925,0.9861255709031973,0.45660849552394417,0.9930237193541958,0.9918699556347795,0.9298709398498904,0.47678722504230114,0.8611561737364049,0.9281413087113609,0.31931433127366954,4982.0,0.9442556084296397,0.8740157480314961,0.06006768189509306,0.04800462695199537,0.9411999202710783,0.6993175431553593,5017.0,0.9519953730480046,0.939932318104907,0.12598425196850394,0.0557443915703603,None
