Accuracy,Selection rate,Count,tpr,tnr,fpr,fnr,generation
0.9255,0.5007,10000.0,0.9356091578086672,0.9158183241973376,0.08418167580266249,0.06439084219133279,None
