difference_Accuracy,difference_Selection rate,difference_Count,difference_tpr,difference_tnr,difference_fpr,difference_fnr,ratio_Accuracy,ratio_Selection rate,ratio_Count,ratio_tpr,ratio_tnr,ratio_fpr,ratio_fnr,group_min_Accuracy,group_min_Selection rate,group_min_Count,group_min_tpr,group_min_tnr,group_min_fpr,group_min_fnr,group_max_Accuracy,group_max_Selection rate,group_max_Count,group_max_tpr,group_max_tnr,group_max_fpr,group_max_fnr,generation
0.015285723445908173,0.37201431182283823,46.0,0.009108678850631935,0.0626193873391182,0.06261938733911827,0.009108678850631942,0.9836184790124181,0.4589376885031368,0.9908421262193908,0.9902925490822878,0.933005704939738,0.5104880380596845,0.8713288570129177,0.9178219811131203,0.31554847700577343,4977.0,0.9292096219931272,0.8720779220779221,0.06530269058295964,0.06168169915624091,0.9331077045590285,0.6875627888286117,5023.0,0.9383183008437591,0.9346973094170403,0.1279220779220779,0.07079037800687285,None
