Accuracy,Selection rate,Count,tpr,tnr,fpr,fnr,generation
0.926,0.5004,10000.0,0.9358135731807032,0.9166014095536413,0.08339859044635865,0.06418642681929682,None
