difference_Accuracy,difference_Selection rate,difference_Count,difference_tpr,difference_tnr,difference_fpr,difference_fnr,ratio_Accuracy,ratio_Selection rate,ratio_Count,ratio_tpr,ratio_tnr,ratio_fpr,ratio_fnr,group_min_Accuracy,group_min_Selection rate,group_min_Count,group_min_tpr,group_min_tnr,group_min_fpr,group_min_fnr,group_max_Accuracy,group_max_Selection rate,group_max_Count,group_max_tpr,group_max_tnr,group_max_fpr,group_max_fnr,generation
0.014661591776238492,0.3799948100984953,35.0,0.00736427692669428,0.06704460165829529,0.06704460165829525,0.007364276926694183,0.9844290419260396,0.45568310985891214,0.9930237193541958,0.9922502527046534,0.9287563208030222,0.46783347433728145,0.8710374838194388,0.9269369731031715,0.3181183974486745,4982.0,0.9428959891230455,0.8740157480314961,0.05893965031020869,0.04973973395026027,0.94159856487941,0.6981132075471698,5017.0,0.9502602660497398,0.9410603496897914,0.12598425196850394,0.05710401087695445,None
