Accuracy,Selection rate,Count,tpr,tnr,fpr,fnr,generation
0.9342934293429342,0.5074507450745075,9999.0,0.9480624873199432,0.9209072978303747,0.07909270216962525,0.05193751268005681,None
