difference_Accuracy,difference_Selection rate,difference_Count,difference_tpr,difference_tnr,difference_fpr,difference_fnr,ratio_Accuracy,ratio_Selection rate,ratio_Count,ratio_tpr,ratio_tnr,ratio_fpr,ratio_fnr,group_min_Accuracy,group_min_Selection rate,group_min_Count,group_min_tpr,group_min_tnr,group_min_fpr,group_min_fnr,group_max_Accuracy,group_max_Selection rate,group_max_Count,group_max_tpr,group_max_tnr,group_max_fpr,group_max_fnr,generation
0.019481212222450583,0.3750116152457786,46.0,0.007443156992782196,0.07024780152582843,0.07024780152582842,0.00744315699278221,0.9791799725546023,0.45553301952210035,0.9908421262193908,0.992065095972645,0.9250914059043168,0.4696979688736482,0.8927743225297217,0.9162145871006631,0.313756719092176,4977.0,0.9305841924398626,0.8675324675324675,0.062219730941704035,0.06197265056735525,0.9356957993231136,0.6887683343379546,5023.0,0.9380273494326448,0.9377802690582959,0.13246753246753246,0.06941580756013746,None
