difference_Accuracy,difference_Selection rate,difference_Count,difference_tpr,difference_tnr,difference_fpr,difference_fnr,ratio_Accuracy,ratio_Selection rate,ratio_Count,ratio_tpr,ratio_tnr,ratio_fpr,ratio_fnr,group_min_Accuracy,group_min_Selection rate,group_min_Count,group_min_tpr,group_min_tnr,group_min_fpr,group_min_fnr,group_max_Accuracy,group_max_Selection rate,group_max_Count,group_max_tpr,group_max_tnr,group_max_fpr,group_max_fnr,group_0_Accuracy,group_0_Selection rate,group_0_Count,group_0_tpr,group_0_tnr,group_0_fpr,group_0_fnr,group_1_Accuracy,group_1_Selection rate,group_1_Count,group_1_tpr,group_1_tnr,group_1_fpr,group_1_fnr,generation
0.009667204558048481,0.37106341170179163,46.0,0.029246115898644898,0.03820467648942982,0.03820467648942986,0.02924611589864494,0.9896309270777114,0.44673978429004885,0.9908421262193908,0.968538685338453,0.9595866333488628,0.5885650224215246,0.7065303542584249,0.9226441631504922,0.2996217399960183,4977.0,0.9003436426116839,0.9071428571428571,0.054652466367713,0.07041024148967122,0.9323113677085407,0.67068515169781,5023.0,0.9295897585103288,0.945347533632287,0.09285714285714286,0.09965635738831616,0.9226441631504922,0.67068515169781,4977.0,0.9295897585103288,0.9071428571428571,0.09285714285714286,0.07041024148967122,0.9323113677085407,0.2996217399960183,5023.0,0.9003436426116839,0.945347533632287,0.054652466367713,0.09965635738831616,None
