Accuracy,Selection rate,Count,tpr,tnr,fpr,fnr,generation
0.9352935293529353,0.49284928492849284,9999.0,0.9342665855143031,0.9362919132149902,0.06370808678500986,0.06573341448569689,None
