Accuracy,Selection rate,Count,tpr,tnr,fpr,fnr,generation
0.9275,0.4843,10000.0,0.9208912510220768,0.9338292873923257,0.06617071260767424,0.07910874897792314,None
