difference_Accuracy,difference_Selection rate,difference_Count,difference_tpr,difference_tnr,difference_fpr,difference_fnr,ratio_Accuracy,ratio_Selection rate,ratio_Count,ratio_tpr,ratio_tnr,ratio_fpr,ratio_fnr,group_min_Accuracy,group_min_Selection rate,group_min_Count,group_min_tpr,group_min_tnr,group_min_fpr,group_min_fnr,group_max_Accuracy,group_max_Selection rate,group_max_Count,group_max_tpr,group_max_tnr,group_max_fpr,group_max_fnr,group_0_Accuracy,group_0_Selection rate,group_0_Count,group_0_tpr,group_0_tnr,group_0_fpr,group_0_fnr,group_1_Accuracy,group_1_Selection rate,group_1_Count,group_1_tpr,group_1_tnr,group_1_fpr,group_1_fnr,generation
0.005453557463035885,0.38109272311955494,35.0,0.03324245613772969,0.043070599677578314,0.04307059967757837,0.033242456137729665,0.9941860395682,0.4428979029983502,0.9930237193541958,0.9647925227184474,0.9546261596979523,0.5409818607788152,0.6267202062702264,0.932557205941389,0.30296990233207094,4982.0,0.910944935418083,0.9061679790026247,0.050761421319796954,0.055812608444187395,0.9380107634044249,0.6840626254516259,5017.0,0.9441873915558127,0.949238578680203,0.09383202099737532,0.08905506458191706,0.932557205941389,0.6840626254516259,4982.0,0.9441873915558127,0.9061679790026247,0.09383202099737532,0.055812608444187395,0.9380107634044249,0.30296990233207094,5017.0,0.910944935418083,0.949238578680203,0.050761421319796954,0.08905506458191706,None
