difference_Accuracy,difference_Selection rate,difference_Count,difference_tpr,difference_tnr,difference_fpr,difference_fnr,ratio_Accuracy,ratio_Selection rate,ratio_Count,ratio_tpr,ratio_tnr,ratio_fpr,ratio_fnr,group_min_Accuracy,group_min_Selection rate,group_min_Count,group_min_tpr,group_min_tnr,group_min_fpr,group_min_fnr,group_max_Accuracy,group_max_Selection rate,group_max_Count,group_max_tpr,group_max_tnr,group_max_fpr,group_max_fnr,group_0_Accuracy,group_0_Selection rate,group_0_Count,group_0_tpr,group_0_tnr,group_0_fpr,group_0_fnr,group_1_Accuracy,group_1_Selection rate,group_1_Count,group_1_tpr,group_1_tnr,group_1_fpr,group_1_fnr,generation
0.002442718442562164,0.37247285363845617,35.0,0.027631372527433196,0.025538368617628482,0.025538368617628385,0.02763137252743321,0.997395852438093,0.4498488713825115,0.9930237193541958,0.9706453805837592,0.9730639336353032,0.6701654764977487,0.6799547323791004,0.9355680449618627,0.30456448076539766,4982.0,0.9136641740312712,0.9225721784776902,0.05188945290468133,0.058704453441295545,0.9380107634044249,0.6770373344038538,5017.0,0.9412955465587044,0.9481105470953187,0.07742782152230972,0.08633582596872875,0.9355680449618627,0.6770373344038538,4982.0,0.9412955465587044,0.9225721784776902,0.07742782152230972,0.058704453441295545,0.9380107634044249,0.30456448076539766,5017.0,0.9136641740312712,0.9481105470953187,0.05188945290468133,0.08633582596872875,None
