difference_Accuracy,difference_Selection rate,difference_Count,difference_tpr,difference_tnr,difference_fpr,difference_fnr,ratio_Accuracy,ratio_Selection rate,ratio_Count,ratio_tpr,ratio_tnr,ratio_fpr,ratio_fnr,group_min_Accuracy,group_min_Selection rate,group_min_Count,group_min_tpr,group_min_tnr,group_min_fpr,group_min_fnr,group_max_Accuracy,group_max_Selection rate,group_max_Count,group_max_tpr,group_max_tnr,group_max_fpr,group_max_fnr,group_0_Accuracy,group_0_Selection rate,group_0_Count,group_0_tpr,group_0_tnr,group_0_fpr,group_0_fnr,group_1_Accuracy,group_1_Selection rate,group_1_Count,group_1_tpr,group_1_tnr,group_1_fpr,group_1_fnr,generation
0.007836805826811233,0.36084571549533984,46.0,0.017587462893696726,0.01946232019101979,0.01946232019101974,0.017587462893696754,0.9916157027331048,0.4562733496759593,0.9908421262193908,0.9810388613658608,0.9794003089761024,0.7393741470072139,0.804658331982223,0.9268635724331927,0.30280708739796935,4977.0,0.9099656357388316,0.9253246753246753,0.05521300448430493,0.07244690136747163,0.934700378260004,0.6636528028933092,5023.0,0.9275530986325283,0.9447869955156951,0.07467532467532467,0.09003436426116838,0.9268635724331927,0.6636528028933092,4977.0,0.9275530986325283,0.9253246753246753,0.07467532467532467,0.07244690136747163,0.934700378260004,0.30280708739796935,5023.0,0.9099656357388316,0.9447869955156951,0.05521300448430493,0.09003436426116838,None
