Accuracy,Selection rate,Count,tpr,tnr,fpr,fnr,generation
0.9308,0.4824,10000.0,0.9223221586263287,0.9389193422083008,0.06108065779169929,0.0776778413736713,None
