Accuracy,Selection rate,Count,tpr,tnr,fpr,fnr,generation
0.9367936793679368,0.49014901490149015,9999.0,0.9330493000608643,0.9404339250493097,0.059566074950690336,0.06695069993913573,None
