Accuracy,Selection rate,Count,tpr,tnr,fpr,fnr,generation
0.9388938893889389,0.49424942494249424,9999.0,0.9393386082369649,0.9384615384615385,0.06153846153846154,0.060661391763035095,None
