difference_Accuracy,difference_Selection rate,difference_Count,difference_tpr,difference_tnr,difference_fpr,difference_fnr,ratio_Accuracy,ratio_Selection rate,ratio_Count,ratio_tpr,ratio_tnr,ratio_fpr,ratio_fnr,group_min_Accuracy,group_min_Selection rate,group_min_Count,group_min_tpr,group_min_tnr,group_min_fpr,group_min_fnr,group_max_Accuracy,group_max_Selection rate,group_max_Count,group_max_tpr,group_max_tnr,group_max_fpr,group_max_fnr,group_0_Accuracy,group_0_Selection rate,group_0_Count,group_0_tpr,group_0_tnr,group_0_fpr,group_0_fnr,group_1_Accuracy,group_1_Selection rate,group_1_Count,group_1_tpr,group_1_tnr,group_1_fpr,group_1_fnr,generation
0.0038281724913294957,0.3687011331284952,35.0,0.015278220652294894,0.02459464140586487,0.024594641405864877,0.015278220652294852,0.9959309446209745,0.4571899984497154,0.9930237193541958,0.9838136988309939,0.9739974363669658,0.6876480541455161,0.7859594040045169,0.9369731031714171,0.3105441498903727,4982.0,0.9286199864038069,0.9212598425196851,0.05414551607445008,0.05610179294389821,0.9408012756627466,0.6792452830188679,5017.0,0.9438982070561018,0.9458544839255499,0.07874015748031496,0.07138001359619306,0.9369731031714171,0.6792452830188679,4982.0,0.9438982070561018,0.9212598425196851,0.07874015748031496,0.05610179294389821,0.9408012756627466,0.3105441498903727,5017.0,0.9286199864038069,0.9458544839255499,0.05414551607445008,0.07138001359619306,None
