difference_Accuracy,difference_Selection rate,difference_Count,difference_tpr,difference_tnr,difference_fpr,difference_fnr,ratio_Accuracy,ratio_Selection rate,ratio_Count,ratio_tpr,ratio_tnr,ratio_fpr,ratio_fnr,group_min_Accuracy,group_min_Selection rate,group_min_Count,group_min_tpr,group_min_tnr,group_min_fpr,group_min_fnr,group_max_Accuracy,group_max_Selection rate,group_max_Count,group_max_tpr,group_max_tnr,group_max_fpr,group_max_fnr,group_0_Accuracy,group_0_Selection rate,group_0_Count,group_0_tpr,group_0_tnr,group_0_fpr,group_0_fnr,group_1_Accuracy,group_1_Selection rate,group_1_Count,group_1_tpr,group_1_tnr,group_1_fpr,group_1_fnr,generation
0.009650644207631398,0.35709255607848656,46.0,0.0071728021420423005,0.023228117174305507,0.023228117174305514,0.007172802142042273,0.9896685452142088,0.4645225514906214,0.9908421262193908,0.9922718116105959,0.9752750829123145,0.7227030972989884,0.9092484598550303,0.9244524814145068,0.30977503483973723,4977.0,0.9209621993127147,0.9162337662337663,0.06053811659192825,0.07186499854524295,0.9341031256221382,0.6668675909182238,5023.0,0.928135001454757,0.9394618834080718,0.08376623376623377,0.07903780068728522,0.9244524814145068,0.6668675909182238,4977.0,0.928135001454757,0.9162337662337663,0.08376623376623377,0.07186499854524295,0.9341031256221382,0.30977503483973723,5023.0,0.9209621993127147,0.9394618834080718,0.06053811659192825,0.07903780068728522,None
