Accuracy,Selection rate,Count,tpr,tnr,fpr,fnr,generation
0.9293,0.4875,10000.0,0.9260016353229763,0.9324588880187941,0.06754111198120595,0.07399836467702371,None
