generation,epoch,gen_loss
0,0,84016.7325015944
0,10,27667.241943359375
0,20,26893.4721878986
