Accuracy,Selection rate,Count,tpr,tnr,fpr,fnr,generation
0.9378937893789379,0.49104910491049103,9999.0,0.935078109149929,0.9406311637080867,0.05936883629191322,0.06492189085007101,None
