Accuracy,Selection rate,Count,tpr,tnr,fpr,fnr,generation
0.9306,0.4838,10000.0,0.9235486508585445,0.9373531714956931,0.06264682850430697,0.07645134914145543,None
