difference_Accuracy,difference_Selection rate,difference_Count,difference_tpr,difference_tnr,difference_fpr,difference_fnr,ratio_Accuracy,ratio_Selection rate,ratio_Count,ratio_tpr,ratio_tnr,ratio_fpr,ratio_fnr,group_min_Accuracy,group_min_Selection rate,group_min_Count,group_min_tpr,group_min_tnr,group_min_fpr,group_min_fnr,group_max_Accuracy,group_max_Selection rate,group_max_Count,group_max_tpr,group_max_tnr,group_max_fpr,group_max_fnr,group_0_Accuracy,group_0_Selection rate,group_0_Count,group_0_tpr,group_0_tnr,group_0_fpr,group_0_fnr,group_1_Accuracy,group_1_Selection rate,group_1_Count,group_1_tpr,group_1_tnr,group_1_fpr,group_1_fnr,generation
0.0018349494496712193,0.3750794468618019,35.0,0.02955422337153346,0.02769672826429692,0.027696728264296908,0.029554223371533475,0.9980454476881103,0.4477997032312361,0.9930237193541958,0.968689183695232,0.9708134922956324,0.6482515510434292,0.654966170003764,0.9369731031714171,0.304165836157066,4982.0,0.9143439836845684,0.9212598425196851,0.05104342921601805,0.05610179294389821,0.9388080526210884,0.6792452830188679,5017.0,0.9438982070561018,0.948956570783982,0.07874015748031496,0.08565601631543168,0.9369731031714171,0.6792452830188679,4982.0,0.9438982070561018,0.9212598425196851,0.07874015748031496,0.05610179294389821,0.9388080526210884,0.304165836157066,5017.0,0.9143439836845684,0.948956570783982,0.05104342921601805,0.08565601631543168,None
