difference_Accuracy,difference_Selection rate,difference_Count,difference_tpr,difference_tnr,difference_fpr,difference_fnr,ratio_Accuracy,ratio_Selection rate,ratio_Count,ratio_tpr,ratio_tnr,ratio_fpr,ratio_fnr,group_min_Accuracy,group_min_Selection rate,group_min_Count,group_min_tpr,group_min_tnr,group_min_fpr,group_min_fnr,group_max_Accuracy,group_max_Selection rate,group_max_Count,group_max_tpr,group_max_tnr,group_max_fpr,group_max_fnr,group_0_Accuracy,group_0_Selection rate,group_0_Count,group_0_tpr,group_0_tnr,group_0_fpr,group_0_fnr,group_1_Accuracy,group_1_Selection rate,group_1_Count,group_1_tpr,group_1_tnr,group_1_fpr,group_1_fnr,generation
0.007038628937388269,0.36245862962460285,46.0,0.019333171360382817,0.021868266262885072,0.021868266262885093,0.019333171360382817,0.9924648266938403,0.45565582388604453,0.9908421262193908,0.9791959580570959,0.976833143103927,0.719357249626308,0.7852689745850611,0.9270644966847499,0.30340434003583516,4977.0,0.9099656357388316,0.922077922077922,0.05605381165919283,0.07070119290078557,0.9341031256221382,0.665862969660438,5023.0,0.9292988070992144,0.9439461883408071,0.07792207792207792,0.09003436426116838,0.9270644966847499,0.665862969660438,4977.0,0.9292988070992144,0.922077922077922,0.07792207792207792,0.07070119290078557,0.9341031256221382,0.30340434003583516,5023.0,0.9099656357388316,0.9439461883408071,0.05605381165919283,0.09003436426116838,None
