difference_Accuracy,difference_Selection rate,difference_Count,difference_tpr,difference_tnr,difference_fpr,difference_fnr,ratio_Accuracy,ratio_Selection rate,ratio_Count,ratio_tpr,ratio_tnr,ratio_fpr,ratio_fnr,group_min_Accuracy,group_min_Selection rate,group_min_Count,group_min_tpr,group_min_tnr,group_min_fpr,group_min_fnr,group_max_Accuracy,group_max_Selection rate,group_max_Count,group_max_tpr,group_max_tnr,group_max_fpr,group_max_fnr,group_0_Accuracy,group_0_Selection rate,group_0_Count,group_0_tpr,group_0_tnr,group_0_fpr,group_0_fnr,group_1_Accuracy,group_1_Selection rate,group_1_Count,group_1_tpr,group_1_tnr,group_1_fpr,group_1_fnr,generation
0.007841224221428744,0.3763439952495518,35.0,0.0155371302281746,0.045494313210848625,0.04549431321084865,0.015537130228174635,0.9916671421480814,0.45384626148171653,0.9930237193541958,0.9836147007230779,0.951829550717925,0.5497835497835497,0.7691402165086375,0.9331593737454837,0.3127366952361969,4982.0,0.9326988443235894,0.8989501312335958,0.05555555555555555,0.051764025448235974,0.9410005979669125,0.6890806904857487,5017.0,0.948235974551764,0.9444444444444444,0.1010498687664042,0.06730115567641061,0.9331593737454837,0.6890806904857487,4982.0,0.948235974551764,0.8989501312335958,0.1010498687664042,0.051764025448235974,0.9410005979669125,0.3127366952361969,5017.0,0.9326988443235894,0.9444444444444444,0.05555555555555555,0.06730115567641061,None
