Accuracy,Selection rate,Count,tpr,tnr,fpr,fnr,generation
0.9292,0.4904,10000.0,0.92886345053148,0.9295223179326546,0.07047768206734534,0.07113654946852004,None
