Accuracy,Selection rate,Count,tpr,tnr,fpr,fnr,generation
0.9370937093709371,0.5002500250025003,9999.0,0.9435991073240008,0.9307692307692308,0.06923076923076923,0.05640089267599919,None
