difference_Accuracy,difference_Selection rate,difference_Count,difference_tpr,difference_tnr,difference_fpr,difference_fnr,ratio_Accuracy,ratio_Selection rate,ratio_Count,ratio_tpr,ratio_tnr,ratio_fpr,ratio_fnr,group_min_Accuracy,group_min_Selection rate,group_min_Count,group_min_tpr,group_min_tnr,group_min_fpr,group_min_fnr,group_max_Accuracy,group_max_Selection rate,group_max_Count,group_max_tpr,group_max_tnr,group_max_fpr,group_max_fnr,group_0_Accuracy,group_0_Selection rate,group_0_Count,group_0_tpr,group_0_tnr,group_0_fpr,group_0_fnr,group_1_Accuracy,group_1_Selection rate,group_1_Count,group_1_tpr,group_1_tnr,group_1_fpr,group_1_fnr,generation
0.00865154306665128,0.36331936783782337,46.0,0.013202595166607267,0.03203875720691862,0.03203875720691864,0.013202595166607184,0.9907322028526787,0.4600655438253667,0.9908421262193908,0.985846126142349,0.9658865157522275,0.6549672300793377,0.8358138806203979,0.9248543299176211,0.3095759506271153,4977.0,0.9195876288659793,0.9071428571428571,0.06081838565022422,0.06720977596741344,0.9335058729842723,0.6728953184649387,5023.0,0.9327902240325866,0.9391816143497758,0.09285714285714286,0.08041237113402062,0.9248543299176211,0.6728953184649387,4977.0,0.9327902240325866,0.9071428571428571,0.09285714285714286,0.06720977596741344,0.9335058729842723,0.3095759506271153,5023.0,0.9195876288659793,0.9391816143497758,0.06081838565022422,0.08041237113402062,None
