Accuracy,Selection rate,Count,tpr,tnr,fpr,fnr,generation
0.870043000477783,0.6880554228380316,20930.0,0.9607889546351085,0.7307086614173228,0.2692913385826772,0.03921104536489152,None
0.7485427615862399,0.4710941232680363,20930.0,0.6813412228796845,0.8517262265293761,0.14827377347062387,0.3186587771203156,None
0.7003344481605351,0.5408026755852843,20930.0,0.6986225895316804,0.7029787234042553,0.2970212765957447,0.30137741046831956,None
0.888246536072623,0.5979933110367893,20930.0,0.9017131128128207,0.8676025656541207,0.13239743434587922,0.09828688718717929,None
0.8946488294314381,0.6252269469660774,20930.0,0.92902767920511,0.8417990059401139,0.15820099405988605,0.07097232079488999,None
0.8981366459627329,0.6294792164357381,20930.0,0.9354151880766501,0.8408291914171415,0.15917080858285854,0.06458481192334989,None
