Accuracy,Selection rate,Count,tpr,tnr,fpr,fnr,generation
1.0,0.49842501536570377,26032.0,1.0,1.0,0.0,0.0,None
1.0,0.49842501536570377,26032.0,1.0,1.0,0.0,0.0,None
1.0,0.4957360172095882,26032.0,1.0,1.0,0.0,0.0,None
0.9999615857406269,0.4938537185003073,26032.0,0.9999222213580151,1.0,0.0,7.777864198491094e-05,None
1.0,0.504840196681008,26032.0,1.0,1.0,0.0,0.0,None
1.0,0.504840196681008,26032.0,1.0,1.0,0.0,0.0,None
