Accuracy,Selection rate,Count,tpr,tnr,fpr,fnr,generation
1.0,0.45809842331581463,20930.0,1.0,1.0,0.0,0.0,None
1.0,0.45809842331581463,20930.0,1.0,1.0,0.0,0.0,None
1.0,0.4591973244147157,20930.0,1.0,1.0,0.0,0.0,None
1.0,0.4605351170568562,20930.0,1.0,1.0,0.0,0.0,None
1.0,0.45957955088389874,20930.0,1.0,1.0,0.0,0.0,None
1.0,0.45957955088389874,20930.0,1.0,1.0,0.0,0.0,None
