Accuracy,Selection rate,Count,tpr,tnr,fpr,fnr,generation
0.8408113091579594,0.7080132145052244,26032.0,0.945883527869671,0.6726600739186894,0.3273399260813106,0.05411647213032894,None
0.5917332513829133,0.40269668100799016,26032.0,0.4954746894700705,0.7457796423933672,0.2542203576066327,0.5045253105299294,None
0.49727258758451137,0.5042639827904118,26032.0,0.501246261216351,0.4908854166666667,0.5091145833333334,0.49875373878364904,None
0.8578672403196066,0.5898125384142594,26032.0,0.8631434625451826,0.8493891448027238,0.15061085519727618,0.1368565374548174,None
0.8776121696373694,0.6306084818684696,26032.0,0.9110227413943084,0.8235057355604749,0.17649426443952507,0.08897725860569156,None
0.8827596803933621,0.6337584511370621,26032.0,0.9177333167640115,0.8261219561279936,0.17387804387200645,0.08226668323598857,None
