difference_Accuracy,difference_Selection rate,difference_Count,difference_tpr,difference_tnr,difference_fpr,difference_fnr,ratio_Accuracy,ratio_Selection rate,ratio_Count,ratio_tpr,ratio_tnr,ratio_fpr,ratio_fnr,group_min_Accuracy,group_min_Selection rate,group_min_Count,group_min_tpr,group_min_tnr,group_min_fpr,group_min_fnr,group_max_Accuracy,group_max_Selection rate,group_max_Count,group_max_tpr,group_max_tnr,group_max_fpr,group_max_fnr,generation
0.017280245649997972,0.3752070193805301,46.0,0.010774200708481674,0.06737012987012991,0.06737012987012986,0.010774200708481674,0.9815125295207796,0.4549313089734681,0.9908421262193908,0.9885211011050677,0.928138528138528,0.48125000000000007,0.8507003616110397,0.917420132610006,0.3131594664543102,4977.0,0.9278350515463918,0.8701298701298701,0.0625,0.06139074774512657,0.934700378260004,0.6883664858348403,5023.0,0.9386092522548735,0.9375,0.12987012987012986,0.07216494845360824,None
