Accuracy,Selection rate,Count,tpr,tnr,fpr,fnr,generation
0.9261,0.4999,10000.0,0.9354047424366312,0.9171887235708692,0.08281127642913078,0.06459525756336877,None
