difference_Accuracy,difference_Selection rate,difference_Count,difference_tpr,difference_tnr,difference_fpr,difference_fnr,ratio_Accuracy,ratio_Selection rate,ratio_Count,ratio_tpr,ratio_tnr,ratio_fpr,ratio_fnr,group_min_Accuracy,group_min_Selection rate,group_min_Count,group_min_tpr,group_min_tnr,group_min_fpr,group_min_fnr,group_max_Accuracy,group_max_Selection rate,group_max_Count,group_max_tpr,group_max_tnr,group_max_fpr,group_max_fnr,generation
0.013862902262376187,0.38080470198995037,35.0,0.00813038977195113,0.06854124198942135,0.06854124198942138,0.008130389771951192,0.9852679134398769,0.45593087888903566,0.9930237193541958,0.9914570380336046,0.927078534625116,0.4670568735108256,0.8559059836802385,0.9271376957045363,0.3191150089695037,4982.0,0.9435757987763427,0.8713910761154856,0.06006768189509306,0.048293811451706185,0.9410005979669125,0.699919710959454,5017.0,0.9517061885482938,0.939932318104907,0.12860892388451445,0.05642420122365738,None
