Accuracy,Selection rate,Count,tpr,tnr,fpr,fnr,generation
0.9340934093409341,0.5088508850885088,9999.0,0.949279772773382,0.9193293885601578,0.08067061143984221,0.050720227226617974,None
