difference_Accuracy,difference_Selection rate,difference_Count,difference_tpr,difference_tnr,difference_fpr,difference_fnr,ratio_Accuracy,ratio_Selection rate,ratio_Count,ratio_tpr,ratio_tnr,ratio_fpr,ratio_fnr,group_min_Accuracy,group_min_Selection rate,group_min_Count,group_min_tpr,group_min_tnr,group_min_fpr,group_min_fnr,group_max_Accuracy,group_max_Selection rate,group_max_Count,group_max_tpr,group_max_tnr,group_max_fpr,group_max_fnr,generation
0.01707196124269983,0.37260604434389827,46.0,0.0070468231805288495,0.06319375691573004,0.06319375691573,0.007046823180528856,0.9817509126788505,0.45760155522094714,0.9908421262193908,0.9924899437917899,0.9325731684583359,0.49835883685451443,0.8974687227233051,0.9184247538677919,0.3143539717300418,4977.0,0.9312714776632303,0.874025974025974,0.06278026905829596,0.06168169915624091,0.9354967151104917,0.6869600160739401,5023.0,0.9383183008437591,0.9372197309417041,0.12597402597402596,0.06872852233676977,None
