Accuracy,Selection rate,Count,tpr,tnr,fpr,fnr,generation
0.927,0.4998,10000.0,0.9362224039247752,0.918167580266249,0.08183241973375098,0.06377759607522486,None
