difference_Accuracy,difference_Selection rate,difference_Count,difference_tpr,difference_tnr,difference_fpr,difference_fnr,ratio_Accuracy,ratio_Selection rate,ratio_Count,ratio_tpr,ratio_tnr,ratio_fpr,ratio_fnr,group_min_Accuracy,group_min_Selection rate,group_min_Count,group_min_tpr,group_min_tnr,group_min_fpr,group_min_fnr,group_max_Accuracy,group_max_Selection rate,group_max_Count,group_max_tpr,group_max_tnr,group_max_fpr,group_max_fnr,generation
0.016462493999726546,0.383005649118969,35.0,0.007450580118654071,0.07417029724076363,0.07417029724076368,0.007450580118654113,0.9825312325726252,0.45372626856263854,0.9930237193541958,0.9921713442569718,0.9212315441701864,0.44041815349047597,0.8663438615299975,0.9259333600963469,0.3181183974486745,4982.0,0.9442556084296397,0.8674540682414699,0.0583756345177665,0.048293811451706185,0.9423958540960734,0.7011240465676435,5017.0,0.9517061885482938,0.9416243654822335,0.1325459317585302,0.0557443915703603,None
