difference_Accuracy,difference_Selection rate,difference_Count,difference_tpr,difference_tnr,difference_fpr,difference_fnr,ratio_Accuracy,ratio_Selection rate,ratio_Count,ratio_tpr,ratio_tnr,ratio_fpr,ratio_fnr,group_min_Accuracy,group_min_Selection rate,group_min_Count,group_min_tpr,group_min_tnr,group_min_fpr,group_min_fnr,group_max_Accuracy,group_max_Selection rate,group_max_Count,group_max_tpr,group_max_tnr,group_max_fpr,group_max_fnr,generation
0.007074269691546675,0.3837311997521868,46.0,0.08605022961165487,0.02617494613010307,0.02617494613010308,0.08605022961165487,0.9923492741732229,0.4209126194158176,0.9908421262193908,0.906995396485768,0.9724344132844723,0.6583947708444174,0.46494408510701785,0.9175791359745172,0.27891698188333663,4977.0,0.8391752577319588,0.9233766233766234,0.05044843049327354,0.07477451265638638,0.9246534056660639,0.6626481816355234,5023.0,0.9252254873436137,0.9495515695067265,0.07662337662337662,0.16082474226804125,None
