Accuracy,Selection rate,Count,tpr,tnr,fpr,fnr,generation
0.9211,0.4699,10000.0,0.8996320523303353,0.9416601409553641,0.058339859044635865,0.10036794766966475,None
