difference_Accuracy,difference_Selection rate,difference_Count,difference_tpr,difference_tnr,difference_fpr,difference_fnr,ratio_Accuracy,ratio_Selection rate,ratio_Count,ratio_tpr,ratio_tnr,ratio_fpr,ratio_fnr,group_min_Accuracy,group_min_Selection rate,group_min_Count,group_min_tpr,group_min_tnr,group_min_fpr,group_min_fnr,group_max_Accuracy,group_max_Selection rate,group_max_Count,group_max_tpr,group_max_tnr,group_max_fpr,group_max_fnr,generation
0.00832348657679105,0.3856057209582162,35.0,0.07115432780036168,0.023862975249921092,0.023862975249921176,0.07115432780036166,0.9911070962630124,0.427736758470708,0.9930237193541958,0.9242451768677183,0.9749428160390228,0.6663561992579828,0.46047414332818565,0.9276460035878015,0.28822005182379906,4982.0,0.868116927260367,0.928477690288714,0.047659334461364916,0.06072874493927125,0.9359694901645925,0.6738257727820153,5017.0,0.9392712550607287,0.9523406655386351,0.07152230971128609,0.1318830727396329,None
