Accuracy,Selection rate,Count,tpr,tnr,fpr,fnr,generation
0.9317931793179318,0.4803480348034804,9999.0,0.9180361128017853,0.9451676528599605,0.05483234714003945,0.08196388719821465,None
