Accuracy,Selection rate,Count,tpr,tnr,fpr,fnr,generation
0.9327932793279328,0.4815481548154815,9999.0,0.9202678027997565,0.9449704142011834,0.05502958579881657,0.07973219720024345,None
