Accuracy,Selection rate,Count,tpr,tnr,fpr,fnr,generation
0.9223,0.4705,10000.0,0.901471790678659,0.942247454972592,0.05775254502740799,0.09852820932134096,None
