difference_Accuracy,difference_Selection rate,difference_Count,difference_tpr,difference_tnr,difference_fpr,difference_fnr,ratio_Accuracy,ratio_Selection rate,ratio_Count,ratio_tpr,ratio_tnr,ratio_fpr,ratio_fnr,group_min_Accuracy,group_min_Selection rate,group_min_Count,group_min_tpr,group_min_tnr,group_min_fpr,group_min_fnr,group_max_Accuracy,group_max_Selection rate,group_max_Count,group_max_tpr,group_max_tnr,group_max_fpr,group_max_fnr,generation
0.005485276068441625,0.37933662676302227,46.0,0.07692995269789948,0.02236765476675795,0.0223676547667579,0.07692995269789947,0.9940703260224514,0.42615246462019396,0.9908421262193908,0.9167742375125336,0.9764300672747217,0.6951664748601135,0.4957969316421454,0.9195699781007366,0.2817041608600438,4977.0,0.8474226804123711,0.9266233766233766,0.05100896860986547,0.07564736688972941,0.9250552541691782,0.6610407876230661,5023.0,0.9243526331102706,0.9489910313901345,0.07337662337662337,0.15257731958762888,None
