difference_Accuracy,difference_Selection rate,difference_Count,difference_tpr,difference_tnr,difference_fpr,difference_fnr,ratio_Accuracy,ratio_Selection rate,ratio_Count,ratio_tpr,ratio_tnr,ratio_fpr,ratio_fnr,group_min_Accuracy,group_min_Selection rate,group_min_Count,group_min_tpr,group_min_tnr,group_min_fpr,group_min_fnr,group_max_Accuracy,group_max_Selection rate,group_max_Count,group_max_tpr,group_max_tnr,group_max_fpr,group_max_fnr,generation
0.004330039007478859,0.38361389821375697,35.0,0.061738433308077934,0.026395494979371326,0.026395494979371235,0.06173843330807802,0.9953687732212839,0.4308622868073445,0.9930237193541958,0.9342293584783322,0.9722999629485497,0.6408327290306985,0.4982473182531339,0.930635838150289,0.29041259716962325,4982.0,0.8769544527532291,0.926509186351706,0.04709531866892273,0.061307113938692884,0.9349658771577679,0.6740264953833802,5017.0,0.9386928860613071,0.9529046813310773,0.07349081364829396,0.1230455472467709,None
