Accuracy,Selection rate,Count,tpr,tnr,fpr,fnr,generation
0.9301,0.4885,10000.0,0.9278413736713,0.9322631166797181,0.06773688332028191,0.07215862632869992,None
