difference_Accuracy,difference_Selection rate,difference_Count,difference_tpr,difference_tnr,difference_fpr,difference_fnr,ratio_Accuracy,ratio_Selection rate,ratio_Count,ratio_tpr,ratio_tnr,ratio_fpr,ratio_fnr,group_min_Accuracy,group_min_Selection rate,group_min_Count,group_min_tpr,group_min_tnr,group_min_fpr,group_min_fnr,group_max_Accuracy,group_max_Selection rate,group_max_Count,group_max_tpr,group_max_tnr,group_max_fpr,group_max_fnr,group_0_Accuracy,group_0_Selection rate,group_0_Count,group_0_tpr,group_0_tnr,group_0_fpr,group_0_fnr,group_1_Accuracy,group_1_Selection rate,group_1_Count,group_1_tpr,group_1_tnr,group_1_fpr,group_1_fnr,generation
0.010843309444427796,0.36910201019853583,46.0,0.01859549455240983,0.038751383146001905,0.03875138314600198,0.018595494552409747,0.9884090352544455,0.4522895930953748,0.9908421262193908,0.980077083922496,0.9589474658358269,0.5912525339394311,0.781802866340676,0.9246534056660639,0.3047979295241887,4977.0,0.9147766323024055,0.9051948051948052,0.05605381165919283,0.06662787314518476,0.9354967151104917,0.6738999397227246,5023.0,0.9333721268548153,0.9439461883408071,0.09480519480519481,0.0852233676975945,0.9246534056660639,0.6738999397227246,4977.0,0.9333721268548153,0.9051948051948052,0.09480519480519481,0.06662787314518476,0.9354967151104917,0.3047979295241887,5023.0,0.9147766323024055,0.9439461883408071,0.05605381165919283,0.0852233676975945,None
