Accuracy,Selection rate,Count,tpr,tnr,fpr,fnr,generation
0.9366936693669367,0.49844984498449846,9999.0,0.9413674173260296,0.9321499013806707,0.06785009861932939,0.05863258267397038,None
