difference_Accuracy,difference_Selection rate,difference_Count,difference_tpr,difference_tnr,difference_fpr,difference_fnr,ratio_Accuracy,ratio_Selection rate,ratio_Count,ratio_tpr,ratio_tnr,ratio_fpr,ratio_fnr,group_min_Accuracy,group_min_Selection rate,group_min_Count,group_min_tpr,group_min_tnr,group_min_fpr,group_min_fnr,group_max_Accuracy,group_max_Selection rate,group_max_Count,group_max_tpr,group_max_tnr,group_max_fpr,group_max_fnr,group_0_Accuracy,group_0_Selection rate,group_0_Count,group_0_tpr,group_0_tnr,group_0_fpr,group_0_fnr,group_1_Accuracy,group_1_Selection rate,group_1_Count,group_1_tpr,group_1_tnr,group_1_fpr,group_1_fnr,generation
0.00864411462688841,0.3783316171024138,35.0,0.01913905980241093,0.047468368484396284,0.04746836848439631,0.01913905980241091,0.9908139116536541,0.45032134254761574,0.9930237193541958,0.9797914904437445,0.9498442089851998,0.5302480936998702,0.7344004059495618,0.9323564833400241,0.30994618297787524,4982.0,0.9279401767505099,0.8989501312335958,0.05358150028200789,0.05292076344707924,0.9410005979669125,0.688277800080289,5017.0,0.9470792365529208,0.9464184997179921,0.1010498687664042,0.07205982324949015,0.9323564833400241,0.688277800080289,4982.0,0.9470792365529208,0.8989501312335958,0.1010498687664042,0.05292076344707924,0.9410005979669125,0.30994618297787524,5017.0,0.9279401767505099,0.9464184997179921,0.05358150028200789,0.07205982324949015,None
