Accuracy,Selection rate,Count,tpr,tnr,fpr,fnr,generation
0.9386938693869387,0.49484948494849484,9999.0,0.9397443700547778,0.9376725838264299,0.06232741617357002,0.060255629945222156,None
