Accuracy,Selection rate,Count,tpr,tnr,fpr,fnr,generation
0.93,0.4876,10000.0,0.9268192968111202,0.933046202036022,0.06695379796397807,0.0731807031888798,None
