difference_Accuracy,difference_Selection rate,difference_Count,difference_tpr,difference_tnr,difference_fpr,difference_fnr,ratio_Accuracy,ratio_Selection rate,ratio_Count,ratio_tpr,ratio_tnr,ratio_fpr,ratio_fnr,group_min_Accuracy,group_min_Selection rate,group_min_Count,group_min_tpr,group_min_tnr,group_min_fpr,group_min_fnr,group_max_Accuracy,group_max_Selection rate,group_max_Count,group_max_tpr,group_max_tnr,group_max_fpr,group_max_fnr,generation
0.005844123661656653,0.35889351418676024,46.0,0.013227790958909913,0.020350445518606985,0.02035044551860695,0.013227790958909857,0.9937355883157274,0.46263146206152056,0.9908421262193908,0.9857880845496175,0.9783317249745181,0.7492825112107624,0.839613034623218,0.9270644966847499,0.30897869798924943,4977.0,0.9175257731958762,0.9188311688311688,0.06081838565022422,0.06924643584521385,0.9329086203464065,0.6678722121760097,5023.0,0.9307535641547862,0.9391816143497758,0.08116883116883117,0.08247422680412371,None
