difference_Accuracy,difference_Selection rate,difference_Count,difference_tpr,difference_tnr,difference_fpr,difference_fnr,ratio_Accuracy,ratio_Selection rate,ratio_Count,ratio_tpr,ratio_tnr,ratio_fpr,ratio_fnr,group_min_Accuracy,group_min_Selection rate,group_min_Count,group_min_tpr,group_min_tnr,group_min_fpr,group_min_fnr,group_max_Accuracy,group_max_Selection rate,group_max_Count,group_max_tpr,group_max_tnr,group_max_fpr,group_max_fnr,generation
0.008630111654897688,0.3679052442090309,35.0,0.008104636427653356,0.030033840947546575,0.030033840947546527,0.008104636427653349,0.9908481779385707,0.45852173511096245,0.9930237193541958,0.9913978413852592,0.9682752457551385,0.6395939086294417,0.8770936063394013,0.9343637093536732,0.3115407614112019,4982.0,0.9340584636301835,0.9166666666666666,0.0532994923857868,0.0578368999421631,0.9429938210085709,0.6794460056202328,5017.0,0.9421631000578369,0.9467005076142132,0.08333333333333333,0.06594153636981645,None
