difference_Accuracy,difference_Selection rate,difference_Count,difference_tpr,difference_tnr,difference_fpr,difference_fnr,ratio_Accuracy,ratio_Selection rate,ratio_Count,ratio_tpr,ratio_tnr,ratio_fpr,ratio_fnr,group_min_Accuracy,group_min_Selection rate,group_min_Count,group_min_tpr,group_min_tnr,group_min_fpr,group_min_fnr,group_max_Accuracy,group_max_Selection rate,group_max_Count,group_max_tpr,group_max_tnr,group_max_fpr,group_max_fnr,generation
0.007047829132064476,0.3588879940699546,46.0,0.012751270537820214,0.02156033428454951,0.02156033428454953,0.012751270537820186,0.9924469285832388,0.4621543069900139,0.9908421262193908,0.9862829055278598,0.9770571808150097,0.736484803188839,0.8466686063427408,0.926059875426964,0.3083814453513836,4977.0,0.9168384879725086,0.9181818181818182,0.06025784753363229,0.07041024148967122,0.9331077045590285,0.6672694394213382,5023.0,0.9295897585103288,0.9397421524663677,0.08181818181818182,0.0831615120274914,None
