Accuracy,Selection rate,Count,tpr,tnr,fpr,fnr,generation
0.9380938093809381,0.49364936493649364,9999.0,0.9379184418746196,0.9382642998027614,0.06173570019723866,0.0620815581253804,None
