Accuracy,Selection rate,Count,tpr,tnr,fpr,fnr,generation
0.9296,0.487,10000.0,0.9257972199509403,0.9332419733750978,0.06675802662490211,0.07420278004905968,None
