difference_Accuracy,difference_Selection rate,difference_Count,difference_tpr,difference_tnr,difference_fpr,difference_fnr,ratio_Accuracy,ratio_Selection rate,ratio_Count,ratio_tpr,ratio_tnr,ratio_fpr,ratio_fnr,group_min_Accuracy,group_min_Selection rate,group_min_Count,group_min_tpr,group_min_tnr,group_min_fpr,group_min_fnr,group_max_Accuracy,group_max_Selection rate,group_max_Count,group_max_tpr,group_max_tnr,group_max_fpr,group_max_fnr,generation
0.007834222735433327,0.3666967077092443,35.0,0.009377952542287571,0.02712716113531488,0.027127161135314937,0.009377952542287578,0.9916833907186481,0.4588616712655643,0.9930237193541958,0.9900310605929202,0.9713370341520183,0.6638878571526832,0.863416156537574,0.9341629867523084,0.3109427944987044,4982.0,0.9313392250169953,0.9192913385826772,0.05358150028200789,0.05928282244071718,0.9419972094877417,0.6776395022079487,5017.0,0.9407171775592829,0.9464184997179921,0.08070866141732283,0.06866077498300475,None
