Accuracy,Selection rate,Count,tpr,tnr,fpr,fnr,generation
0.9358935893589359,0.49604960496049605,9999.0,0.9381213227835261,0.9337278106508876,0.06627218934911243,0.06187867721647393,None
