difference_Accuracy,difference_Selection rate,difference_Count,difference_tpr,difference_tnr,difference_fpr,difference_fnr,ratio_Accuracy,ratio_Selection rate,ratio_Count,ratio_tpr,ratio_tnr,ratio_fpr,ratio_fnr,group_min_Accuracy,group_min_Selection rate,group_min_Count,group_min_tpr,group_min_tnr,group_min_fpr,group_min_fnr,group_max_Accuracy,group_max_Selection rate,group_max_Count,group_max_tpr,group_max_tnr,group_max_fpr,group_max_fnr,group_0_Accuracy,group_0_Selection rate,group_0_Count,group_0_tpr,group_0_tnr,group_0_fpr,group_0_fnr,group_1_Accuracy,group_1_Selection rate,group_1_Count,group_1_tpr,group_1_tnr,group_1_fpr,group_1_fnr,generation
0.007049536193561745,0.3687137358032869,35.0,0.012574119501022052,0.032837265900138135,0.032837265900138114,0.012574119501022073,0.9924957515206664,0.45861130805423655,0.9930237193541958,0.9866498909319821,0.9651999566999732,0.6320294615308052,0.8221487520576589,0.9323564833400241,0.31233805062786524,4982.0,0.929299796057104,0.910761154855643,0.05640157924421884,0.058126084441873914,0.9394060195335858,0.6810517864311522,5017.0,0.941873915558126,0.9435984207557812,0.08923884514435695,0.07070020394289599,0.9323564833400241,0.6810517864311522,4982.0,0.941873915558126,0.910761154855643,0.08923884514435695,0.058126084441873914,0.9394060195335858,0.31233805062786524,5017.0,0.929299796057104,0.9435984207557812,0.05640157924421884,0.07070020394289599,None
