difference_Accuracy,difference_Selection rate,difference_Count,difference_tpr,difference_tnr,difference_fpr,difference_fnr,ratio_Accuracy,ratio_Selection rate,ratio_Count,ratio_tpr,ratio_tnr,ratio_fpr,ratio_fnr,group_min_Accuracy,group_min_Selection rate,group_min_Count,group_min_tpr,group_min_tnr,group_min_fpr,group_min_fnr,group_max_Accuracy,group_max_Selection rate,group_max_Count,group_max_tpr,group_max_tnr,group_max_fpr,group_max_fnr,group_0_Accuracy,group_0_Selection rate,group_0_Count,group_0_tpr,group_0_tnr,group_0_fpr,group_0_fnr,group_1_Accuracy,group_1_Selection rate,group_1_Count,group_1_tpr,group_1_tnr,group_1_fpr,group_1_fnr,generation
0.009862608692799979,0.3577100491446399,46.0,0.007067419740903302,0.027110389610389585,0.027110389610389612,0.007067419740903275,0.9894281085224212,0.4653684941162544,0.9908421262193908,0.9923901247965273,0.9710822510822511,0.697463768115942,0.9097974059384714,0.9230460116536066,0.3113677085407127,4977.0,0.9216494845360824,0.9103896103896104,0.0625,0.07128309572301425,0.9329086203464065,0.6690777576853526,5023.0,0.9287169042769857,0.9375,0.08961038961038961,0.07835051546391752,0.9230460116536066,0.6690777576853526,4977.0,0.9287169042769857,0.9103896103896104,0.08961038961038961,0.07128309572301425,0.9329086203464065,0.3113677085407127,5023.0,0.9216494845360824,0.9375,0.0625,0.07835051546391752,None
