Accuracy,Selection rate,Count,tpr,tnr,fpr,fnr,generation
0.8708896742470805,0.6178549477566072,26032.0,0.895886489513971,0.8305731205460203,0.16942687945397972,0.104113510486029,None
0.8708896742470805,0.6178549477566072,26032.0,0.895886489513971,0.8305731205460203,0.16942687945397972,0.104113510486029,None
0.8708896742470805,0.6178549477566072,26032.0,0.895886489513971,0.8305731205460203,0.16942687945397972,0.104113510486029,None
0.8708896742470805,0.6178549477566072,26032.0,0.895886489513971,0.8305731205460203,0.16942687945397972,0.104113510486029,None
