Accuracy,Selection rate,Count,tpr,tnr,fpr,fnr,generation
0.8971333014811276,0.613999044433827,20930.0,0.9232473492641241,0.8573323685479981,0.14266763145200193,0.07675265073587594,None
0.8971333014811276,0.613999044433827,20930.0,0.9232473492641241,0.8573323685479981,0.14266763145200193,0.07675265073587594,None
0.8971333014811276,0.613999044433827,20930.0,0.9232473492641241,0.8573323685479981,0.14266763145200193,0.07675265073587594,None
0.8971333014811276,0.613999044433827,20930.0,0.9232473492641241,0.8573323685479981,0.14266763145200193,0.07675265073587594,None
