difference_Accuracy,difference_Selection rate,difference_Count,difference_tpr,difference_tnr,difference_fpr,difference_fnr,ratio_Accuracy,ratio_Selection rate,ratio_Count,ratio_tpr,ratio_tnr,ratio_fpr,ratio_fnr,group_min_Accuracy,group_min_Selection rate,group_min_Count,group_min_tpr,group_min_tnr,group_min_fpr,group_min_fnr,group_max_Accuracy,group_max_Selection rate,group_max_Count,group_max_tpr,group_max_tnr,group_max_fpr,group_max_fnr,generation
0.017059080970153295,0.3678004226569434,46.0,0.00038473574912989417,0.055770630714576885,0.0557706307145769,0.00038473574912989417,0.9817918054158351,0.46223774865933975,0.9908421262193908,0.9995894639025894,0.9404757372451061,0.5306733808718666,0.9939153204893044,0.919831223628692,0.31614572964363924,4977.0,0.9367697594501718,0.8811688311688312,0.06306053811659193,0.06284550480069828,0.9368903045988453,0.6839461523005826,5023.0,0.9371544951993017,0.936939461883408,0.11883116883116883,0.06323024054982818,None
