difference_Accuracy,difference_Selection rate,difference_Count,difference_tpr,difference_tnr,difference_fpr,difference_fnr,ratio_Accuracy,ratio_Selection rate,ratio_Count,ratio_tpr,ratio_tnr,ratio_fpr,ratio_fnr,group_min_Accuracy,group_min_Selection rate,group_min_Count,group_min_tpr,group_min_tnr,group_min_fpr,group_min_fnr,group_max_Accuracy,group_max_Selection rate,group_max_Count,group_max_tpr,group_max_tnr,group_max_fpr,group_max_fnr,generation
0.010242893951812326,0.37920592266502645,35.0,0.0076231865025739864,0.060011058262387285,0.06001105826238725,0.007623186502573959,0.9891264073304608,0.45774859164260573,0.9930237193541958,0.9920142444938198,0.936153851605633,0.5002357770935619,0.8562345212142783,0.9317543155359294,0.32011162049033287,4982.0,0.946974847042828,0.8799212598425197,0.06006768189509306,0.045401966454598035,0.9419972094877417,0.6993175431553593,5017.0,0.954598033545402,0.939932318104907,0.12007874015748031,0.05302515295717199,None
