Accuracy,Selection rate,Count,tpr,tnr,fpr,fnr,generation
0.9368936893689369,0.5090509050905091,9999.0,0.9523229864069791,0.9218934911242603,0.07810650887573964,0.047677013593020894,None
