Accuracy,Selection rate,Count,tpr,tnr,fpr,fnr,generation
0.9284,0.4992,10000.0,0.9370400654129191,0.9201252936570086,0.07987470634299139,0.06295993458708095,None
