difference_Accuracy,difference_Selection rate,difference_Count,difference_tpr,difference_tnr,difference_fpr,difference_fnr,ratio_Accuracy,ratio_Selection rate,ratio_Count,ratio_tpr,ratio_tnr,ratio_fpr,ratio_fnr,group_min_Accuracy,group_min_Selection rate,group_min_Count,group_min_tpr,group_min_tnr,group_min_fpr,group_min_fnr,group_max_Accuracy,group_max_Selection rate,group_max_Count,group_max_tpr,group_max_tnr,group_max_fpr,group_max_fnr,generation
0.009833168069836362,0.36206782135509985,46.0,0.013834889573441256,0.025026206976879628,0.02502620697687962,0.013834889573441242,0.9894955331316911,0.45689826796735017,0.9908421262193908,0.9851125499486795,0.9735034105360515,0.6891906552871402,0.8363433794361219,0.9262607996785212,0.3045988453115668,4977.0,0.9154639175257732,0.9194805194805195,0.0554932735426009,0.07070119290078557,0.9360939677483575,0.6666666666666666,5023.0,0.9292988070992144,0.9445067264573991,0.08051948051948052,0.08453608247422681,None
