Accuracy,Selection rate,Count,tpr,tnr,fpr,fnr,generation
0.9312,0.4848,10000.0,0.9251839738348324,0.9369616288175411,0.06303837118245889,0.07481602616516762,None
