Accuracy,Selection rate,Count,tpr,tnr,fpr,fnr,generation
0.9377937793779378,0.49274927492749276,9999.0,0.9367011564211808,0.9388560157790927,0.0611439842209073,0.06329884357881924,None
