difference_Accuracy,difference_Selection rate,difference_Count,difference_tpr,difference_tnr,difference_fpr,difference_fnr,ratio_Accuracy,ratio_Selection rate,ratio_Count,ratio_tpr,ratio_tnr,ratio_fpr,ratio_fnr,group_min_Accuracy,group_min_Selection rate,group_min_Count,group_min_tpr,group_min_tnr,group_min_fpr,group_min_fnr,group_max_Accuracy,group_max_Selection rate,group_max_Count,group_max_tpr,group_max_tnr,group_max_fpr,group_max_fnr,generation
0.004035896578689857,0.37409123712416725,35.0,0.02411574614515688,0.030787712449649396,0.030787712449649382,0.024115746145156852,0.9957056006075743,0.45022933824407046,0.9930237193541958,0.9744509037469509,0.967527296744064,0.6276152875137646,0.6993706561057141,0.9357687675632276,0.3063583815028902,4982.0,0.919782460910945,0.9173228346456693,0.05188945290468133,0.05610179294389821,0.9398046641419174,0.6804496186270574,5017.0,0.9438982070561018,0.9481105470953187,0.08267716535433071,0.08021753908905506,None
