Accuracy,Selection rate,Count,tpr,tnr,fpr,fnr,generation
0.9366936693669367,0.48624862486248627,9999.0,0.9289916818827348,0.9441814595660749,0.05581854043392505,0.07100831811726517,None
0.9366936693669367,0.48624862486248627,9999.0,0.9289916818827348,0.9441814595660749,0.05581854043392505,0.07100831811726517,None
0.9366936693669367,0.48624862486248627,9999.0,0.9289916818827348,0.9441814595660749,0.05581854043392505,0.07100831811726517,None
0.9366936693669367,0.48624862486248627,9999.0,0.9289916818827348,0.9441814595660749,0.05581854043392505,0.07100831811726517,None
0.9366936693669367,0.48624862486248627,9999.0,0.9289916818827348,0.9441814595660749,0.05581854043392505,0.07100831811726517,None
0.9366936693669367,0.48624862486248627,9999.0,0.9289916818827348,0.9441814595660749,0.05581854043392505,0.07100831811726517,None
0.9366936693669367,0.48624862486248627,9999.0,0.9289916818827348,0.9441814595660749,0.05581854043392505,0.07100831811726517,None
0.9375937593759376,0.48834883488348835,9999.0,0.9320348955163319,0.9429980276134122,0.057001972386587774,0.06796510448366809,None
