Accuracy,Selection rate,Count,tpr,tnr,fpr,fnr,generation
0.9301,0.4787,10000.0,0.9178250204415372,0.9418559122944401,0.058144087705559906,0.0821749795584628,None
0.9301,0.4787,10000.0,0.9178250204415372,0.9418559122944401,0.058144087705559906,0.0821749795584628,None
0.9301,0.4787,10000.0,0.9178250204415372,0.9418559122944401,0.058144087705559906,0.0821749795584628,None
0.9301,0.4787,10000.0,0.9178250204415372,0.9418559122944401,0.058144087705559906,0.0821749795584628,None
0.9301,0.4787,10000.0,0.9178250204415372,0.9418559122944401,0.058144087705559906,0.0821749795584628,None
0.9301,0.4787,10000.0,0.9178250204415372,0.9418559122944401,0.058144087705559906,0.0821749795584628,None
0.9301,0.4787,10000.0,0.9178250204415372,0.9418559122944401,0.058144087705559906,0.0821749795584628,None
0.9311,0.4815,10000.0,0.9217089125102208,0.9400939702427564,0.05990602975724354,0.07829108748977923,None
