difference_Accuracy,difference_Selection rate,difference_Count,difference_tpr,difference_tnr,difference_fpr,difference_fnr,ratio_Accuracy,ratio_Selection rate,ratio_Count,ratio_tpr,ratio_tnr,ratio_fpr,ratio_fnr,group_min_Accuracy,group_min_Selection rate,group_min_Count,group_min_tpr,group_min_tnr,group_min_fpr,group_min_fnr,group_max_Accuracy,group_max_Selection rate,group_max_Count,group_max_tpr,group_max_tnr,group_max_fpr,group_max_fnr,generation
0.011033181682480242,0.3803920544096279,35.0,0.008693621309457278,0.059176137246803595,0.05917613724680354,0.008693621309457299,0.9883097206967258,0.45495737271533904,0.9930237193541958,0.9908901386399687,0.9372492276683118,0.49048342845125087,0.8401460381723539,0.932757928542754,0.317520430536177,4982.0,0.9456152277362339,0.8838582677165354,0.05696559503666103,0.04569115095430885,0.9437911102252342,0.6979124849458049,5017.0,0.9543088490456911,0.943034404963339,0.11614173228346457,0.054384772263766146,None
