Accuracy,Selection rate,Count,tpr,tnr,fpr,fnr,generation
0.9283,0.4985,10000.0,0.9362224039247752,0.9207126076742365,0.07928739232576351,0.06377759607522486,None
