Accuracy,Selection rate,Count,tpr,tnr,fpr,fnr,generation
0.9382938293829383,0.5070507050705071,9999.0,0.9517143436802596,0.9252465483234714,0.0747534516765286,0.048285656319740314,None
