difference_Accuracy,difference_Selection rate,difference_Count,difference_tpr,difference_tnr,difference_fpr,difference_fnr,ratio_Accuracy,ratio_Selection rate,ratio_Count,ratio_tpr,ratio_tnr,ratio_fpr,ratio_fnr,group_min_Accuracy,group_min_Selection rate,group_min_Count,group_min_tpr,group_min_tnr,group_min_fpr,group_min_fnr,group_max_Accuracy,group_max_Selection rate,group_max_Count,group_max_tpr,group_max_tnr,group_max_fpr,group_max_fnr,generation
0.018460030614247835,0.37079404600201343,46.0,0.0031338766426006748,0.06032991672005128,0.060329916720051245,0.0031338766426006887,0.9803090393341757,0.45849707542487655,0.9908421262193908,0.9966559658427139,0.9357441364605543,0.5031653917172251,0.9525021821355834,0.9190275266224633,0.31395580330479794,4977.0,0.934020618556701,0.8785714285714286,0.06109865470852018,0.06284550480069828,0.9374875572367112,0.6847498493068114,5023.0,0.9371544951993017,0.9389013452914798,0.12142857142857143,0.06597938144329897,None
