difference_Accuracy,difference_Selection rate,difference_Count,difference_tpr,difference_tnr,difference_fpr,difference_fnr,ratio_Accuracy,ratio_Selection rate,ratio_Count,ratio_tpr,ratio_tnr,ratio_fpr,ratio_fnr,group_min_Accuracy,group_min_Selection rate,group_min_Count,group_min_tpr,group_min_tnr,group_min_fpr,group_min_fnr,group_max_Accuracy,group_max_Selection rate,group_max_Count,group_max_tpr,group_max_tnr,group_max_fpr,group_max_fnr,generation
0.008032144742400216,0.3697131479185142,35.0,0.010230368579504545,0.03275066505011748,0.032750665050117464,0.010230368579504504,0.9914768887113744,0.4574636515669992,0.9930237193541958,0.9891582548121586,0.9653848410528416,0.621878685330462,0.8464400797913151,0.9343637093536732,0.31174008371536777,4982.0,0.9333786539768865,0.9133858267716536,0.05386350817822899,0.05639097744360902,0.9423958540960734,0.6814532316338819,5017.0,0.943609022556391,0.9461364918217711,0.08661417322834646,0.06662134602311352,None
