Accuracy,Selection rate,Count,tpr,tnr,fpr,fnr,generation
0.93,0.489,10000.0,0.928250204415372,0.9316758026624902,0.06832419733750979,0.07174979558462796,None
