Accuracy,Selection rate,Count,tpr,tnr,fpr,fnr,generation
0.9383938393839384,0.495949594959496,9999.0,0.9405558936904037,0.9362919132149902,0.06370808678500986,0.05944410630959627,None
