difference_Accuracy,difference_Selection rate,difference_Count,difference_tpr,difference_tnr,difference_fpr,difference_fnr,ratio_Accuracy,ratio_Selection rate,ratio_Count,ratio_tpr,ratio_tnr,ratio_fpr,ratio_fnr,group_min_Accuracy,group_min_Selection rate,group_min_Count,group_min_tpr,group_min_tnr,group_min_fpr,group_min_fnr,group_max_Accuracy,group_max_Selection rate,group_max_Count,group_max_tpr,group_max_tnr,group_max_fpr,group_max_fnr,generation
0.007444157518373129,0.3625064706369187,46.0,0.014286214202228309,0.027684759187001307,0.02768475918700134,0.014286214202228226,0.9920272914254182,0.45982194480241184,0.9908421262193908,0.9846796511035698,0.9705488310139473,0.6841886729779106,0.8253240196282179,0.9262607996785212,0.30858052956400556,4977.0,0.9182130584192439,0.9123376623376623,0.05997757847533632,0.06750072737852779,0.9337049571968943,0.6710870002009243,5023.0,0.9324992726214723,0.9400224215246636,0.08766233766233766,0.08178694158075601,None
