difference_Accuracy,difference_Selection rate,difference_Count,difference_tpr,difference_tnr,difference_fpr,difference_fnr,ratio_Accuracy,ratio_Selection rate,ratio_Count,ratio_tpr,ratio_tnr,ratio_fpr,ratio_fnr,group_min_Accuracy,group_min_Selection rate,group_min_Count,group_min_tpr,group_min_tnr,group_min_fpr,group_min_fnr,group_max_Accuracy,group_max_Selection rate,group_max_Count,group_max_tpr,group_max_tnr,group_max_fpr,group_max_fnr,group_0_Accuracy,group_0_Selection rate,group_0_Count,group_0_tpr,group_0_tnr,group_0_fpr,group_0_fnr,group_1_Accuracy,group_1_Selection rate,group_1_Count,group_1_tpr,group_1_tnr,group_1_fpr,group_1_fnr,generation
0.009512418915790688,0.3899922119470637,35.0,0.0814529132536932,0.027241518668034592,0.027241518668034516,0.08145291325369323,0.9898259186263484,0.4213992853126054,0.9930237193541958,0.9132273031326953,0.9714374851576432,0.6293207638385303,0.4294417362086535,0.9254534582419772,0.28403428343631654,4982.0,0.8572399728076139,0.926509186351706,0.046249294980259446,0.061307113938692884,0.9349658771577679,0.6740264953833802,5017.0,0.9386928860613071,0.9537507050197406,0.07349081364829396,0.14276002719238612,0.9349658771577679,0.6740264953833802,4982.0,0.9386928860613071,0.926509186351706,0.07349081364829396,0.061307113938692884,0.9254534582419772,0.28403428343631654,5017.0,0.8572399728076139,0.9537507050197406,0.046249294980259446,0.14276002719238612,None
