difference_Accuracy,difference_Selection rate,difference_Count,difference_tpr,difference_tnr,difference_fpr,difference_fnr,ratio_Accuracy,ratio_Selection rate,ratio_Count,ratio_tpr,ratio_tnr,ratio_fpr,ratio_fnr,group_min_Accuracy,group_min_Selection rate,group_min_Count,group_min_tpr,group_min_tnr,group_min_fpr,group_min_fnr,group_max_Accuracy,group_max_Selection rate,group_max_Count,group_max_tpr,group_max_tnr,group_max_fpr,group_max_fnr,group_0_Accuracy,group_0_Selection rate,group_0_Count,group_0_tpr,group_0_tnr,group_0_fpr,group_0_fnr,group_1_Accuracy,group_1_Selection rate,group_1_Count,group_1_tpr,group_1_tnr,group_1_fpr,group_1_fnr,generation
0.008672463509327821,0.3837219995575107,46.0,0.089195704317379,0.023577543532700473,0.02357754353270048,0.089195704317379,0.9906269596338926,0.4200472542369479,0.9908421262193908,0.9035653866817138,0.9751698124779589,0.6814963417512391,0.4569884946368768,0.9165837149114076,0.27792156082022695,4977.0,0.8357388316151203,0.925974025974026,0.05044843049327354,0.07506546406750073,0.9252561784207354,0.6616435603777376,5023.0,0.9249345359324993,0.9495515695067265,0.07402597402597402,0.16426116838487972,0.9252561784207354,0.6616435603777376,4977.0,0.9249345359324993,0.925974025974026,0.07402597402597402,0.07506546406750073,0.9165837149114076,0.27792156082022695,5023.0,0.8357388316151203,0.9495515695067265,0.05044843049327354,0.16426116838487972,None
