Accuracy,Selection rate,Count,tpr,tnr,fpr,fnr,generation
0.9301930193019302,0.47834783478347837,9999.0,0.9143842564414688,0.9455621301775148,0.054437869822485205,0.08561574355853115,None
