Accuracy,Selection rate,Count,tpr,tnr,fpr,fnr,generation
0.9209,0.4689,10000.0,0.8984055600981193,0.942443226311668,0.05755677368833203,0.10159443990188062,None
