generation,epoch,gen_loss
0,0,76664.0141153141
0,10,27486.633410395407
0,20,26537.205426897322
