Accuracy,Selection rate,Count,tpr,tnr,fpr,fnr,generation
0.614858635525507,0.36520436385986477,26032.0,0.48380250920666623,0.8245929477574668,0.17540705224253322,0.5161974907933338,None
0.5078749231714813,0.5016133988936693,26032.0,0.5077086324199488,0.5081410448506642,0.49185895514933575,0.4922913675800512,None
0.8757298709280885,0.6273432698217578,26032.0,0.9057504027760566,0.8267636951687891,0.17323630483121083,0.0942495972239435,None
0.8632068223724647,0.65019975414874,26032.0,0.9162254749299283,0.7778891450335772,0.22211085496642277,0.08377452507007163,None
0.8721189305470191,0.6439382298709281,26032.0,0.9162225802453836,0.8001819284414797,0.19981807155852033,0.08377741975461643,None
0.6198140749846343,0.34280885064535954,26032.0,0.4697544295927883,0.8624710968131095,0.1375289031868905,0.5302455704072117,None
0.6125537799631223,0.3617470805162876,26032.0,0.47920422754118747,0.8281894038403539,0.1718105961596461,0.5207957724588126,None
