Accuracy,Selection rate,Count,tpr,tnr,fpr,fnr,generation
0.7581462016244624,0.4393215480172002,20930.0,0.6630374753451677,0.9041792852816475,0.09582071471835252,0.33696252465483234,None
0.6981844242713808,0.5419015766841854,20930.0,0.6982248520710059,0.698122350090854,0.30187764990914595,0.30177514792899407,None
0.9037267080745341,0.6291925465838509,20930.0,0.9419876367094627,0.8456448508180944,0.15435514918190568,0.05801236329053733,None
0.8838509316770187,0.6368370759675107,20930.0,0.9318433983198605,0.8109961501443695,0.1890038498556304,0.06815660168013948,None
0.8906354515050168,0.6362637362637362,20930.0,0.9369947693770804,0.8202598652550529,0.17974013474494707,0.06300523062291964,None
0.7665551839464882,0.4354992833253703,20930.0,0.6669561784445321,0.9191772534785239,0.0808227465214761,0.3330438215554678,None
0.7637840420449116,0.4483038700430005,20930.0,0.675246742992499,0.8994555353901996,0.10054446460980036,0.32475325700750096,None
