difference_Accuracy,difference_Selection rate,difference_Count,difference_tpr,difference_tnr,difference_fpr,difference_fnr,ratio_Accuracy,ratio_Selection rate,ratio_Count,ratio_tpr,ratio_tnr,ratio_fpr,ratio_fnr,group_min_Accuracy,group_min_Selection rate,group_min_Count,group_min_tpr,group_min_tnr,group_min_fpr,group_min_fnr,group_max_Accuracy,group_max_Selection rate,group_max_Count,group_max_tpr,group_max_tnr,group_max_fpr,group_max_fnr,generation
0.0066294202785330825,0.361669652929856,46.0,0.01666421707574839,0.020658377496942548,0.02065837749694252,0.016664217075748347,0.9929089484542011,0.457495520605216,0.9908421262193908,0.9820959943453119,0.9781018743585588,0.7326562912160379,0.8060285132382893,0.9282700421940928,0.30499701373681065,4977.0,0.9140893470790378,0.9227272727272727,0.05661434977578475,0.06924643584521385,0.9348994624726259,0.6666666666666666,5023.0,0.9307535641547862,0.9433856502242153,0.07727272727272727,0.0859106529209622,None
