Accuracy,Selection rate,Count,tpr,tnr,fpr,fnr,generation
0.9387938793879388,0.49274927492749276,9999.0,0.9377155609657132,0.9398422090729783,0.0601577909270217,0.062284439034286876,None
