difference_Accuracy,difference_Selection rate,difference_Count,difference_tpr,difference_tnr,difference_fpr,difference_fnr,ratio_Accuracy,ratio_Selection rate,ratio_Count,ratio_tpr,ratio_tnr,ratio_fpr,ratio_fnr,group_min_Accuracy,group_min_Selection rate,group_min_Count,group_min_tpr,group_min_tnr,group_min_fpr,group_min_fnr,group_max_Accuracy,group_max_Selection rate,group_max_Count,group_max_tpr,group_max_tnr,group_max_fpr,group_max_fnr,generation
0.0036288501871637457,0.37409123712416725,35.0,0.02362368033769513,0.029383224305083666,0.029383224305083687,0.02362368033769515,0.9961419916531044,0.45022933824407046,0.9930237193541958,0.9749951984671718,0.9690270768769838,0.6359346842199387,0.700427295028021,0.9369731031714171,0.3063583815028902,4982.0,0.9211420802175391,0.9192913385826772,0.05132543711223914,0.05523423944476576,0.9406019533585809,0.6804496186270574,5017.0,0.9447657605552342,0.9486745628877609,0.08070866141732283,0.07885791978246091,None
