Accuracy,Selection rate,Count,tpr,tnr,fpr,fnr,generation
0.9316,0.485,10000.0,0.9257972199509403,0.9371574001566171,0.06284259984338293,0.07420278004905968,None
