difference_Accuracy,difference_Selection rate,difference_Count,difference_tpr,difference_tnr,difference_fpr,difference_fnr,ratio_Accuracy,ratio_Selection rate,ratio_Count,ratio_tpr,ratio_tnr,ratio_fpr,ratio_fnr,group_min_Accuracy,group_min_Selection rate,group_min_Count,group_min_tpr,group_min_tnr,group_min_fpr,group_min_fnr,group_max_Accuracy,group_max_Selection rate,group_max_Count,group_max_tpr,group_max_tnr,group_max_fpr,group_max_fnr,group_0_Accuracy,group_0_Selection rate,group_0_Count,group_0_tpr,group_0_tnr,group_0_fpr,group_0_fnr,group_1_Accuracy,group_1_Selection rate,group_1_Count,group_1_tpr,group_1_tnr,group_1_fpr,group_1_fnr,generation
0.006690141563395424,0.3704311983241565,46.0,0.03812583298589145,0.03309868382738346,0.03309868382738338,0.03812583298589137,0.992793355978354,0.4445206164328632,0.9908421262193908,0.9588317662668838,0.9649670412648756,0.6252060801899235,0.6596743129173501,0.9216395418927065,0.2964363925940673,4977.0,0.8879725085910652,0.9116883116883117,0.05521300448430493,0.07390165842304335,0.9283296834561019,0.6668675909182238,5023.0,0.9260983415769567,0.9447869955156951,0.08831168831168831,0.11202749140893471,0.9216395418927065,0.6668675909182238,4977.0,0.9260983415769567,0.9116883116883117,0.08831168831168831,0.07390165842304335,0.9283296834561019,0.2964363925940673,5023.0,0.8879725085910652,0.9447869955156951,0.05521300448430493,0.11202749140893471,None
