Accuracy,Selection rate,Count,tpr,tnr,fpr,fnr,generation
0.925,0.4808,10000.0,0.9147587898609976,0.9348081440877055,0.06519185591229444,0.08524121013900245,None
