difference_Accuracy,difference_Selection rate,difference_Count,difference_tpr,difference_tnr,difference_fpr,difference_fnr,ratio_Accuracy,ratio_Selection rate,ratio_Count,ratio_tpr,ratio_tnr,ratio_fpr,ratio_fnr,group_min_Accuracy,group_min_Selection rate,group_min_Count,group_min_tpr,group_min_tnr,group_min_fpr,group_min_fnr,group_max_Accuracy,group_max_Selection rate,group_max_Count,group_max_tpr,group_max_tnr,group_max_fpr,group_max_fnr,group_0_Accuracy,group_0_Selection rate,group_0_Count,group_0_tpr,group_0_tnr,group_0_fpr,group_0_fnr,group_1_Accuracy,group_1_Selection rate,group_1_Count,group_1_tpr,group_1_tnr,group_1_fpr,group_1_fnr,generation
0.004656268246372552,0.3778811614977163,35.0,0.03228859944663731,0.03725724005311515,0.03725724005311518,0.032288599446637305,0.9950317954504357,0.4449870440502292,0.9930237193541958,0.965718766691289,0.9607270590878876,0.5794071567337219,0.6428832346917032,0.932557205941389,0.30296990233207094,4982.0,0.9095853161114887,0.9114173228346457,0.05132543711223914,0.058126084441873914,0.9372134741877616,0.6808510638297872,5017.0,0.941873915558126,0.9486745628877609,0.08858267716535433,0.09041468388851122,0.932557205941389,0.6808510638297872,4982.0,0.941873915558126,0.9114173228346457,0.08858267716535433,0.058126084441873914,0.9372134741877616,0.30296990233207094,5017.0,0.9095853161114887,0.9486745628877609,0.05132543711223914,0.09041468388851122,None
