Accuracy,Selection rate,Count,tpr,tnr,fpr,fnr,generation
0.9348934893489349,0.49124912491249123,9999.0,0.9322377764252384,0.9374753451676529,0.06252465483234713,0.06776222357476161,None
