difference_Accuracy,difference_Selection rate,difference_Count,difference_tpr,difference_tnr,difference_fpr,difference_fnr,ratio_Accuracy,ratio_Selection rate,ratio_Count,ratio_tpr,ratio_tnr,ratio_fpr,ratio_fnr,group_min_Accuracy,group_min_Selection rate,group_min_Count,group_min_tpr,group_min_tnr,group_min_fpr,group_min_fnr,group_max_Accuracy,group_max_Selection rate,group_max_Count,group_max_tpr,group_max_tnr,group_max_fpr,group_max_fnr,generation
0.008037730078368388,0.3594944469024965,46.0,0.010478650065439132,0.023050492108788068,0.023050492108788075,0.010478650065439063,0.9914007416009277,0.4620553631287658,0.9908421262193908,0.9887417567130621,0.9754933981394053,0.7204900956887116,0.8685652082309152,0.9266626481816356,0.3087796137766275,4977.0,0.920274914089347,0.9175324675324675,0.05941704035874439,0.06924643584521385,0.934700378260004,0.668274060679124,5023.0,0.9307535641547862,0.9405829596412556,0.08246753246753247,0.07972508591065292,None
