Accuracy,Selection rate,Count,tpr,tnr,fpr,fnr,generation
0.9385938593859386,0.4951495149514952,9999.0,0.9399472509636844,0.9372781065088758,0.06272189349112427,0.06005274903631568,None
