Accuracy,Selection rate,Count,tpr,tnr,fpr,fnr,generation
0.9307,0.4877,10000.0,0.9276369582992641,0.9336335160532498,0.0663664839467502,0.07236304170073589,None
