difference_Accuracy,difference_Selection rate,difference_Count,difference_tpr,difference_tnr,difference_fpr,difference_fnr,ratio_Accuracy,ratio_Selection rate,ratio_Count,ratio_tpr,ratio_tnr,ratio_fpr,ratio_fnr,group_min_Accuracy,group_min_Selection rate,group_min_Count,group_min_tpr,group_min_tnr,group_min_fpr,group_min_fnr,group_max_Accuracy,group_max_Selection rate,group_max_Count,group_max_tpr,group_max_tnr,group_max_fpr,group_max_fnr,generation
0.00883083425626252,0.3677073222020642,35.0,0.007424826774356297,0.030408001030328036,0.030408001030328063,0.007424826774356276,0.990635321187134,0.4589728649702647,0.9930237193541958,0.9921193827545353,0.9678704494476927,0.6379547377326565,0.8862299980721033,0.9341629867523084,0.31193940601953357,4982.0,0.9347382732834806,0.916010498687664,0.05358150028200789,0.0578368999421631,0.9429938210085709,0.6796467282215978,5017.0,0.9421631000578369,0.9464184997179921,0.08398950131233596,0.06526172671651938,None
