difference_Accuracy,difference_Selection rate,difference_Count,difference_tpr,difference_tnr,difference_fpr,difference_fnr,ratio_Accuracy,ratio_Selection rate,ratio_Count,ratio_tpr,ratio_tnr,ratio_fpr,ratio_fnr,group_min_Accuracy,group_min_Selection rate,group_min_Count,group_min_tpr,group_min_tnr,group_min_fpr,group_min_fnr,group_max_Accuracy,group_max_Selection rate,group_max_Count,group_max_tpr,group_max_tnr,group_max_fpr,group_max_fnr,generation
0.005890804649426373,0.3809329805418683,46.0,0.07917737737797792,0.022839380350591187,0.02283938035059111,0.07917737737797789,0.9936374707595063,0.42408765365829937,0.9908421262193908,0.9144236962112862,0.9759613837489943,0.6859585201793722,0.48570051747786686,0.9199681465259805,0.2805096555843122,4977.0,0.8460481099656357,0.9272727272727272,0.04988789237668161,0.07477451265638638,0.9258589511754068,0.6614426361261805,5023.0,0.9252254873436137,0.9501121076233184,0.07272727272727272,0.15395189003436427,None
