Accuracy,Selection rate,Count,tpr,tnr,fpr,fnr,generation
0.9229,0.4701,10000.0,0.901676206050695,0.9432263116679718,0.05677368833202819,0.09832379394930499,None
