Accuracy,Selection rate,Count,tpr,tnr,fpr,fnr,generation
0.9324932493249325,0.48144814481448145,9999.0,0.9198620409819436,0.9447731755424064,0.055226824457593686,0.0801379590180564,None
