difference_Accuracy,difference_Selection rate,difference_Count,difference_tpr,difference_tnr,difference_fpr,difference_fnr,ratio_Accuracy,ratio_Selection rate,ratio_Count,ratio_tpr,ratio_tnr,ratio_fpr,ratio_fnr,group_min_Accuracy,group_min_Selection rate,group_min_Count,group_min_tpr,group_min_tnr,group_min_fpr,group_min_fnr,group_max_Accuracy,group_max_Selection rate,group_max_Count,group_max_tpr,group_max_tnr,group_max_fpr,group_max_fnr,generation
0.00732827535316094,0.3846133103289842,35.0,0.0669740292267037,0.024237135332702775,0.024237135332702706,0.06697402922670376,0.9921720695091235,0.42971919283958354,0.9930237193541958,0.9287396329027873,0.9745423928051646,0.6642055068451007,0.4731615134091913,0.9288419374127965,0.2898146302571258,4982.0,0.8728755948334467,0.9278215223097113,0.047941342357586014,0.06015037593984962,0.9361702127659575,0.67442794058611,5017.0,0.9398496240601504,0.952058657642414,0.07217847769028872,0.12712440516655338,None
