difference_Accuracy,difference_Selection rate,difference_Count,difference_tpr,difference_tnr,difference_fpr,difference_fnr,ratio_Accuracy,ratio_Selection rate,ratio_Count,ratio_tpr,ratio_tnr,ratio_fpr,ratio_fnr,group_min_Accuracy,group_min_Selection rate,group_min_Count,group_min_tpr,group_min_tnr,group_min_fpr,group_min_fnr,group_max_Accuracy,group_max_Selection rate,group_max_Count,group_max_tpr,group_max_tnr,group_max_fpr,group_max_fnr,generation
0.0030962655169783915,0.37774763313991727,46.0,0.06966076665196919,0.02329727447440444,0.023297274474404515,0.06966076665196913,0.9966528858648998,0.42890341125839365,0.9908421262193908,0.9246620343037073,0.9754577279820859,0.685282432538746,0.5196378413335778,0.9219589886521998,0.2836950029862632,4977.0,0.8549828178694158,0.925974025974026,0.05072869955156951,0.07535641547861507,0.9250552541691782,0.6614426361261805,5023.0,0.924643584521385,0.9492713004484304,0.07402597402597402,0.1450171821305842,None
