Accuracy,Selection rate,Count,tpr,tnr,fpr,fnr,generation
0.9235,0.4717,10000.0,0.9039247751430908,0.942247454972592,0.05775254502740799,0.09607522485690924,None
