Accuracy,Selection rate,Count,tpr,tnr,fpr,fnr,generation
0.933093309330933,0.48244824482448245,9999.0,0.9214850882531954,0.9443786982248521,0.05562130177514793,0.07851491174680462,None
