difference_Accuracy,difference_Selection rate,difference_Count,difference_tpr,difference_tnr,difference_fpr,difference_fnr,ratio_Accuracy,ratio_Selection rate,ratio_Count,ratio_tpr,ratio_tnr,ratio_fpr,ratio_fnr,group_min_Accuracy,group_min_Selection rate,group_min_Count,group_min_tpr,group_min_tnr,group_min_fpr,group_min_fnr,group_max_Accuracy,group_max_Selection rate,group_max_Count,group_max_tpr,group_max_tnr,group_max_fpr,group_max_fnr,generation
0.005732296622635191,0.38302013219285663,35.0,0.06153555200032712,0.024611295415484236,0.02461129541548423,0.061535552000327134,0.9938755518391661,0.43225043184028217,0.9930237193541958,0.934526172671652,0.9741417322834646,0.6620935656468652,0.4943083966900491,0.9302371935419573,0.2916085309946183,4982.0,0.8783140720598233,0.9271653543307087,0.048223350253807105,0.06015037593984962,0.9359694901645925,0.6746286631874749,5017.0,0.9398496240601504,0.9517766497461929,0.07283464566929133,0.12168592794017676,None
