difference_Accuracy,difference_Selection rate,difference_Count,difference_tpr,difference_tnr,difference_fpr,difference_fnr,ratio_Accuracy,ratio_Selection rate,ratio_Count,ratio_tpr,ratio_tnr,ratio_fpr,ratio_fnr,group_min_Accuracy,group_min_Selection rate,group_min_Count,group_min_tpr,group_min_tnr,group_min_fpr,group_min_fnr,group_max_Accuracy,group_max_Selection rate,group_max_Count,group_max_tpr,group_max_tnr,group_max_fpr,group_max_fnr,group_0_Accuracy,group_0_Selection rate,group_0_Count,group_0_tpr,group_0_tnr,group_0_fpr,group_0_fnr,group_1_Accuracy,group_1_Selection rate,group_1_Count,group_1_tpr,group_1_tnr,group_1_fpr,group_1_fnr,generation
0.00334322956704336,0.3798169723542124,35.0,0.053580717468513006,0.021802319126352887,0.021802319126352866,0.0535807174685131,0.9964295884881007,0.43531836578075606,0.9930237193541958,0.9429198641385959,0.9771201469008443,0.6835549109660785,0.5336258260580901,0.933027705800279,0.2928044648196133,4982.0,0.8851121685927941,0.9311023622047244,0.04709531866892273,0.061307113938692884,0.9363709353673224,0.6726214371738257,5017.0,0.9386928860613071,0.9529046813310773,0.0688976377952756,0.11488783140720599,0.9363709353673224,0.6726214371738257,4982.0,0.9386928860613071,0.9311023622047244,0.0688976377952756,0.061307113938692884,0.933027705800279,0.2928044648196133,5017.0,0.8851121685927941,0.9529046813310773,0.04709531866892273,0.11488783140720599,None
