difference_Accuracy,difference_Selection rate,difference_Count,difference_tpr,difference_tnr,difference_fpr,difference_fnr,ratio_Accuracy,ratio_Selection rate,ratio_Count,ratio_tpr,ratio_tnr,ratio_fpr,ratio_fnr,group_min_Accuracy,group_min_Selection rate,group_min_Count,group_min_tpr,group_min_tnr,group_min_fpr,group_min_fnr,group_max_Accuracy,group_max_Selection rate,group_max_Count,group_max_tpr,group_max_tnr,group_max_fpr,group_max_fnr,group_0_Accuracy,group_0_Selection rate,group_0_Count,group_0_tpr,group_0_tnr,group_0_fpr,group_0_fnr,group_1_Accuracy,group_1_Selection rate,group_1_Count,group_1_tpr,group_1_tnr,group_1_fpr,group_1_fnr,generation
0.0012596666545463542,0.36536945121758774,46.0,0.04198378870728592,0.011786587851610242,0.01178658785161027,0.04198378870728588,0.9986439550780569,0.44441070616867273,0.9908421262193908,0.9545517222718294,0.9875688603445033,0.8147821909032672,0.6448464385517386,0.9276672694394213,0.2922556241290066,4977.0,0.881786941580756,0.9363636363636364,0.05184977578475336,0.0762292697119581,0.9289269360939677,0.6576250753465943,5023.0,0.9237707302880419,0.9481502242152466,0.06363636363636363,0.11821305841924398,0.9276672694394213,0.6576250753465943,4977.0,0.9237707302880419,0.9363636363636364,0.06363636363636363,0.0762292697119581,0.9289269360939677,0.2922556241290066,5023.0,0.881786941580756,0.9481502242152466,0.05184977578475336,0.11821305841924398,None
