Accuracy,Selection rate,Count,tpr,tnr,fpr,fnr,generation
0.9283,0.4741,10000.0,0.911283728536386,0.9445967110415036,0.05540328895849648,0.08871627146361406,None
