Accuracy,Selection rate,Count,tpr,tnr,fpr,fnr,generation
0.9346934693469346,0.48204820482048205,9999.0,0.9227023737066342,0.9463510848126233,0.053648915187376724,0.0772976262933658,None
