generation,epoch,gen_loss
0,0,78585.20110212054
0,10,27301.673120615433
0,20,26348.90863161671
