difference_Accuracy,difference_Selection rate,difference_Count,difference_tpr,difference_tnr,difference_fpr,difference_fnr,ratio_Accuracy,ratio_Selection rate,ratio_Count,ratio_tpr,ratio_tnr,ratio_fpr,ratio_fnr,group_min_Accuracy,group_min_Selection rate,group_min_Count,group_min_tpr,group_min_tnr,group_min_fpr,group_min_fnr,group_max_Accuracy,group_max_Selection rate,group_max_Count,group_max_tpr,group_max_tnr,group_max_fpr,group_max_fnr,generation
0.006533786730895774,0.384223067503847,35.0,0.06337209965246748,0.025267463394486933,0.025267463394486857,0.06337209965246746,0.9930237193541958,0.43131333264879207,0.9930237193541958,0.932654972157888,0.9734523184601924,0.6561820159535896,0.4821091189512242,0.9300378712377915,0.29140920869045245,4982.0,0.8776342624065262,0.926509186351706,0.048223350253807105,0.058993637941006365,0.9365716579686872,0.6756322761942994,5017.0,0.9410063620589937,0.9517766497461929,0.07349081364829396,0.12236573759347383,None
