Accuracy,Selection rate,Count,tpr,tnr,fpr,fnr,generation
0.9245,0.4729,10000.0,0.9061733442354865,0.9420516836335161,0.05794831636648395,0.09382665576451349,None
