difference_Accuracy,difference_Selection rate,difference_Count,difference_tpr,difference_tnr,difference_fpr,difference_fnr,ratio_Accuracy,ratio_Selection rate,ratio_Count,ratio_tpr,ratio_tnr,ratio_fpr,ratio_fnr,group_min_Accuracy,group_min_Selection rate,group_min_Count,group_min_tpr,group_min_tnr,group_min_fpr,group_min_fnr,group_max_Accuracy,group_max_Selection rate,group_max_Count,group_max_tpr,group_max_tnr,group_max_fpr,group_max_fnr,generation
0.0023054487832961934,0.37575863105263313,46.0,0.06405710246388852,0.022087385708462026,0.022087385708461936,0.06405710246388854,0.9975093947049132,0.4320829921807,0.9908421262193908,0.9307659556074261,0.9767185251971071,0.6989860708758284,0.5385985936388227,0.9233525781405535,0.2858849293251045,4977.0,0.8611683848797251,0.9266233766233766,0.05128923766816144,0.07477451265638638,0.9256580269238497,0.6616435603777376,5023.0,0.9252254873436137,0.9487107623318386,0.07337662337662337,0.13883161512027492,None
