Accuracy,Selection rate,Count,tpr,tnr,fpr,fnr,generation
0.9332933293329333,0.48284828482848285,9999.0,0.9220937309799148,0.9441814595660749,0.05581854043392505,0.07790626902008521,None
