difference_Accuracy,difference_Selection rate,difference_Count,difference_tpr,difference_tnr,difference_fpr,difference_fnr,ratio_Accuracy,ratio_Selection rate,ratio_Count,ratio_tpr,ratio_tnr,ratio_fpr,ratio_fnr,group_min_Accuracy,group_min_Selection rate,group_min_Count,group_min_tpr,group_min_tnr,group_min_fpr,group_min_fnr,group_max_Accuracy,group_max_Selection rate,group_max_Count,group_max_tpr,group_max_tnr,group_max_fpr,group_max_fnr,generation
0.009447879917139024,0.35847510533322885,46.0,0.010714610660019774,0.022592597984974705,0.022592597984974663,0.010714610660019774,0.9898877688421501,0.4614758227457048,0.9908421262193908,0.9884485204396211,0.9760016702559126,0.7216591928251122,0.8711590205757953,0.9248543299176211,0.307186940075652,4977.0,0.9168384879725086,0.9188311688311688,0.058576233183856505,0.07244690136747163,0.9343022098347601,0.6656620454088809,5023.0,0.9275530986325283,0.9414237668161435,0.08116883116883117,0.0831615120274914,None
