Accuracy,Selection rate,Count,tpr,tnr,fpr,fnr,generation
0.9296,0.4856,10000.0,0.9243663123466884,0.9346123727486296,0.0653876272513704,0.07563368765331153,None
