difference_Accuracy,difference_Selection rate,difference_Count,difference_tpr,difference_tnr,difference_fpr,difference_fnr,ratio_Accuracy,ratio_Selection rate,ratio_Count,ratio_tpr,ratio_tnr,ratio_fpr,ratio_fnr,group_min_Accuracy,group_min_Selection rate,group_min_Count,group_min_tpr,group_min_tnr,group_min_fpr,group_min_fnr,group_max_Accuracy,group_max_Selection rate,group_max_Count,group_max_tpr,group_max_tnr,group_max_fpr,group_max_fnr,generation
0.008432189647930799,0.36569169440522054,35.0,0.007830589389858034,0.025722672990749262,0.02572267299074925,0.007830589389858061,0.9910542830484946,0.4593839698733505,0.9930237193541958,0.991668252889191,0.9728372250073862,0.6733220530174845,0.8848120300751879,0.9341629867523084,0.3107434721945386,4982.0,0.9320190346702923,0.9212598425196851,0.05301748448956571,0.06015037593984962,0.9425951764002392,0.6764351665997591,5017.0,0.9398496240601504,0.9469825155104343,0.07874015748031496,0.06798096532970768,None
