Accuracy,Selection rate,Count,tpr,tnr,fpr,fnr,generation
0.9383938393839384,0.49294929492949296,9999.0,0.9375126800568067,0.939250493096647,0.060749506903353054,0.06248731994319334,None
