difference_Accuracy,difference_Selection rate,difference_Count,difference_tpr,difference_tnr,difference_fpr,difference_fnr,ratio_Accuracy,ratio_Selection rate,ratio_Count,ratio_tpr,ratio_tnr,ratio_fpr,ratio_fnr,group_min_Accuracy,group_min_Selection rate,group_min_Count,group_min_tpr,group_min_tnr,group_min_fpr,group_min_fnr,group_max_Accuracy,group_max_Selection rate,group_max_Count,group_max_tpr,group_max_tnr,group_max_fpr,group_max_fnr,generation
0.009237880647788743,0.3701159934184431,35.0,0.009651999580082893,0.035749497048909507,0.0357494970489095,0.009651999580082872,0.9901953782081752,0.45735200729526676,0.9930237193541958,0.9897649142753981,0.9622040201146592,0.6023194634851236,0.8551215165071234,0.9329586511441188,0.31193940601953357,4982.0,0.9333786539768865,0.9101049868766404,0.05414551607445008,0.05696934644303065,0.9421965317919075,0.6820553994379767,5017.0,0.9430306535569694,0.9458544839255499,0.08989501312335958,0.06662134602311352,None
