difference_Accuracy,difference_Selection rate,difference_Count,difference_tpr,difference_tnr,difference_fpr,difference_fnr,ratio_Accuracy,ratio_Selection rate,ratio_Count,ratio_tpr,ratio_tnr,ratio_fpr,ratio_fnr,group_min_Accuracy,group_min_Selection rate,group_min_Count,group_min_tpr,group_min_tnr,group_min_fpr,group_min_fnr,group_max_Accuracy,group_max_Selection rate,group_max_Count,group_max_tpr,group_max_tnr,group_max_fpr,group_max_fnr,generation
0.007256113539362508,0.3611055209928243,46.0,0.014206027593391957,0.026932764544872145,0.026932764544872173,0.014206027593391901,0.9922170706153709,0.4612643351375041,0.9908421262193908,0.9847418384879725,0.9713060304878758,0.6950260485360062,0.8291754533191305,0.9250552541691782,0.30917778220187137,4977.0,0.9168384879725086,0.9116883116883117,0.06137892376681614,0.0689554844340995,0.9323113677085407,0.6702833031946956,5023.0,0.9310445155659005,0.9386210762331838,0.08831168831168831,0.0831615120274914,None
