Accuracy,Selection rate,Count,tpr,tnr,fpr,fnr,generation
0.9375937593759376,0.4963496349634963,9999.0,0.9401501318725908,0.9351084812623274,0.06489151873767258,0.05984986812740921,None
