Accuracy,Selection rate,Count,tpr,tnr,fpr,fnr,generation
0.9287,0.4889,10000.0,0.9268192968111202,0.9305011746280345,0.06949882537196554,0.0731807031888798,None
