difference_Accuracy,difference_Selection rate,difference_Count,difference_tpr,difference_tnr,difference_fpr,difference_fnr,ratio_Accuracy,ratio_Selection rate,ratio_Count,ratio_tpr,ratio_tnr,ratio_fpr,ratio_fnr,group_min_Accuracy,group_min_Selection rate,group_min_Count,group_min_tpr,group_min_tnr,group_min_fpr,group_min_fnr,group_max_Accuracy,group_max_Selection rate,group_max_Count,group_max_tpr,group_max_tnr,group_max_fpr,group_max_fnr,generation
0.014862314377603436,0.3801899315110639,35.0,0.008145527233866745,0.06695244947173484,0.06695244947173482,0.00814552723386671,0.9842158697645139,0.45493345646385025,0.9930237193541958,0.991422888801854,0.9288968595906644,0.46578254976479655,0.8606735981276985,0.9267362505018065,0.31732110823201115,4982.0,0.9415363698164514,0.8746719160104987,0.0583756345177665,0.0503181029496819,0.94159856487941,0.697511039743075,5017.0,0.9496818970503181,0.9416243654822335,0.12532808398950132,0.05846363018354861,None
