Accuracy,Selection rate,Count,tpr,tnr,fpr,fnr,generation
0.9341934193419342,0.5067506750675067,9999.0,0.9472509636843173,0.9214990138067061,0.07850098619329389,0.052749036315682694,None
