Accuracy,Selection rate,Count,tpr,tnr,fpr,fnr,generation
0.9257,0.4999,10000.0,0.9349959116925592,0.9167971808927173,0.0832028191072827,0.06500408830744071,None
