difference_Accuracy,difference_Selection rate,difference_Count,difference_tpr,difference_tnr,difference_fpr,difference_fnr,ratio_Accuracy,ratio_Selection rate,ratio_Count,ratio_tpr,ratio_tnr,ratio_fpr,ratio_fnr,group_min_Accuracy,group_min_Selection rate,group_min_Count,group_min_tpr,group_min_tnr,group_min_fpr,group_min_fnr,group_max_Accuracy,group_max_Selection rate,group_max_Count,group_max_tpr,group_max_tnr,group_max_fpr,group_max_fnr,generation
0.019283968048763866,0.3764070447730674,46.0,0.010192297886252977,0.07145769029177096,0.071457690291771,0.01019229788625299,0.9793819984016728,0.45366641532937985,0.9908421262193908,0.989134327594587,0.92384676255644,0.46319588756425684,0.8587638721476372,0.9160136628491059,0.31256221381644433,4977.0,0.9278350515463918,0.8668831168831169,0.061659192825112105,0.06197265056735525,0.9352976308978698,0.6889692585895117,5023.0,0.9380273494326448,0.9383408071748879,0.1331168831168831,0.07216494845360824,None
