difference_Accuracy,difference_Selection rate,difference_Count,difference_tpr,difference_tnr,difference_fpr,difference_fnr,ratio_Accuracy,ratio_Selection rate,ratio_Count,ratio_tpr,ratio_tnr,ratio_fpr,ratio_fnr,group_min_Accuracy,group_min_Selection rate,group_min_Count,group_min_tpr,group_min_tnr,group_min_fpr,group_min_fnr,group_max_Accuracy,group_max_Selection rate,group_max_Count,group_max_tpr,group_max_tnr,group_max_fpr,group_max_fnr,group_0_Accuracy,group_0_Selection rate,group_0_Count,group_0_tpr,group_0_tnr,group_0_fpr,group_0_fnr,group_1_Accuracy,group_1_Selection rate,group_1_Count,group_1_tpr,group_1_tnr,group_1_fpr,group_1_fnr,generation
0.006526785244900468,0.38263268996211763,35.0,0.06104348619286548,0.025636072140728605,0.025636072140728598,0.06104348619286542,0.9930237193541956,0.43417154603999114,0.9930237193541958,0.9351096294943348,0.973001035993162,0.6631950522200829,0.49268379553838965,0.9290412597169623,0.29360175403627664,4982.0,0.8796736913664174,0.9238845144356955,0.05047941342357586,0.05928282244071718,0.9355680449618627,0.6762344439983943,5017.0,0.9407171775592829,0.9495205865764241,0.07611548556430446,0.1203263086335826,0.9355680449618627,0.6762344439983943,4982.0,0.9407171775592829,0.9238845144356955,0.07611548556430446,0.05928282244071718,0.9290412597169623,0.29360175403627664,5017.0,0.8796736913664174,0.9495205865764241,0.05047941342357586,0.1203263086335826,None
