Accuracy,Selection rate,Count,tpr,tnr,fpr,fnr,generation
0.9269,0.4757,10000.0,0.9114881439084219,0.9416601409553641,0.058339859044635865,0.08851185609157809,None
