difference_Accuracy,difference_Selection rate,difference_Count,difference_tpr,difference_tnr,difference_fpr,difference_fnr,ratio_Accuracy,ratio_Selection rate,ratio_Count,ratio_tpr,ratio_tnr,ratio_fpr,ratio_fnr,group_min_Accuracy,group_min_Selection rate,group_min_Count,group_min_tpr,group_min_tnr,group_min_fpr,group_min_fnr,group_max_Accuracy,group_max_Selection rate,group_max_Count,group_max_tpr,group_max_tnr,group_max_fpr,group_max_fnr,group_0_Accuracy,group_0_Selection rate,group_0_Count,group_0_tpr,group_0_tnr,group_0_fpr,group_0_fnr,group_1_Accuracy,group_1_Selection rate,group_1_Count,group_1_tpr,group_1_tnr,group_1_fpr,group_1_fnr,generation
0.002472572319630273,0.3733843408126516,46.0,0.050100633194256616,0.02524532642245647,0.025245326422456464,0.05010063319425656,0.9973359650876227,0.4370391201985559,0.9908421262193908,0.9459183805626068,0.9734055728741291,0.6677110881146756,0.5950198816797595,0.9256580269238497,0.2898666135775433,4977.0,0.8762886597938144,0.924025974025974,0.05072869955156951,0.07361070701192901,0.92813059924348,0.6632509543901949,5023.0,0.926389292988071,0.9492713004484304,0.07597402597402597,0.12371134020618557,0.9256580269238497,0.6632509543901949,4977.0,0.926389292988071,0.924025974025974,0.07597402597402597,0.07361070701192901,0.92813059924348,0.2898666135775433,5023.0,0.8762886597938144,0.9492713004484304,0.05072869955156951,0.12371134020618557,None
