Accuracy,Selection rate,Count,tpr,tnr,fpr,fnr,generation
0.9322932293229323,0.48424842484248426,9999.0,0.9224994927977277,0.9418145956607495,0.05818540433925049,0.07750050720227226,None
