Accuracy,Selection rate,Count,tpr,tnr,fpr,fnr,generation
0.9352935293529353,0.49184918491849183,9999.0,0.9332521809697707,0.9372781065088758,0.06272189349112427,0.06674781903022925,None
