difference_Accuracy,difference_Selection rate,difference_Count,difference_tpr,difference_tnr,difference_fpr,difference_fnr,ratio_Accuracy,ratio_Selection rate,ratio_Count,ratio_tpr,ratio_tnr,ratio_fpr,ratio_fnr,group_min_Accuracy,group_min_Selection rate,group_min_Count,group_min_tpr,group_min_tnr,group_min_fpr,group_min_fnr,group_max_Accuracy,group_max_Selection rate,group_max_Count,group_max_tpr,group_max_tnr,group_max_fpr,group_max_fnr,group_0_Accuracy,group_0_Selection rate,group_0_Count,group_0_tpr,group_0_tnr,group_0_fpr,group_0_fnr,group_1_Accuracy,group_1_Selection rate,group_1_Count,group_1_tpr,group_1_tnr,group_1_fpr,group_1_fnr,generation
0.0014531084077284984,0.3806856767280287,35.0,0.038579492710230756,0.03697523215689402,0.03697523215689409,0.03857949271023083,0.9984475628446393,0.4425114516581307,0.9930237193541958,0.9591650181230554,0.9610127346927309,0.5825907125399511,0.5887649726322496,0.9345644319550381,0.3021726131154076,4982.0,0.9061862678450034,0.9114173228346457,0.051607445008460234,0.05523423944476576,0.9360175403627666,0.6828582898434363,5017.0,0.9447657605552342,0.9483925549915397,0.08858267716535433,0.0938137321549966,0.9345644319550381,0.6828582898434363,4982.0,0.9447657605552342,0.9114173228346457,0.08858267716535433,0.05523423944476576,0.9360175403627666,0.3021726131154076,5017.0,0.9061862678450034,0.9483925549915397,0.051607445008460234,0.0938137321549966,None
