Accuracy,Selection rate,Count,tpr,tnr,fpr,fnr,generation
0.9277,0.4845,10000.0,0.9213000817661489,0.9338292873923257,0.06617071260767424,0.07869991823385118,None
