difference_Accuracy,difference_Selection rate,difference_Count,difference_tpr,difference_tnr,difference_fpr,difference_fnr,ratio_Accuracy,ratio_Selection rate,ratio_Count,ratio_tpr,ratio_tnr,ratio_fpr,ratio_fnr,group_min_Accuracy,group_min_Selection rate,group_min_Count,group_min_tpr,group_min_tnr,group_min_fpr,group_min_fnr,group_max_Accuracy,group_max_Selection rate,group_max_Count,group_max_tpr,group_max_tnr,group_max_fpr,group_max_fnr,group_0_Accuracy,group_0_Selection rate,group_0_Count,group_0_tpr,group_0_tnr,group_0_fpr,group_0_fnr,group_1_Accuracy,group_1_Selection rate,group_1_Count,group_1_tpr,group_1_tnr,group_1_fpr,group_1_fnr,generation
0.005265271413143147,0.3730652940616223,46.0,0.0366756751622479,0.03541581736649002,0.035415817366490014,0.036675675162247914,0.9943403684339358,0.444752999837113,0.9908421262193908,0.960657211132133,0.962503371998921,0.6104260089686099,0.6489269252561137,0.9250552541691782,0.2988254031455306,4977.0,0.89553264604811,0.9090909090909091,0.0554932735426009,0.06779167878964212,0.9303205255823214,0.6718906972071529,5023.0,0.9322083212103579,0.9445067264573991,0.09090909090909091,0.10446735395189004,0.9250552541691782,0.6718906972071529,4977.0,0.9322083212103579,0.9090909090909091,0.09090909090909091,0.06779167878964212,0.9303205255823214,0.2988254031455306,5023.0,0.89553264604811,0.9445067264573991,0.0554932735426009,0.10446735395189004,None
