difference_Accuracy,difference_Selection rate,difference_Count,difference_tpr,difference_tnr,difference_fpr,difference_fnr,ratio_Accuracy,ratio_Selection rate,ratio_Count,ratio_tpr,ratio_tnr,ratio_fpr,ratio_fnr,group_min_Accuracy,group_min_Selection rate,group_min_Count,group_min_tpr,group_min_tnr,group_min_fpr,group_min_fnr,group_max_Accuracy,group_max_Selection rate,group_max_Count,group_max_tpr,group_max_tnr,group_max_fpr,group_max_fnr,group_0_Accuracy,group_0_Selection rate,group_0_Count,group_0_tpr,group_0_tnr,group_0_fpr,group_0_fnr,group_1_Accuracy,group_1_Selection rate,group_1_Count,group_1_tpr,group_1_tnr,group_1_fpr,group_1_fnr,generation
0.012253459283198431,0.3488233811027441,46.0,0.0016951169154751922,0.010077310581794952,0.010077310581794882,0.001695116915475109,0.9868960770748337,0.46761914512469877,0.9908421262193908,0.9981545401208463,0.9893084019756633,0.8507782856157297,0.9796165693221794,0.9228450874020494,0.30639060322516426,4977.0,0.9168384879725086,0.9324675324675324,0.057455156950672645,0.0814663951120163,0.9350985466852478,0.6552139843279083,5023.0,0.9185336048879837,0.9425448430493274,0.06753246753246753,0.0831615120274914,0.9228450874020494,0.6552139843279083,4977.0,0.9185336048879837,0.9324675324675324,0.06753246753246753,0.0814663951120163,0.9350985466852478,0.30639060322516426,5023.0,0.9168384879725086,0.9425448430493274,0.057455156950672645,0.0831615120274914,None
