Accuracy,Selection rate,Count,tpr,tnr,fpr,fnr,generation
0.9323932393239324,0.48534853485348534,9999.0,0.9237167782511666,0.9408284023668639,0.05917159763313609,0.07628322174883344,None
