Accuracy,Selection rate,Count,tpr,tnr,fpr,fnr,generation
0.929,0.48,10000.0,0.9180294358135732,0.9395066562255285,0.060493343774471416,0.08197056418642681,None
