difference_Accuracy,difference_Selection rate,difference_Count,difference_tpr,difference_tnr,difference_fpr,difference_fnr,ratio_Accuracy,ratio_Selection rate,ratio_Count,ratio_tpr,ratio_tnr,ratio_fpr,ratio_fnr,group_min_Accuracy,group_min_Selection rate,group_min_Count,group_min_tpr,group_min_tnr,group_min_fpr,group_min_fnr,group_max_Accuracy,group_max_Selection rate,group_max_Count,group_max_tpr,group_max_tnr,group_max_fpr,group_max_fnr,group_0_Accuracy,group_0_Selection rate,group_0_Count,group_0_tpr,group_0_tnr,group_0_fpr,group_0_fnr,group_1_Accuracy,group_1_Selection rate,group_1_Count,group_1_tpr,group_1_tnr,group_1_fpr,group_1_fnr,generation
0.011274512902618383,0.3596378095286944,35.0,0.010452908928704097,0.02047332915872835,0.02047332915872825,0.010452908928704124,0.9879804013530734,0.45983853871813224,0.9930237193541958,0.9887219472463468,0.9783804570587104,0.7214164853758763,0.8749900078526524,0.9267362505018065,0.3061590591987243,4982.0,0.9163834126444595,0.926509186351706,0.05301748448956571,0.07316367842683633,0.9380107634044249,0.6657968687274187,5017.0,0.9268363215731636,0.9469825155104343,0.07349081364829396,0.08361658735554045,0.9267362505018065,0.6657968687274187,4982.0,0.9268363215731636,0.926509186351706,0.07349081364829396,0.07316367842683633,0.9380107634044249,0.3061590591987243,5017.0,0.9163834126444595,0.9469825155104343,0.05301748448956571,0.08361658735554045,None
