Accuracy,Selection rate,Count,tpr,tnr,fpr,fnr,generation
0.6981844242713808,0.5419015766841854,20930.0,0.6982248520710059,0.698122350090854,0.30187764990914595,0.30177514792899407,None
0.8880076445293836,0.629956999522217,20930.0,0.9276528599605522,0.8271350696547547,0.1728649303452453,0.07234714003944773,None
0.890922121356904,0.6262780697563306,20930.0,0.9260133805588351,0.8367173252279635,0.16328267477203648,0.0739866194411649,None
0.8963688485427616,0.6207357859531772,20930.0,0.9259346713892168,0.8506990881458967,0.14930091185410335,0.07406532861078316,None
