Accuracy,Selection rate,Count,tpr,tnr,fpr,fnr,generation
0.5078365089121082,0.5015749846342963,26032.0,0.507646214343674,0.5081410448506642,0.49185895514933575,0.4923537856563261,None
0.8547556853103873,0.6356023355869699,26032.0,0.8983833718244804,0.7849365697732494,0.21506343022675056,0.10161662817551963,None
0.861439766441303,0.6369084204056545,26032.0,0.9044709110182703,0.7923961980990495,0.20760380190095049,0.09552908898172975,None
0.8732329440688383,0.6252688998156115,26032.0,0.904595622622685,0.822911455727864,0.17708854427213608,0.09540437737731496,None
