difference_Accuracy,difference_Selection rate,difference_Count,difference_tpr,difference_tnr,difference_fpr,difference_fnr,ratio_Accuracy,ratio_Selection rate,ratio_Count,ratio_tpr,ratio_tnr,ratio_fpr,ratio_fnr,group_min_Accuracy,group_min_Selection rate,group_min_Count,group_min_tpr,group_min_tnr,group_min_fpr,group_min_fnr,group_max_Accuracy,group_max_Selection rate,group_max_Count,group_max_tpr,group_max_tnr,group_max_fpr,group_max_fnr,group_0_Accuracy,group_0_Selection rate,group_0_Count,group_0_tpr,group_0_tnr,group_0_fpr,group_0_fnr,group_1_Accuracy,group_1_Selection rate,group_1_Count,group_1_tpr,group_1_tnr,group_1_fpr,group_1_fnr,generation
0.005272631568883912,0.36654003598716145,46.0,0.04311779932751236,0.016168248791567197,0.01616824879156717,0.04311779932751231,0.9943276015484035,0.44040804935334277,0.9908421262193908,0.9531025707947278,0.9830028545408628,0.7510089686098655,0.6514644554359422,0.9242515571629496,0.28847302408918973,4977.0,0.8762886597938144,0.935064935064935,0.04876681614349776,0.08059354087867326,0.9295241887318335,0.6550130600763512,5023.0,0.9194064591213268,0.9512331838565022,0.06493506493506493,0.12371134020618557,0.9242515571629496,0.6550130600763512,4977.0,0.9194064591213268,0.935064935064935,0.06493506493506493,0.08059354087867326,0.9295241887318335,0.28847302408918973,5023.0,0.8762886597938144,0.9512331838565022,0.04876681614349776,0.12371134020618557,None
