Accuracy,Selection rate,Count,tpr,tnr,fpr,fnr,generation
0.9336933693369337,0.47944794479447944,9999.0,0.9190505173463177,0.9479289940828403,0.05207100591715976,0.08094948265368229,None
