difference_Accuracy,difference_Selection rate,difference_Count,difference_tpr,difference_tnr,difference_fpr,difference_fnr,ratio_Accuracy,ratio_Selection rate,ratio_Count,ratio_tpr,ratio_tnr,ratio_fpr,ratio_fnr,group_min_Accuracy,group_min_Selection rate,group_min_Count,group_min_tpr,group_min_tnr,group_min_fpr,group_min_fnr,group_max_Accuracy,group_max_Selection rate,group_max_Count,group_max_tpr,group_max_tnr,group_max_fpr,group_max_fnr,group_0_Accuracy,group_0_Selection rate,group_0_Count,group_0_tpr,group_0_tnr,group_0_fpr,group_0_fnr,group_1_Accuracy,group_1_Selection rate,group_1_Count,group_1_tpr,group_1_tnr,group_1_fpr,group_1_fnr,generation
0.002536138269986332,0.380598858301686,35.0,0.05709634385078943,0.022182030545674136,0.02218203054567417,0.05709634385078945,0.9972874536579923,0.4322923616589822,0.9930237193541958,0.9390055121915262,0.976762930483025,0.6717920917319666,0.5281532482892625,0.9324297388877816,0.2898146302571258,4982.0,0.8789938817131203,0.9324146981627297,0.045403271291596166,0.06390977443609022,0.9349658771577679,0.6704134885588118,5017.0,0.9360902255639098,0.9545967287084038,0.06758530183727034,0.12100611828687967,0.9349658771577679,0.6704134885588118,4982.0,0.9360902255639098,0.9324146981627297,0.06758530183727034,0.06390977443609022,0.9324297388877816,0.2898146302571258,5017.0,0.8789938817131203,0.9545967287084038,0.045403271291596166,0.12100611828687967,None
