Accuracy,Selection rate,Count,tpr,tnr,fpr,fnr,generation
0.9269,0.4709,10000.0,0.9065821749795585,0.9463586530931871,0.05364134690681284,0.09341782502044153,None
