Accuracy,Selection rate,Count,tpr,tnr,fpr,fnr,generation
0.5585049170251998,0.5677627535341119,26032.0,0.6025841083577804,0.4879632404355209,0.512036759564479,0.3974158916422196,None
0.8750384142593731,0.6507375537799631,26032.0,0.9271581049872043,0.7916292078713415,0.20837079212865847,0.0728418950127957,None
0.8787645974185617,0.6069837123540258,26032.0,0.893802553721582,0.8545655006514985,0.14543449934850156,0.10619744627841794,None
0.8671634910878918,0.5860479409956976,26032.0,0.8675847457627118,0.8664863782051282,0.1335136217948718,0.13241525423728814,None
0.879340811309158,0.6208896742470805,26032.0,0.9057203389830508,0.8369391025641025,0.16306089743589744,0.09427966101694915,None
0.8792255685310387,0.6248463429625076,26032.0,0.9088359920239282,0.8316306089743589,0.16836939102564102,0.09116400797607178,None
0.8779578979717271,0.6274969268592502,26032.0,0.909957627118644,0.8265224358974359,0.1734775641025641,0.09004237288135593,None
