Accuracy,Selection rate,Count,tpr,tnr,fpr,fnr,generation
0.7216435738174869,0.5922121356903965,20930.0,0.7591321499013807,0.6640823743185947,0.3359176256814052,0.24086785009861933,None
0.8981844242713808,0.6342092689918777,20930.0,0.9395660749506903,0.8346456692913385,0.16535433070866143,0.06043392504930967,None
0.8964644051600573,0.599617773530817,20930.0,0.9091338955000394,0.8769566800145613,0.12304331998543866,0.09086610449996059,None
0.8859053989488772,0.5813664596273292,20930.0,0.8872960557579598,0.883790944123314,0.11620905587668594,0.11270394424204024,None
0.8975155279503105,0.6125656951743909,20930.0,0.9227783937905908,0.8591040462427746,0.14089595375722544,0.07722160620940915,None
0.9001911132345914,0.6182990922121356,20930.0,0.9297481387612863,0.8552504816955684,0.1447495183044316,0.07025186123871377,None
0.8971333014811276,0.6227902532250358,20930.0,0.9309361634722002,0.8457369942196532,0.15426300578034682,0.06906383652779978,None
