Accuracy,Selection rate,Count,tpr,tnr,fpr,fnr,generation
0.8743469575906576,0.6113245236631838,26032.0,0.8945758691717122,0.8419738287883328,0.15802617121166718,0.10542413082828787,None
0.8718500307314075,0.614820221266134,26032.0,0.8953873041632857,0.8341823993607033,0.16581760063929676,0.10461269583671431,None
0.8723878303626306,0.6321066379840197,26032.0,0.9097148561801959,0.8125937031484258,0.1874062968515742,0.09028514381980408,None
0.8599416103257529,0.6334895513214506,26032.0,0.9007300180944656,0.7946026986506747,0.20539730134932535,0.0992699819055344,None
