Accuracy,Selection rate,Count,tpr,tnr,fpr,fnr,generation
0.9019111323459149,0.6139512661251791,20930.0,0.9259171597633136,0.8650514839491218,0.13494851605087826,0.07408284023668639,None
0.902293358815098,0.6119445771619685,20930.0,0.9245759368836292,0.8680799515445184,0.13192004845548153,0.07542406311637082,None
0.8960821786908744,0.6230291447682752,20930.0,0.9269155206286837,0.8482632541133455,0.15173674588665448,0.0730844793713163,None
0.8922121356903966,0.6259436215957955,20930.0,0.9261296660117878,0.8396099939061548,0.1603900060938452,0.07387033398821218,None
