Accuracy,Selection rate,Count,tpr,tnr,fpr,fnr,generation
0.9375937593759376,0.49074907490749076,9999.0,0.9344694664232096,0.9406311637080867,0.05936883629191322,0.06553053357679042,None
