Accuracy,Selection rate,Count,tpr,tnr,fpr,fnr,generation
0.931,0.4824,10000.0,0.9225265739983647,0.9391151135473766,0.060884886452623334,0.07747342600163533,None
