difference_Accuracy,difference_Selection rate,difference_Count,difference_tpr,difference_tnr,difference_fpr,difference_fnr,ratio_Accuracy,ratio_Selection rate,ratio_Count,ratio_tpr,ratio_tnr,ratio_fpr,ratio_fnr,group_min_Accuracy,group_min_Selection rate,group_min_Count,group_min_tpr,group_min_tnr,group_min_fpr,group_min_fnr,group_max_Accuracy,group_max_Selection rate,group_max_Count,group_max_tpr,group_max_tnr,group_max_fpr,group_max_fnr,group_0_Accuracy,group_0_Selection rate,group_0_Count,group_0_tpr,group_0_tnr,group_0_fpr,group_0_fnr,group_1_Accuracy,group_1_Selection rate,group_1_Count,group_1_tpr,group_1_tnr,group_1_fpr,group_1_fnr,generation
0.009835008108771581,0.3584456647102653,46.0,0.012008994497918923,0.01881296954166911,0.01881296954166909,0.012008994497918854,0.9894913325398086,0.45890686282590526,0.9908421262193908,0.987032700568851,0.9800876074385418,0.7458598851388561,0.8602153040442245,0.926059875426964,0.30400159267370097,4977.0,0.9140893470790378,0.925974025974026,0.05521300448430493,0.07390165842304335,0.9358948835357356,0.6624472573839663,5023.0,0.9260983415769567,0.9447869955156951,0.07402597402597402,0.0859106529209622,0.926059875426964,0.6624472573839663,4977.0,0.9260983415769567,0.925974025974026,0.07402597402597402,0.07390165842304335,0.9358948835357356,0.30400159267370097,5023.0,0.9140893470790378,0.9447869955156951,0.05521300448430493,0.0859106529209622,None
