difference_Accuracy,difference_Selection rate,difference_Count,difference_tpr,difference_tnr,difference_fpr,difference_fnr,ratio_Accuracy,ratio_Selection rate,ratio_Count,ratio_tpr,ratio_tnr,ratio_fpr,ratio_fnr,group_min_Accuracy,group_min_Selection rate,group_min_Count,group_min_tpr,group_min_tnr,group_min_fpr,group_min_fnr,group_max_Accuracy,group_max_Selection rate,group_max_Count,group_max_tpr,group_max_tnr,group_max_fpr,group_max_fnr,group_0_Accuracy,group_0_Selection rate,group_0_Count,group_0_tpr,group_0_tnr,group_0_fpr,group_0_fnr,group_1_Accuracy,group_1_Selection rate,group_1_Count,group_1_tpr,group_1_tnr,group_1_fpr,group_1_fnr,generation
0.0028371621592966356,0.3692766952858075,35.0,0.021903710801345788,0.022067673012954536,0.022067673012954606,0.02190371080134578,0.9969785517823835,0.4537599477690342,0.9930237193541958,0.9767231001994303,0.9767037902637878,0.7049900555110279,0.7292406841279022,0.9361702127659575,0.30675702611122185,4982.0,0.9191026512576479,0.9251968503937008,0.05273547659334461,0.058993637941006365,0.9390073749252541,0.6760337213970293,5017.0,0.9410063620589937,0.9472645234066553,0.07480314960629922,0.08089734874235215,0.9361702127659575,0.6760337213970293,4982.0,0.9410063620589937,0.9251968503937008,0.07480314960629922,0.058993637941006365,0.9390073749252541,0.30675702611122185,5017.0,0.9191026512576479,0.9472645234066553,0.05273547659334461,0.08089734874235215,None
