Accuracy,Selection rate,Count,tpr,tnr,fpr,fnr,generation
0.9286928692869287,0.47784778477847784,9999.0,0.9123554473524041,0.9445759368836292,0.05542406311637081,0.08764455264759587,None
