Accuracy,Selection rate,Count,tpr,tnr,fpr,fnr,generation
0.9225,0.4707,10000.0,0.901880621422731,0.942247454972592,0.05775254502740799,0.09811937857726902,None
