difference_Accuracy,difference_Selection rate,difference_Count,difference_tpr,difference_tnr,difference_fpr,difference_fnr,ratio_Accuracy,ratio_Selection rate,ratio_Count,ratio_tpr,ratio_tnr,ratio_fpr,ratio_fnr,group_min_Accuracy,group_min_Selection rate,group_min_Count,group_min_tpr,group_min_tnr,group_min_fpr,group_min_fnr,group_max_Accuracy,group_max_Selection rate,group_max_Count,group_max_tpr,group_max_tnr,group_max_fpr,group_max_fnr,group_0_Accuracy,group_0_Selection rate,group_0_Count,group_0_tpr,group_0_tnr,group_0_fpr,group_0_fnr,group_1_Accuracy,group_1_Selection rate,group_1_Count,group_1_tpr,group_1_tnr,group_1_fpr,group_1_fnr,generation
0.0129132732448618,0.3521378912377786,46.0,0.02077413072016976,0.01214183798264512,0.012141837982645155,0.02077413072016973,0.9860987202081138,0.45622392656207755,0.9908421262193908,0.9771224968647153,0.9871638287638288,0.8166820539875143,0.8156929256228844,0.9160136628491059,0.2954409715309576,4977.0,0.8872852233676976,0.9337662337662338,0.05409192825112107,0.09194064591213268,0.9289269360939677,0.6475788627687362,5023.0,0.9080593540878673,0.9459080717488789,0.06623376623376623,0.11271477663230241,0.9160136628491059,0.6475788627687362,4977.0,0.9080593540878673,0.9337662337662338,0.06623376623376623,0.09194064591213268,0.9289269360939677,0.2954409715309576,5023.0,0.8872852233676976,0.9459080717488789,0.05409192825112107,0.11271477663230241,None
