difference_Accuracy,difference_Selection rate,difference_Count,difference_tpr,difference_tnr,difference_fpr,difference_fnr,ratio_Accuracy,ratio_Selection rate,ratio_Count,ratio_tpr,ratio_tnr,ratio_fpr,ratio_fnr,group_min_Accuracy,group_min_Selection rate,group_min_Count,group_min_tpr,group_min_tnr,group_min_fpr,group_min_fnr,group_max_Accuracy,group_max_Selection rate,group_max_Count,group_max_tpr,group_max_tnr,group_max_fpr,group_max_fnr,group_0_Accuracy,group_0_Selection rate,group_0_Count,group_0_tpr,group_0_tnr,group_0_fpr,group_0_fnr,group_1_Accuracy,group_1_Selection rate,group_1_Count,group_1_tpr,group_1_tnr,group_1_fpr,group_1_fnr,generation
0.004299632554013222,0.3661860393249864,35.0,0.03786331383025354,0.01644972043469184,0.01644972043469186,0.03786331383025361,0.9953808872540719,0.44649913594748725,0.9930237193541958,0.9590070947949227,0.9826757622033213,0.7542218240934275,0.6684706271172437,0.9265355279004416,0.29539565477376917,4982.0,0.8857919782460911,0.9330708661417323,0.05047941342357586,0.07634470792365529,0.9308351604544548,0.6615816940987556,5017.0,0.9236552920763447,0.9495205865764241,0.06692913385826772,0.1142080217539089,0.9265355279004416,0.6615816940987556,4982.0,0.9236552920763447,0.9330708661417323,0.06692913385826772,0.07634470792365529,0.9308351604544548,0.29539565477376917,5017.0,0.8857919782460911,0.9495205865764241,0.05047941342357586,0.1142080217539089,None
