Accuracy,Selection rate,Count,tpr,tnr,fpr,fnr,generation
0.9370937093709371,0.5076507650765076,9999.0,0.9511057009535403,0.9234714003944773,0.07652859960552268,0.04889429904645973,None
