difference_Accuracy,difference_Selection rate,difference_Count,difference_tpr,difference_tnr,difference_fpr,difference_fnr,ratio_Accuracy,ratio_Selection rate,ratio_Count,ratio_tpr,ratio_tnr,ratio_fpr,ratio_fnr,group_min_Accuracy,group_min_Selection rate,group_min_Count,group_min_tpr,group_min_tnr,group_min_fpr,group_min_fnr,group_max_Accuracy,group_max_Selection rate,group_max_Count,group_max_tpr,group_max_tnr,group_max_fpr,group_max_fnr,generation
0.009441403843551743,0.3775959409625099,35.0,0.0078260678103248,0.05569989030559008,0.05569989030558997,0.007826067810324848,0.9899751273898203,0.4583406340699037,0.9930237193541958,0.9917917675195319,0.9407583050319069,0.517689586217505,0.8560981781376519,0.9323564833400241,0.31951365357783534,4982.0,0.9456152277362339,0.884514435695538,0.05978567399887197,0.0465587044534413,0.9417978871835758,0.6971095945403453,5017.0,0.9534412955465587,0.9402143260011281,0.11548556430446194,0.054384772263766146,None
