Accuracy,Selection rate,Count,tpr,tnr,fpr,fnr,generation
0.9294,0.4992,10000.0,0.9380621422730989,0.9211041503523885,0.0788958496476116,0.061937857726901066,None
