difference_Accuracy,difference_Selection rate,difference_Count,difference_tpr,difference_tnr,difference_fpr,difference_fnr,ratio_Accuracy,ratio_Selection rate,ratio_Count,ratio_tpr,ratio_tnr,ratio_fpr,ratio_fnr,group_min_Accuracy,group_min_Selection rate,group_min_Count,group_min_tpr,group_min_tnr,group_min_fpr,group_min_fnr,group_max_Accuracy,group_max_Selection rate,group_max_Count,group_max_tpr,group_max_tnr,group_max_fpr,group_max_fnr,generation
0.017449889239656402,0.3678004226569434,46.0,0.0010952170987444942,0.05531273659076341,0.055312736590763495,0.001095217098744515,0.9813983884442288,0.46223774865933975,0.9908421262193908,0.998833425418248,0.9410173807065619,0.5293833461338354,0.9824099945402575,0.9206349206349206,0.31614572964363924,4977.0,0.9377363980215304,0.8824675324675325,0.062219730941704035,0.061168384879725084,0.938084809874577,0.6839461523005826,5023.0,0.9388316151202749,0.9377802690582959,0.11753246753246753,0.0622636019784696,None
