Accuracy,Selection rate,Count,tpr,tnr,fpr,fnr,generation
0.8893669330055316,0.6261908420405654,26032.0,0.918856500842644,0.8421736090300669,0.15782639096993306,0.08114349915735597,None
0.7891825445605408,0.676820835894284,26032.0,0.8785968416453405,0.6460893017680551,0.3539106982319449,0.12140315835465951,None
0.8713890596189305,0.6449754148740012,26032.0,0.9191717600099788,0.794758951790358,0.20524104820964192,0.0808282399900212,None
0.8672787338660111,0.6233481868469576,26032.0,0.8966952416449249,0.8196094221864304,0.18039057781356957,0.10330475835507516,None
0.880800553165335,0.6190457897971727,26032.0,0.9041495837992297,0.8429635594926514,0.1570364405073485,0.09585041620077028,None
