Accuracy,Selection rate,Count,tpr,tnr,fpr,fnr,generation
0.9029622551361682,0.6203535594839943,20930.0,0.9320710059171597,0.8582677165354331,0.14173228346456693,0.06792899408284024,None
0.8421882465360726,0.6768275203057812,20930.0,0.9285207100591716,0.7096305269533616,0.2903694730466384,0.0714792899408284,None
0.8923554706163401,0.6289536550406115,20930.0,0.9306860345780374,0.8335955464117148,0.16640445358828512,0.06931396542196258,None
0.8916387959866221,0.6263258480649785,20930.0,0.9297550146674066,0.8338343152579055,0.1661656847420945,0.07024498533259335,None
0.8993311036789298,0.6161490683229813,20930.0,0.9276936494093395,0.8563183840327041,0.1436816159672959,0.07230635059066043,None
