Accuracy,Selection rate,Count,tpr,tnr,fpr,fnr,generation
1.0,0.49842501536570377,26032.0,1.0,1.0,0.0,0.0,None
1.0,0.49842501536570377,26032.0,1.0,1.0,0.0,0.0,None
0.9998847572218807,0.49320067609096496,26032.0,0.999922106247079,0.9998484159466424,0.00015158405335758679,7.789375292101573e-05,None
1.0,0.5000384142593731,26032.0,1.0,1.0,0.0,0.0,None
1.0,0.5000384142593731,26032.0,1.0,1.0,0.0,0.0,None
