difference_Accuracy,difference_Selection rate,difference_Count,difference_tpr,difference_tnr,difference_fpr,difference_fnr,ratio_Accuracy,ratio_Selection rate,ratio_Count,ratio_tpr,ratio_tnr,ratio_fpr,ratio_fnr,group_min_Accuracy,group_min_Selection rate,group_min_Count,group_min_tpr,group_min_tnr,group_min_fpr,group_min_fnr,group_max_Accuracy,group_max_Selection rate,group_max_Count,group_max_tpr,group_max_tnr,group_max_fpr,group_max_fnr,group_0_Accuracy,group_0_Selection rate,group_0_Count,group_0_tpr,group_0_tnr,group_0_fpr,group_0_fnr,group_1_Accuracy,group_1_Selection rate,group_1_Count,group_1_tpr,group_1_tnr,group_1_fpr,group_1_fnr,generation
0.0,1.0,82.0,1.0,1.0,0.0,0.0,1.0,0.0,0.9937198437619668,0.0,0.0,nan,nan,1.0,0.0,12975.0,0.0,0.0,0.0,0.0,1.0,1.0,13057.0,1.0,1.0,0.0,0.0,1.0,0.0,13057.0,0.0,1.0,0.0,0.0,1.0,1.0,12975.0,1.0,0.0,0.0,0.0,None
0.0,1.0,82.0,1.0,1.0,0.0,0.0,1.0,0.0,0.9937198437619668,0.0,0.0,nan,nan,1.0,0.0,12975.0,0.0,0.0,0.0,0.0,1.0,1.0,13057.0,1.0,1.0,0.0,0.0,1.0,0.0,13057.0,0.0,1.0,0.0,0.0,1.0,1.0,12975.0,1.0,0.0,0.0,0.0,None
7.369030043657965e-05,0.9997705221937214,356.0,0.999922106247079,0.9998484159466424,0.00015158405335758679,7.789375292101573e-05,0.9999263039591022,0.0001515958617281841,0.9730180385023496,0.0,0.0,0.0,0.0,0.9998484159466424,0.00015158405335758679,12838.0,0.0,0.0,0.0,0.0,0.999922106247079,0.999922106247079,13194.0,0.999922106247079,0.9998484159466424,0.00015158405335758679,7.789375292101573e-05,0.9998484159466424,0.00015158405335758679,13194.0,0.0,0.9998484159466424,0.00015158405335758679,0.0,0.999922106247079,0.999922106247079,12838.0,0.999922106247079,0.0,0.0,7.789375292101573e-05,None
0.0,1.0,2.0,1.0,1.0,0.0,0.0,1.0,0.0,0.9998463547668434,0.0,0.0,nan,nan,1.0,0.0,13015.0,0.0,0.0,0.0,0.0,1.0,1.0,13017.0,1.0,1.0,0.0,0.0,1.0,0.0,13015.0,0.0,1.0,0.0,0.0,1.0,1.0,13017.0,1.0,0.0,0.0,0.0,None
0.0,1.0,2.0,1.0,1.0,0.0,0.0,1.0,0.0,0.9998463547668434,0.0,0.0,nan,nan,1.0,0.0,13015.0,0.0,0.0,0.0,0.0,1.0,1.0,13017.0,1.0,1.0,0.0,0.0,1.0,0.0,13015.0,0.0,1.0,0.0,0.0,1.0,1.0,13017.0,1.0,0.0,0.0,0.0,None
