generation,epoch,gen_loss
0,0,66998.55335994804
0,0,52653.766903604446
0,10,5269.153857541259
0,0,60010.85901326597
0,10,5517.441992426268
0,20,5230.098354647387
0,0,60775.13043436736
0,10,5329.817244326864
0,20,5138.522379756265
0,0,60879.003662706295
0,10,5307.651099766962
0,20,5149.146353052414
