Accuracy,Selection rate,Count,tpr,tnr,fpr,fnr,generation
0.698136645962733,0.5418537983755375,20930.0,0.6981459566074951,0.698122350090854,0.30187764990914595,0.30185404339250493,None
0.8972288580984233,0.618537983755375,20930.0,0.9246322083234993,0.8548485217179705,0.14515147828202946,0.07536779167650066,None
0.898088867654085,0.6304347826086957,20930.0,0.9380643117376841,0.8373073217726397,0.1626926782273603,0.06193568826231586,None
0.8907787864309603,0.6224558050645007,20930.0,0.9253920481546016,0.838150289017341,0.16184971098265896,0.07460795184539838,None
0.8879598662207357,0.6202102245580506,20930.0,0.9211943608427056,0.8374277456647399,0.16257225433526012,0.07880563915729447,None
