Accuracy,Selection rate,Count,tpr,tnr,fpr,fnr,generation
0.5077596803933621,0.5018054701905347,26032.0,0.5077710504962237,0.5077414843671961,0.49225851563280393,0.49222894950377627,None
0.8760371850030731,0.6256146281499693,26032.0,0.9059876888640179,0.8276208664187356,0.17237913358126444,0.09401231113598209,None
0.8833743085433313,0.6392901044867855,26032.0,0.9239157527417746,0.8182091346153846,0.1817908653846154,0.07608424725822532,None
0.8712354025814383,0.6233097725875845,26032.0,0.9011091724825523,0.8232171474358975,0.17678285256410256,0.09889082751744765,None
0.868700061462815,0.6309157959434543,26032.0,0.9052218344965105,0.8099959935897436,0.19000400641025642,0.09477816550348953,None
