Accuracy,Selection rate,Count,tpr,tnr,fpr,fnr,generation
0.9276,0.4864,10000.0,0.9231398201144726,0.9318715740015662,0.06812842599843383,0.07686017988552739,None
