difference_Accuracy,difference_Selection rate,difference_Count,difference_tpr,difference_tnr,difference_fpr,difference_fnr,ratio_Accuracy,ratio_Selection rate,ratio_Count,ratio_tpr,ratio_tnr,ratio_fpr,ratio_fnr,group_min_Accuracy,group_min_Selection rate,group_min_Count,group_min_tpr,group_min_tnr,group_min_fpr,group_min_fnr,group_max_Accuracy,group_max_Selection rate,group_max_Count,group_max_tpr,group_max_tnr,group_max_fpr,group_max_fnr,group_0_Accuracy,group_0_Selection rate,group_0_Count,group_0_tpr,group_0_tnr,group_0_fpr,group_0_fnr,group_1_Accuracy,group_1_Selection rate,group_1_Count,group_1_tpr,group_1_tnr,group_1_fpr,group_1_fnr,generation
0.004264625124036359,0.3835027946331329,35.0,0.03779824240305829,0.04728406411127539,0.04728406411127543,0.03779824240305832,0.9954428915341235,0.44150513801161406,0.9930237193541958,0.9600164202417327,0.9500984251968504,0.5259150414106332,0.5911675398904501,0.9315535929345644,0.3031692246362368,4982.0,0.9075458871515976,0.9002624671916011,0.05245346869712352,0.05465587044534413,0.9358182180586008,0.6866720192693697,5017.0,0.9453441295546559,0.9475465313028765,0.09973753280839895,0.09245411284840245,0.9315535929345644,0.6866720192693697,4982.0,0.9453441295546559,0.9002624671916011,0.09973753280839895,0.05465587044534413,0.9358182180586008,0.3031692246362368,5017.0,0.9075458871515976,0.9475465313028765,0.05245346869712352,0.09245411284840245,None
