difference_Accuracy,difference_Selection rate,difference_Count,difference_tpr,difference_tnr,difference_fpr,difference_fnr,ratio_Accuracy,ratio_Selection rate,ratio_Count,ratio_tpr,ratio_tnr,ratio_fpr,ratio_fnr,group_min_Accuracy,group_min_Selection rate,group_min_Count,group_min_tpr,group_min_tnr,group_min_fpr,group_min_fnr,group_max_Accuracy,group_max_Selection rate,group_max_Count,group_max_tpr,group_max_tnr,group_max_fpr,group_max_fnr,group_0_Accuracy,group_0_Selection rate,group_0_Count,group_0_tpr,group_0_tnr,group_0_fpr,group_0_fnr,group_1_Accuracy,group_1_Selection rate,group_1_Count,group_1_tpr,group_1_tnr,group_1_fpr,group_1_fnr,generation
0.013866373412461441,0.3716827448068802,46.0,0.022664215076082295,0.045627802690582975,0.04562780269058297,0.022664215076082295,0.985161739742055,0.44780148629736044,0.9908421262193908,0.9756267499322607,0.9517486662714878,0.5437219730941704,0.7557301264022241,0.9206349206349206,0.30141349790961575,4977.0,0.9072164948453608,0.9,0.05437219730941704,0.07011929007855688,0.934501294047382,0.6730962427164959,5023.0,0.9298807099214431,0.945627802690583,0.1,0.09278350515463918,0.9206349206349206,0.6730962427164959,4977.0,0.9298807099214431,0.9,0.1,0.07011929007855688,0.934501294047382,0.30141349790961575,5023.0,0.9072164948453608,0.945627802690583,0.05437219730941704,0.09278350515463918,None
