Accuracy,Selection rate,Count,tpr,tnr,fpr,fnr,generation
0.9336933693369337,0.49424942494249424,9999.0,0.9340637046053967,0.9333333333333333,0.06666666666666667,0.06593629539460337,None
