Accuracy,Selection rate,Count,tpr,tnr,fpr,fnr,generation
0.9251,0.5023,10000.0,0.9368356500408831,0.9138606108065779,0.08613938919342208,0.06316434995911692,None
