Accuracy,Selection rate,Count,tpr,tnr,fpr,fnr,generation
0.9325932593259326,0.510951095109511,9999.0,0.9498884155001014,0.9157790927021696,0.08422090729783037,0.05011158449989856,None
