difference_Accuracy,difference_Selection rate,difference_Count,difference_tpr,difference_tnr,difference_fpr,difference_fnr,ratio_Accuracy,ratio_Selection rate,ratio_Count,ratio_tpr,ratio_tnr,ratio_fpr,ratio_fnr,group_min_Accuracy,group_min_Selection rate,group_min_Count,group_min_tpr,group_min_tnr,group_min_fpr,group_min_fnr,group_max_Accuracy,group_max_Selection rate,group_max_Count,group_max_tpr,group_max_tnr,group_max_fpr,group_max_fnr,generation
0.01367338203860391,0.38101942756330603,35.0,0.008028949118075723,0.07190868273445505,0.07190868273445515,0.008028949118075737,0.9854446514560417,0.45733596680377625,0.9930237193541958,0.991568750060642,0.9232887518121607,0.46542032933019684,0.855968485942812,0.9257326374949819,0.32110823201116206,4982.0,0.9442556084296397,0.865485564304462,0.06260575296108291,0.04771544245228456,0.9394060195335858,0.7021276595744681,5017.0,0.9522845575477155,0.937394247038917,0.13451443569553806,0.0557443915703603,None
