difference_Accuracy,difference_Selection rate,difference_Count,difference_tpr,difference_tnr,difference_fpr,difference_fnr,ratio_Accuracy,ratio_Selection rate,ratio_Count,ratio_tpr,ratio_tnr,ratio_fpr,ratio_fnr,group_min_Accuracy,group_min_Selection rate,group_min_Count,group_min_tpr,group_min_tnr,group_min_fpr,group_min_fnr,group_max_Accuracy,group_max_Selection rate,group_max_Count,group_max_tpr,group_max_tnr,group_max_fpr,group_max_fnr,generation
0.019289488165569524,0.3768291337044692,46.0,0.008897914048353939,0.07469061207850447,0.07469061207850444,0.008897914048353925,0.9793629181990083,0.4551195239839793,0.9908421262193908,0.9905289158921671,0.9202346291840455,0.4599833680709068,0.8718171788083667,0.9154108900944344,0.3147521401552857,4977.0,0.9305841924398626,0.8616883116883117,0.06362107623318386,0.060517893511783535,0.934700378260004,0.6915812738597549,5023.0,0.9394821064882165,0.9363789237668162,0.1383116883116883,0.06941580756013746,None
