Accuracy,Selection rate,Count,tpr,tnr,fpr,fnr,generation
0.9328932893289329,0.5096509650965096,9999.0,0.9488740109555691,0.9173570019723866,0.0826429980276134,0.05112598904443092,None
