difference_Accuracy,difference_Selection rate,difference_Count,difference_tpr,difference_tnr,difference_fpr,difference_fnr,ratio_Accuracy,ratio_Selection rate,ratio_Count,ratio_tpr,ratio_tnr,ratio_fpr,ratio_fnr,group_min_Accuracy,group_min_Selection rate,group_min_Count,group_min_tpr,group_min_tnr,group_min_fpr,group_min_fnr,group_max_Accuracy,group_max_Selection rate,group_max_Count,group_max_tpr,group_max_tnr,group_max_fpr,group_max_fnr,generation
0.015471483667693686,0.3800102133676851,35.0,0.005614032466513708,0.0713502182785527,0.07135021827855276,0.005614032466513777,0.9835515080396654,0.45737721897454653,0.9930237193541958,0.9940939080410087,0.9239988362824428,0.4616943927895327,0.898046398046398,0.9251304696908872,0.32031094279449873,4982.0,0.9449354180829368,0.8674540682414699,0.06119571347997744,0.04945054945054945,0.9406019533585809,0.7003211561621838,5017.0,0.9505494505494505,0.9388042865200226,0.1325459317585302,0.055064581917063225,None
