difference_Accuracy,difference_Selection rate,difference_Count,difference_tpr,difference_tnr,difference_fpr,difference_fnr,ratio_Accuracy,ratio_Selection rate,ratio_Count,ratio_tpr,ratio_tnr,ratio_fpr,ratio_fnr,group_min_Accuracy,group_min_Selection rate,group_min_Count,group_min_tpr,group_min_tnr,group_min_fpr,group_min_fnr,group_max_Accuracy,group_max_Selection rate,group_max_Count,group_max_tpr,group_max_tnr,group_max_fpr,group_max_fnr,generation
0.020085825016057268,0.3760033562310179,46.0,0.009319443652909931,0.07173795935006688,0.07173795935006697,0.009319443652909959,0.978529240464853,0.45377445885529016,0.9908421262193908,0.990055595207994,0.9235709050579162,0.461090451711692,0.8708591379525334,0.9154108900944344,0.3123631296038224,4977.0,0.9278350515463918,0.8668831168831169,0.06137892376681614,0.06284550480069828,0.9354967151104917,0.6883664858348403,5023.0,0.9371544951993017,0.9386210762331838,0.1331168831168831,0.07216494845360824,None
