Accuracy,Selection rate,Count,tpr,tnr,fpr,fnr,generation
0.9255,0.4995,10000.0,0.9343826655764513,0.9169929522317932,0.08300704776820673,0.06561733442354865,None
