Accuracy,Selection rate,Count,tpr,tnr,fpr,fnr,generation
0.854640442532268,0.6258066994468346,26032.0,0.8903314399850196,0.7975227250024972,0.20247727499750276,0.10966856001498033,None
0.652619852489244,0.40588506453595574,26032.0,0.5475313650833281,0.820797123164519,0.17920287683548097,0.4524686349166719,None
0.8805316533497234,0.6542716656422864,26032.0,0.9313421737513943,0.7976551445320397,0.20234485546796038,0.06865782624860578,None
0.8741164720344192,0.661339889366933,26032.0,0.93410152600436,0.7775884534429187,0.22241154655708129,0.06589847399563999,None
0.8598647818070068,0.6359864781807006,26032.0,0.899925641343413,0.7945219324843339,0.20547806751566605,0.10007435865658694,None
0.6141287645974186,0.3355101413644745,26032.0,0.45910026829724837,0.8624687656171914,0.1375312343828086,0.5408997317027516,None
0.8714658881376767,0.6401736324523664,26032.0,0.9155175641105634,0.8008995502248876,0.19910044977511243,0.08448243588943657,None
