Accuracy,Selection rate,Count,tpr,tnr,fpr,fnr,generation
1.0,0.45809842331581463,20930.0,1.0,1.0,0.0,0.0,None
1.0,0.45809842331581463,20930.0,1.0,1.0,0.0,0.0,None
1.0,0.4562828475871954,20930.0,1.0,1.0,0.0,0.0,None
1.0,0.45733397037744866,20930.0,1.0,1.0,0.0,0.0,None
1.0,0.4562828475871954,20930.0,1.0,1.0,0.0,0.0,None
1.0,0.45714285714285713,20930.0,1.0,1.0,0.0,0.0,None
1.0,0.45714285714285713,20930.0,1.0,1.0,0.0,0.0,None
