Accuracy,Selection rate,Count,tpr,tnr,fpr,fnr,generation
0.8900143334925944,0.627663640707119,20930.0,0.9274161735700197,0.8325863113264688,0.16741368867353118,0.07258382642998028,None
0.7703296703296704,0.46488294314381273,20930.0,0.6942011834319527,0.8872198667474258,0.1127801332525742,0.30579881656804736,None
0.896225513616818,0.6419015766841853,20930.0,0.9436697392263452,0.8231152118489742,0.17688478815102585,0.05633026077365477,None
0.8898709985666508,0.6521261347348304,20930.0,0.9495165636392455,0.7993262752646776,0.2006737247353224,0.050483436360754474,None
0.8870043000477783,0.6307692307692307,20930.0,0.9268888363665012,0.8255432803205051,0.17445671967949497,0.07311116363349877,None
0.7533683707596751,0.42097467749641665,20930.0,0.6433791748526523,0.9239488117001828,0.07605118829981719,0.3566208251473477,None
0.89775441949355,0.6252747252747253,20930.0,0.9301375245579567,0.8475319926873858,0.15246800731261426,0.06986247544204323,None
