generation,epoch,gen_loss
0,0,67201.12214433069
0,0,29569.106930012225
0,10,5413.622363997555
0,0,33196.4516100149
0,10,5716.595820121485
0,20,5460.256634178255
0,0,47059.66182524068
0,10,5300.7045826807
0,20,5192.358747636194
0,0,48701.643955818305
0,10,5246.109891933451
0,20,5035.838870172104
0,0,47529.22477173747
0,10,5327.790017573349
0,20,5236.093773876833
0,0,47604.250972980975
0,10,5325.453215731968
0,20,5142.435574333359
