Accuracy,Selection rate,Count,tpr,tnr,fpr,fnr,generation
0.9382938293829383,0.49064906490649063,9999.0,0.935078109149929,0.9414201183431953,0.058579881656804736,0.06492189085007101,None
