difference_Accuracy,difference_Selection rate,difference_Count,difference_tpr,difference_tnr,difference_fpr,difference_fnr,ratio_Accuracy,ratio_Selection rate,ratio_Count,ratio_tpr,ratio_tnr,ratio_fpr,ratio_fnr,group_min_Accuracy,group_min_Selection rate,group_min_Count,group_min_tpr,group_min_tnr,group_min_fpr,group_min_fnr,group_max_Accuracy,group_max_Selection rate,group_max_Count,group_max_tpr,group_max_tnr,group_max_fpr,group_max_fnr,generation
0.009635923896149645,0.36265587379828956,46.0,0.016398461456936686,0.024568312853066154,0.024568312853066217,0.0163984614569367,0.9897018626105618,0.45519520558584753,0.9908421262193908,0.9823373512919175,0.9740113429410792,0.6898753951334264,0.8135956139074774,0.926059875426964,0.3030061716105913,4977.0,0.9120274914089347,0.9207792207792208,0.054652466367713,0.0715740471341286,0.9356957993231136,0.6656620454088809,5023.0,0.9284259528658714,0.945347533632287,0.07922077922077922,0.0879725085910653,None
