difference_Accuracy,difference_Selection rate,difference_Count,difference_tpr,difference_tnr,difference_fpr,difference_fnr,ratio_Accuracy,ratio_Selection rate,ratio_Count,ratio_tpr,ratio_tnr,ratio_fpr,ratio_fnr,group_min_Accuracy,group_min_Selection rate,group_min_Count,group_min_tpr,group_min_tnr,group_min_fpr,group_min_fnr,group_max_Accuracy,group_max_Selection rate,group_max_Count,group_max_tpr,group_max_tnr,group_max_fpr,group_max_fnr,generation
0.0030322835718652463,0.37307642173975003,35.0,0.02567824675950192,0.026010232223510066,0.026010232223510135,0.025678246759501908,0.9967734959321213,0.44961008791606905,0.9930237193541958,0.9727621542041848,0.9725988462672113,0.6612000520629961,0.6903876968587926,0.9367723805700522,0.30476380306956347,4982.0,0.9170632222977566,0.9232283464566929,0.050761421319796954,0.05725853094274147,0.9398046641419174,0.6778402248093135,5017.0,0.9427414690572585,0.949238578680203,0.07677165354330709,0.08293677770224338,None
