Accuracy,Selection rate,Count,tpr,tnr,fpr,fnr,generation
0.9309,0.4835,10000.0,0.9235486508585445,0.9379404855129209,0.06205951448707909,0.07645134914145543,None
