difference_Accuracy,difference_Selection rate,difference_Count,difference_tpr,difference_tnr,difference_fpr,difference_fnr,ratio_Accuracy,ratio_Selection rate,ratio_Count,ratio_tpr,ratio_tnr,ratio_fpr,ratio_fnr,group_min_Accuracy,group_min_Selection rate,group_min_Count,group_min_tpr,group_min_tnr,group_min_fpr,group_min_fnr,group_max_Accuracy,group_max_Selection rate,group_max_Count,group_max_tpr,group_max_tnr,group_max_fpr,group_max_fnr,group_0_Accuracy,group_0_Selection rate,group_0_Count,group_0_tpr,group_0_tnr,group_0_fpr,group_0_fnr,group_1_Accuracy,group_1_Selection rate,group_1_Count,group_1_tpr,group_1_tnr,group_1_fpr,group_1_fnr,generation
0.014465070066470909,0.3818111155911731,35.0,0.008028949118075723,0.07154007398821338,0.07154007398821338,0.008028949118075737,0.9846279905690565,0.4555858678090371,0.9930237193541958,0.991568750060642,0.9238652153774896,0.45757675244757606,0.855968485942812,0.9265355279004416,0.31951365357783534,4982.0,0.9442556084296397,0.8681102362204725,0.06034968979131416,0.04771544245228456,0.9410005979669125,0.7013247691690084,5017.0,0.9522845575477155,0.9396503102086858,0.13188976377952755,0.0557443915703603,0.9265355279004416,0.7013247691690084,4982.0,0.9522845575477155,0.8681102362204725,0.13188976377952755,0.04771544245228456,0.9410005979669125,0.31951365357783534,5017.0,0.9442556084296397,0.9396503102086858,0.06034968979131416,0.0557443915703603,None
