Accuracy,Selection rate,Count,tpr,tnr,fpr,fnr,generation
0.9337933793379338,0.5097509750975098,9999.0,0.9498884155001014,0.9181459566074951,0.08185404339250493,0.05011158449989856,None
