Accuracy,Selection rate,Count,tpr,tnr,fpr,fnr,generation
0.9245,0.5021,10000.0,0.9360179885527392,0.913469068128426,0.086530931871574,0.06398201144726083,None
