difference_Accuracy,difference_Selection rate,difference_Count,difference_tpr,difference_tnr,difference_fpr,difference_fnr,ratio_Accuracy,ratio_Selection rate,ratio_Count,ratio_tpr,ratio_tnr,ratio_fpr,ratio_fnr,group_min_Accuracy,group_min_Selection rate,group_min_Count,group_min_tpr,group_min_tnr,group_min_fpr,group_min_fnr,group_max_Accuracy,group_max_Selection rate,group_max_Count,group_max_tpr,group_max_tnr,group_max_fpr,group_max_fnr,group_0_Accuracy,group_0_Selection rate,group_0_Count,group_0_tpr,group_0_tnr,group_0_fpr,group_0_fnr,group_1_Accuracy,group_1_Selection rate,group_1_Count,group_1_tpr,group_1_tnr,group_1_fpr,group_1_fnr,generation
0.016494949033121542,0.3764272852013549,46.0,0.012625291576306763,0.07134121483897271,0.07134121483897268,0.012625291576306763,0.9823150204923438,0.4553841283583886,0.9908421262193908,0.9865655953102891,0.9236974057117942,0.476831091180867,0.826700007136544,0.9162145871006631,0.3147521401552857,4977.0,0.9271477663230241,0.8636363636363636,0.06502242152466367,0.06022694210066919,0.9327095361337846,0.6911794253566406,5023.0,0.9397730578993309,0.9349775784753364,0.13636363636363635,0.07285223367697595,0.9162145871006631,0.6911794253566406,4977.0,0.9397730578993309,0.8636363636363636,0.13636363636363635,0.06022694210066919,0.9327095361337846,0.3147521401552857,5023.0,0.9271477663230241,0.9349775784753364,0.06502242152466367,0.07285223367697595,None
