difference_Accuracy,difference_Selection rate,difference_Count,difference_tpr,difference_tnr,difference_fpr,difference_fnr,ratio_Accuracy,ratio_Selection rate,ratio_Count,ratio_tpr,ratio_tnr,ratio_fpr,ratio_fnr,group_min_Accuracy,group_min_Selection rate,group_min_Count,group_min_tpr,group_min_tnr,group_min_fpr,group_min_fnr,group_max_Accuracy,group_max_Selection rate,group_max_Count,group_max_tpr,group_max_tnr,group_max_fpr,group_max_fnr,group_0_Accuracy,group_0_Selection rate,group_0_Count,group_0_tpr,group_0_tnr,group_0_fpr,group_0_fnr,group_1_Accuracy,group_1_Selection rate,group_1_Count,group_1_tpr,group_1_tnr,group_1_fpr,group_1_fnr,generation
0.009829487991965813,0.35724931939559845,46.0,0.009550805015562491,0.017233999184671833,0.017233999184671826,0.009550805015562394,0.9895039289575586,0.46054919216265366,0.9908421262193908,0.9896902899376607,0.9817534394388994,0.7630325112107624,0.8851535429946836,0.9266626481816356,0.30499701373681065,4977.0,0.9168384879725086,0.9272727272727272,0.0554932735426009,0.07361070701192901,0.9364921361736014,0.6622463331324091,5023.0,0.926389292988071,0.9445067264573991,0.07272727272727272,0.0831615120274914,0.9266626481816356,0.6622463331324091,4977.0,0.926389292988071,0.9272727272727272,0.07272727272727272,0.07361070701192901,0.9364921361736014,0.30499701373681065,5023.0,0.9168384879725086,0.9445067264573991,0.0554932735426009,0.0831615120274914,None
