Accuracy,Selection rate,Count,tpr,tnr,fpr,fnr,generation
0.9372937293729373,0.49064906490649063,9999.0,0.9340637046053967,0.9404339250493097,0.059566074950690336,0.06593629539460337,None
