difference_Accuracy,difference_Selection rate,difference_Count,difference_tpr,difference_tnr,difference_fpr,difference_fnr,ratio_Accuracy,ratio_Selection rate,ratio_Count,ratio_tpr,ratio_tnr,ratio_fpr,ratio_fnr,group_min_Accuracy,group_min_Selection rate,group_min_Count,group_min_tpr,group_min_tnr,group_min_fpr,group_min_fnr,group_max_Accuracy,group_max_Selection rate,group_max_Count,group_max_tpr,group_max_tnr,group_max_fpr,group_max_fnr,group_0_Accuracy,group_0_Selection rate,group_0_Count,group_0_tpr,group_0_tnr,group_0_fpr,group_0_fnr,group_1_Accuracy,group_1_Selection rate,group_1_Count,group_1_tpr,group_1_tnr,group_1_fpr,group_1_fnr,generation
0.0046394646799837735,0.36707574815678873,35.0,0.017449365189892596,0.02178566511673352,0.021785665116733507,0.017449365189892575,0.9950623261986681,0.4560465861638544,0.9930237193541958,0.9814224430952436,0.9769946490458794,0.7087600558078784,0.7767998591797219,0.9349658771577679,0.30775363763205105,4982.0,0.9218218898708361,0.9251968503937008,0.05301748448956571,0.06072874493927125,0.9396053418377517,0.6748293857888398,5017.0,0.9392712550607287,0.9469825155104343,0.07480314960629922,0.07817811012916383,0.9349658771577679,0.6748293857888398,4982.0,0.9392712550607287,0.9251968503937008,0.07480314960629922,0.06072874493927125,0.9396053418377517,0.30775363763205105,5017.0,0.9218218898708361,0.9469825155104343,0.05301748448956571,0.07817811012916383,None
