Accuracy,Selection rate,Count,tpr,tnr,fpr,fnr,generation
0.9316,0.4828,10000.0,0.9235486508585445,0.9393108848864526,0.060689115113547375,0.07645134914145543,None
