generation,epoch,gen_loss
0,0,69490.76522640306
0,10,27258.364367426657
0,20,26302.981410435266
