difference_Accuracy,difference_Selection rate,difference_Count,difference_tpr,difference_tnr,difference_fpr,difference_fnr,ratio_Accuracy,ratio_Selection rate,ratio_Count,ratio_tpr,ratio_tnr,ratio_fpr,ratio_fnr,group_min_Accuracy,group_min_Selection rate,group_min_Count,group_min_tpr,group_min_tnr,group_min_fpr,group_min_fnr,group_max_Accuracy,group_max_Selection rate,group_max_Count,group_max_tpr,group_max_tnr,group_max_fpr,group_max_fnr,group_0_Accuracy,group_0_Selection rate,group_0_Count,group_0_tpr,group_0_tnr,group_0_fpr,group_0_fnr,group_1_Accuracy,group_1_Selection rate,group_1_Count,group_1_tpr,group_1_tnr,group_1_fpr,group_1_fnr,generation
0.010449217741973604,0.38020953567185095,35.0,0.008982805809168104,0.06272788236495819,0.06272788236495819,0.008982805809168111,0.9888979827591102,0.45709260340580066,0.9930237193541958,0.9905899598642522,0.9332233350747098,0.4915037621053389,0.8348286581839214,0.9307507025291047,0.32011162049033287,4982.0,0.9456152277362339,0.8766404199475065,0.06063169768753525,0.045401966454598035,0.9411999202710783,0.7003211561621838,5017.0,0.954598033545402,0.9393683023124647,0.12335958005249344,0.054384772263766146,0.9307507025291047,0.7003211561621838,4982.0,0.954598033545402,0.8766404199475065,0.12335958005249344,0.045401966454598035,0.9411999202710783,0.32011162049033287,5017.0,0.9456152277362339,0.9393683023124647,0.06063169768753525,0.054384772263766146,None
