Accuracy,Selection rate,Count,tpr,tnr,fpr,fnr,generation
0.935993599359936,0.5095509550955095,9999.0,0.9519172245891662,0.9205128205128205,0.07948717948717948,0.04808277541083384,None
