difference_Accuracy,difference_Selection rate,difference_Count,difference_tpr,difference_tnr,difference_fpr,difference_fnr,ratio_Accuracy,ratio_Selection rate,ratio_Count,ratio_tpr,ratio_tnr,ratio_fpr,ratio_fnr,group_min_Accuracy,group_min_Selection rate,group_min_Count,group_min_tpr,group_min_tnr,group_min_fpr,group_min_fnr,group_max_Accuracy,group_max_Selection rate,group_max_Count,group_max_tpr,group_max_tnr,group_max_fpr,group_max_fnr,group_0_Accuracy,group_0_Selection rate,group_0_Count,group_0_tpr,group_0_tnr,group_0_fpr,group_0_fnr,group_1_Accuracy,group_1_Selection rate,group_1_Count,group_1_tpr,group_1_tnr,group_1_fpr,group_1_fnr,generation
0.0190628033689193,0.3706041619840676,46.0,0.0013629723836119378,0.062086512142566,0.062086512142565956,0.0013629723836119378,0.9796660731955655,0.45956726803553927,0.9908421262193908,0.9985460781866933,0.9338139601659171,0.4994071795834996,0.9786760772241359,0.9184247538677919,0.31515030858052956,4977.0,0.9360824742268041,0.875974025974026,0.06193946188340807,0.06255455338958393,0.9374875572367112,0.6857544705645972,5023.0,0.9374454466104161,0.938060538116592,0.12402597402597403,0.06391752577319587,0.9184247538677919,0.6857544705645972,4977.0,0.9374454466104161,0.875974025974026,0.12402597402597403,0.06255455338958393,0.9374875572367112,0.31515030858052956,5023.0,0.9360824742268041,0.938060538116592,0.06193946188340807,0.06391752577319587,None
