Accuracy,Selection rate,Count,tpr,tnr,fpr,fnr,generation
0.928,0.4996,10000.0,0.9370400654129191,0.9193422083007048,0.08065779169929523,0.06295993458708095,None
