Accuracy,Selection rate,Count,tpr,tnr,fpr,fnr,generation
0.9251,0.5021,10000.0,0.9366312346688471,0.9140563821456539,0.08594361785434612,0.0633687653311529,None
