difference_Accuracy,difference_Selection rate,difference_Count,difference_tpr,difference_tnr,difference_fpr,difference_fnr,ratio_Accuracy,ratio_Selection rate,ratio_Count,ratio_tpr,ratio_tnr,ratio_fpr,ratio_fnr,group_min_Accuracy,group_min_Selection rate,group_min_Count,group_min_tpr,group_min_tnr,group_min_fpr,group_min_fnr,group_max_Accuracy,group_max_Selection rate,group_max_Count,group_max_tpr,group_max_tnr,group_max_fpr,group_max_fnr,generation
0.017289445844674067,0.3744272428804593,46.0,0.00860696263723959,0.06939316289092079,0.06939316289092073,0.008606962637239583,0.981482966635864,0.45748926118892397,0.9908421262193908,0.9908357711944881,0.9257809336946027,0.4837416867052273,0.8760086075526377,0.9164155113522202,0.31574756121839537,4977.0,0.9305841924398626,0.8655844155844156,0.06502242152466367,0.06080884492289788,0.9337049571968943,0.6901748040988547,5023.0,0.9391911550771022,0.9349775784753364,0.1344155844155844,0.06941580756013746,None
