Accuracy,Selection rate,Count,tpr,tnr,fpr,fnr,generation
0.9331933193319332,0.5099509950995099,9999.0,0.9494826536822885,0.9173570019723866,0.0826429980276134,0.0505173463177115,None
