difference_Accuracy,difference_Selection rate,difference_Count,difference_tpr,difference_tnr,difference_fpr,difference_fnr,ratio_Accuracy,ratio_Selection rate,ratio_Count,ratio_tpr,ratio_tnr,ratio_fpr,ratio_fnr,group_min_Accuracy,group_min_Selection rate,group_min_Count,group_min_tpr,group_min_tnr,group_min_fpr,group_min_fnr,group_max_Accuracy,group_max_Selection rate,group_max_Count,group_max_tpr,group_max_tnr,group_max_fpr,group_max_fnr,generation
0.014869315863598964,0.3814124709828414,35.0,0.007450580118654071,0.07228839415377653,0.07228839415377646,0.007450580118654113,0.9841917021217046,0.4561542843627602,0.9930237193541958,0.9921713442569718,0.9230226289281407,0.457302893150959,0.8663438615299975,0.9257326374949819,0.319912298186167,4982.0,0.9442556084296397,0.8667979002624672,0.06091370558375635,0.048293811451706185,0.9406019533585809,0.7013247691690084,5017.0,0.9517061885482938,0.9390862944162437,0.1332020997375328,0.0557443915703603,None
