Accuracy,Selection rate,Count,tpr,tnr,fpr,fnr,generation
0.9307930793079308,0.5085508550855086,9999.0,0.9456279164130655,0.916370808678501,0.08362919132149901,0.05437208358693447,None
