difference_Accuracy,difference_Selection rate,difference_Count,difference_tpr,difference_tnr,difference_fpr,difference_fnr,ratio_Accuracy,ratio_Selection rate,ratio_Count,ratio_tpr,ratio_tnr,ratio_fpr,ratio_fnr,group_min_Accuracy,group_min_Selection rate,group_min_Count,group_min_tpr,group_min_tnr,group_min_fpr,group_min_fnr,group_max_Accuracy,group_max_Selection rate,group_max_Count,group_max_tpr,group_max_tnr,group_max_fpr,group_max_fnr,group_0_Accuracy,group_0_Selection rate,group_0_Count,group_0_tpr,group_0_tnr,group_0_fpr,group_0_fnr,group_1_Accuracy,group_1_Selection rate,group_1_Count,group_1_tpr,group_1_tnr,group_1_fpr,group_1_fnr,generation
0.018518911860174958,0.37361802575742503,46.0,0.01032287607969462,0.0718879214955448,0.07188792149554481,0.01032287607969469,0.9801110767000943,0.45755632608089136,0.9908421262193908,0.9889643156808988,0.9229972669180114,0.4802469525674225,0.8622038101288461,0.9125979505726342,0.31515030858052956,4977.0,0.925085910652921,0.8616883116883117,0.0664237668161435,0.06459121326738435,0.9311168624328091,0.6887683343379546,5023.0,0.9354087867326156,0.9335762331838565,0.1383116883116883,0.07491408934707904,0.9125979505726342,0.6887683343379546,4977.0,0.9354087867326156,0.8616883116883117,0.1383116883116883,0.06459121326738435,0.9311168624328091,0.31515030858052956,5023.0,0.925085910652921,0.9335762331838565,0.0664237668161435,0.07491408934707904,None
