Accuracy,Selection rate,Count,tpr,tnr,fpr,fnr,generation
0.9219,0.5011,10000.0,0.9323385118560916,0.9119028974158183,0.08809710258418167,0.06766148814390842,None
