difference_Accuracy,difference_Selection rate,difference_Count,difference_tpr,difference_tnr,difference_fpr,difference_fnr,ratio_Accuracy,ratio_Selection rate,ratio_Count,ratio_tpr,ratio_tnr,ratio_fpr,ratio_fnr,group_min_Accuracy,group_min_Selection rate,group_min_Count,group_min_tpr,group_min_tnr,group_min_fpr,group_min_fnr,group_max_Accuracy,group_max_Selection rate,group_max_Count,group_max_tpr,group_max_tnr,group_max_fpr,group_max_fnr,group_0_Accuracy,group_0_Selection rate,group_0_Count,group_0_tpr,group_0_tnr,group_0_fpr,group_0_fnr,group_1_Accuracy,group_1_Selection rate,group_1_Count,group_1_tpr,group_1_tnr,group_1_fpr,group_1_fnr,generation
0.01368598471339555,0.3830028485245709,35.0,0.014552998613251211,0.07369288229834214,0.07369288229834214,0.014552998613251211,0.9854033619670269,0.45341730411073844,0.9930237193541958,0.9846805877611499,0.921479879618413,0.45481576396760476,0.7746583056832365,0.9239261340826977,0.3177197528403428,4982.0,0.9354180829367778,0.8648293963254593,0.06147772137619854,0.05002891844997108,0.9376121187960933,0.7007226013649137,5017.0,0.949971081550029,0.9385222786238014,0.13517060367454067,0.06458191706322229,0.9239261340826977,0.7007226013649137,4982.0,0.949971081550029,0.8648293963254593,0.13517060367454067,0.05002891844997108,0.9376121187960933,0.3177197528403428,5017.0,0.9354180829367778,0.9385222786238014,0.06147772137619854,0.06458191706322229,None
