Accuracy,Selection rate,Count,tpr,tnr,fpr,fnr,generation
0.929,0.498,10000.0,0.9364268192968112,0.9218872357086922,0.07811276429130776,0.06357318070318888,None
