difference_Accuracy,difference_Selection rate,difference_Count,difference_tpr,difference_tnr,difference_fpr,difference_fnr,ratio_Accuracy,ratio_Selection rate,ratio_Count,ratio_tpr,ratio_tnr,ratio_fpr,ratio_fnr,group_min_Accuracy,group_min_Selection rate,group_min_Count,group_min_tpr,group_min_tnr,group_min_fpr,group_min_fnr,group_max_Accuracy,group_max_Selection rate,group_max_Count,group_max_tpr,group_max_tnr,group_max_fpr,group_max_fnr,generation
0.01785357778170593,0.3681893908875112,46.0,0.0004901181502688923,0.055504193116300726,0.05550419311630074,0.0004901181502689061,0.9809640158782618,0.46087714079224973,0.9908421262193908,0.9994766896295514,0.9408662403586262,0.5251307922272047,0.9923320224877284,0.9200321478802491,0.3147521401552857,4977.0,0.9360824742268041,0.8831168831168831,0.06137892376681614,0.06342740762292697,0.937885725661955,0.6829415310427969,5023.0,0.936572592377073,0.9386210762331838,0.11688311688311688,0.06391752577319587,None
