difference_Accuracy,difference_Selection rate,difference_Count,difference_tpr,difference_tnr,difference_fpr,difference_fnr,ratio_Accuracy,ratio_Selection rate,ratio_Count,ratio_tpr,ratio_tnr,ratio_fpr,ratio_fnr,group_min_Accuracy,group_min_Selection rate,group_min_Count,group_min_tpr,group_min_tnr,group_min_fpr,group_min_fnr,group_max_Accuracy,group_max_Selection rate,group_max_Count,group_max_tpr,group_max_tnr,group_max_fpr,group_max_fnr,generation
0.009636525256120354,0.377799464158273,35.0,0.0066541923495661015,0.0559818982018111,0.05598189820181106,0.006654192349566067,0.9897766024085524,0.458516418171313,0.9930237193541958,0.9930272129864244,0.9404762185836215,0.5152476542070451,0.8728790006985495,0.9329586511441188,0.319912298186167,4982.0,0.947654656696125,0.884514435695538,0.05950366610265088,0.04569115095430885,0.9425951764002392,0.69771176234444,5017.0,0.9543088490456911,0.9404963338973491,0.11548556430446194,0.052345343303874914,None
