Accuracy,Selection rate,Count,tpr,tnr,fpr,fnr,generation
0.9377937793779378,0.5081508150815082,9999.0,0.9523229864069791,0.9236686390532545,0.07633136094674556,0.047677013593020894,None
