Accuracy,Selection rate,Count,tpr,tnr,fpr,fnr,generation
0.8521261347348303,0.6707118967988533,20930.0,0.9316765285996055,0.7299818291944277,0.2700181708055724,0.06832347140039448,None
0.736741519350215,0.4705685618729097,20930.0,0.671163708086785,0.8374318594791036,0.16256814052089644,0.328836291913215,None
0.8919254658385093,0.6197802197802198,20930.0,0.9231194690265486,0.8442107807590041,0.1557892192409959,0.07688053097345132,None
0.8978499761108457,0.6311036789297659,20930.0,0.9356946084218811,0.8393920972644376,0.1606079027355623,0.06430539157811885,None
0.8886765408504539,0.5878165312947922,20930.0,0.8924832743014561,0.8827963525835866,0.11720364741641337,0.10751672569854388,None
