Accuracy,Selection rate,Count,tpr,tnr,fpr,fnr,generation
0.8046634910878918,0.6895359557467732,26032.0,0.9015042756382249,0.6496853461192688,0.3503146538807312,0.09849572436177517,None
0.5771358328211432,0.4129148740012293,26032.0,0.49191685912240185,0.7135151333533114,0.28648486664668865,0.5080831408775982,None
0.8668177627535341,0.6194683466502766,26032.0,0.8942876720862144,0.8226275177873534,0.17737248221264657,0.10571232791378558,None
0.8822218807621389,0.6383297480024586,26032.0,0.9224917378562075,0.8176088044022011,0.1823911955977989,0.07750826214379249,None
0.8590580823601721,0.5880454824830977,26032.0,0.8628795909459375,0.8529264632316158,0.1470735367683842,0.13712040905406248,None
