Accuracy,Selection rate,Count,tpr,tnr,fpr,fnr,generation
0.9795641012734686,0.43569738762772436,19867.0,0.9877039489240955,0.97352966955912,0.026470330440880006,0.012296051075904469,None
0.9772990386067348,0.4387678059092968,19867.0,0.9886497990068575,0.9688842142168463,0.03111578578315365,0.011350200993142587,None
0.9773997080585897,0.439271153168571,19867.0,0.9893591865689289,0.9685336138136559,0.03146638618634411,0.010640813431071176,None
0.9773997080585897,0.439271153168571,19867.0,0.9893591865689289,0.9685336138136559,0.03146638618634411,0.010640813431071176,None
