Accuracy,Selection rate,Count,tpr,tnr,fpr,fnr,generation
0.8177537320909728,0.514377316902114,19962.0,0.8349161446756921,0.8008744038155803,0.19912559618441972,0.16508385532430794,None
0.8231139164412383,0.5172327422101993,19962.0,0.8432006465952717,0.8033585055643879,0.19664149443561207,0.15679935340472823,None
0.8202083959523094,0.5151287446147681,19962.0,0.8381491210345524,0.8025635930047694,0.19743640699523052,0.16185087896544756,None
0.8202083959523094,0.5151287446147681,19962.0,0.8381491210345524,0.8025635930047694,0.19743640699523052,0.16185087896544756,None
