Accuracy,Selection rate,Count,tpr,tnr,fpr,fnr,generation
0.972497745716862,0.3960524997495241,19962.0,0.976798444588464,0.9697885196374623,0.030211480362537766,0.023201555411535967,None
0.9707444143873359,0.4008115419296664,19962.0,0.9806869734283863,0.964481097411611,0.035518902588388995,0.01931302657161374,None
0.9704939384831179,0.40086163711051,19962.0,0.9804277381723915,0.9642361394627256,0.035763860537274435,0.019572261827608555,None
0.9704939384831179,0.40086163711051,19962.0,0.9804277381723915,0.9642361394627256,0.035763860537274435,0.019572261827608555,None
