Accuracy,Selection rate,Count,tpr,tnr,fpr,fnr,generation
0.8052549453868224,0.5249408566970353,19867.0,0.8174603174603174,0.7920293654955427,0.20797063450445727,0.18253968253968253,None
0.8110434388684754,0.5270045804600594,19867.0,0.8250096786682153,0.7959098059779759,0.20409019402202414,0.17499032133178474,None
0.8123018070166608,0.5275582624452609,19867.0,0.8267518389469609,0.7966439433665443,0.20335605663345568,0.1732481610530391,None
0.8123018070166608,0.5275582624452609,19867.0,0.8267518389469609,0.7966439433665443,0.20335605663345568,0.1732481610530391,None
