generation,epoch,gen_loss
0,0,0.5517030685390316
0,10,0.526818014318182
0,20,0.5251441988039691
