Accuracy,Selection rate,Count,tpr,tnr,fpr,fnr,generation
0.9299,0.4901,10000.0,0.929272281275552,0.9305011746280345,0.06949882537196554,0.07072771872444808,None
