difference_Accuracy,difference_Selection rate,difference_Count,difference_tpr,difference_tnr,difference_fpr,difference_fnr,ratio_Accuracy,ratio_Selection rate,ratio_Count,ratio_tpr,ratio_tnr,ratio_fpr,ratio_fnr,group_min_Accuracy,group_min_Selection rate,group_min_Count,group_min_tpr,group_min_tnr,group_min_fpr,group_min_fnr,group_max_Accuracy,group_max_Selection rate,group_max_Count,group_max_tpr,group_max_tnr,group_max_fpr,group_max_fnr,generation
0.009628123472925854,0.3681171691879885,35.0,0.0051825165067141965,0.03275066505011748,0.032750665050117464,0.005182516506714155,0.9897984592473772,0.45964651240584603,0.9930237193541958,0.9945060876516807,0.9653848410528416,0.621878685330462,0.9162254749299283,0.9341629867523084,0.3131353398445286,4982.0,0.938137321549966,0.9133858267716536,0.05386350817822899,0.05668016194331984,0.9437911102252342,0.6812525090325171,5017.0,0.9433198380566802,0.9461364918217711,0.08661417322834646,0.061862678450033994,None
