Accuracy,Selection rate,Count,tpr,tnr,fpr,fnr,generation
0.938993899389939,0.4965496549654965,9999.0,0.9417731791438425,0.9362919132149902,0.06370808678500986,0.058226820856157435,None
