difference_Accuracy,difference_Selection rate,difference_Count,difference_tpr,difference_tnr,difference_fpr,difference_fnr,ratio_Accuracy,ratio_Selection rate,ratio_Count,ratio_tpr,ratio_tnr,ratio_fpr,ratio_fnr,group_min_Accuracy,group_min_Selection rate,group_min_Count,group_min_tpr,group_min_tnr,group_min_fpr,group_min_fnr,group_max_Accuracy,group_max_Selection rate,group_max_Count,group_max_tpr,group_max_tnr,group_max_fpr,group_max_fnr,generation
0.006445056377392899,0.358716510441361,46.0,0.009871551450907678,0.023214285714285743,0.023214285714285715,0.009871551450907706,0.993092912698177,0.4648285154476458,0.9908421262193908,0.9894105735528185,0.9752380952380952,0.7291666666666666,0.8728928552117636,0.9266626481816356,0.31156679275333465,4977.0,0.9223367697594502,0.9142857142857143,0.0625,0.06779167878964212,0.9331077045590285,0.6702833031946956,5023.0,0.9322083212103579,0.9375,0.08571428571428572,0.07766323024054983,None
