Accuracy,Selection rate,Count,tpr,tnr,fpr,fnr,generation
0.9291,0.4879,10000.0,0.9262060506950123,0.9318715740015662,0.06812842599843383,0.07379394930498774,None
