difference_Accuracy,difference_Selection rate,difference_Count,difference_tpr,difference_tnr,difference_fpr,difference_fnr,ratio_Accuracy,ratio_Selection rate,ratio_Count,ratio_tpr,ratio_tnr,ratio_fpr,ratio_fnr,group_min_Accuracy,group_min_Selection rate,group_min_Count,group_min_tpr,group_min_tnr,group_min_fpr,group_min_fnr,group_max_Accuracy,group_max_Selection rate,group_max_Count,group_max_tpr,group_max_tnr,group_max_fpr,group_max_fnr,generation
0.008052450389850252,0.360696312333969,46.0,0.013333173360048911,0.02610578883000403,0.026105788830004077,0.01333317336004887,0.9913702883916753,0.46090524129544636,0.9908421262193908,0.9856659002694751,0.9722202640783018,0.6977224451262686,0.8396713451332967,0.9250552541691782,0.3083814453513836,4977.0,0.9168384879725086,0.9136363636363637,0.06025784753363229,0.06982833866744254,0.9331077045590285,0.6690777576853526,5023.0,0.9301716613325575,0.9397421524663677,0.08636363636363636,0.0831615120274914,None
