difference_Accuracy,difference_Selection rate,difference_Count,difference_tpr,difference_tnr,difference_fpr,difference_fnr,ratio_Accuracy,ratio_Selection rate,ratio_Count,ratio_tpr,ratio_tnr,ratio_fpr,ratio_fnr,group_min_Accuracy,group_min_Selection rate,group_min_Count,group_min_tpr,group_min_tnr,group_min_fpr,group_min_fnr,group_max_Accuracy,group_max_Selection rate,group_max_Count,group_max_tpr,group_max_tnr,group_max_fpr,group_max_fnr,generation
0.007831422141035271,0.3687039337228934,35.0,0.010433249887255358,0.030033840947546575,0.030033840947546527,0.0104332498872554,0.9916898805242018,0.45750649798952897,0.9930237193541958,0.9889296783951737,0.9682752457551385,0.6395939086294417,0.846526894158473,0.9345644319550381,0.3109427944987044,4982.0,0.9320190346702923,0.9166666666666666,0.0532994923857868,0.05754771544245228,0.9423958540960734,0.6796467282215978,5017.0,0.9424522845575477,0.9467005076142132,0.08333333333333333,0.06798096532970768,None
