Accuracy,Selection rate,Count,tpr,tnr,fpr,fnr,generation
0.9384938493849385,0.49464946494649464,9999.0,0.9393386082369649,0.9376725838264299,0.06232741617357002,0.060661391763035095,None
