Accuracy,Selection rate,Count,tpr,tnr,fpr,fnr,generation
0.9299,0.4871,10000.0,0.9262060506950123,0.9334377447141738,0.06656225528582616,0.07379394930498774,None
0.9299,0.4871,10000.0,0.9262060506950123,0.9334377447141738,0.06656225528582616,0.07379394930498774,None
0.9299,0.4871,10000.0,0.9262060506950123,0.9334377447141738,0.06656225528582616,0.07379394930498774,None
0.9299,0.4871,10000.0,0.9262060506950123,0.9334377447141738,0.06656225528582616,0.07379394930498774,None
0.9299,0.4871,10000.0,0.9262060506950123,0.9334377447141738,0.06656225528582616,0.07379394930498774,None
0.9299,0.4871,10000.0,0.9262060506950123,0.9334377447141738,0.06656225528582616,0.07379394930498774,None
0.9299,0.4871,10000.0,0.9262060506950123,0.9334377447141738,0.06656225528582616,0.07379394930498774,None
0.9308,0.489,10000.0,0.929067865903516,0.9324588880187941,0.06754111198120595,0.07093213409648405,None
