Accuracy,Selection rate,Count,tpr,tnr,fpr,fnr,generation
0.9374937493749375,0.49384938493849384,9999.0,0.9375126800568067,0.9374753451676529,0.06252465483234713,0.06248731994319334,None
0.9374937493749375,0.49384938493849384,9999.0,0.9375126800568067,0.9374753451676529,0.06252465483234713,0.06248731994319334,None
0.9374937493749375,0.49384938493849384,9999.0,0.9375126800568067,0.9374753451676529,0.06252465483234713,0.06248731994319334,None
0.9374937493749375,0.49384938493849384,9999.0,0.9375126800568067,0.9374753451676529,0.06252465483234713,0.06248731994319334,None
0.9374937493749375,0.49384938493849384,9999.0,0.9375126800568067,0.9374753451676529,0.06252465483234713,0.06248731994319334,None
0.9374937493749375,0.49384938493849384,9999.0,0.9375126800568067,0.9374753451676529,0.06252465483234713,0.06248731994319334,None
0.9374937493749375,0.49384938493849384,9999.0,0.9375126800568067,0.9374753451676529,0.06252465483234713,0.06248731994319334,None
0.9392939293929393,0.49604960496049605,9999.0,0.9415702982349361,0.9370808678500986,0.06291913214990139,0.05842970176506391,None
