Accuracy,Selection rate,Count,tpr,tnr,fpr,fnr,generation
0.882560917343526,0.6035355948399427,20930.0,0.901562993369119,0.8534253207455822,0.1465746792544178,0.09843700663088097,None
0.882560917343526,0.6035355948399427,20930.0,0.901562993369119,0.8534253207455822,0.1465746792544178,0.09843700663088097,None
0.882560917343526,0.6035355948399427,20930.0,0.901562993369119,0.8534253207455822,0.1465746792544178,0.09843700663088097,None
0.882560917343526,0.6035355948399427,20930.0,0.901562993369119,0.8534253207455822,0.1465746792544178,0.09843700663088097,None
0.882560917343526,0.6035355948399427,20930.0,0.901562993369119,0.8534253207455822,0.1465746792544178,0.09843700663088097,None
