Accuracy,Selection rate,Count,tpr,tnr,fpr,fnr,generation
0.8637446220036877,0.6042947141979103,26032.0,0.8797531479865354,0.838038038038038,0.16196196196196197,0.12024685201346466,None
0.8637446220036877,0.6042947141979103,26032.0,0.8797531479865354,0.838038038038038,0.16196196196196197,0.12024685201346466,None
0.8637446220036877,0.6042947141979103,26032.0,0.8797531479865354,0.838038038038038,0.16196196196196197,0.12024685201346466,None
0.8637446220036877,0.6042947141979103,26032.0,0.8797531479865354,0.838038038038038,0.16196196196196197,0.12024685201346466,None
0.8637446220036877,0.6042947141979103,26032.0,0.8797531479865354,0.838038038038038,0.16196196196196197,0.12024685201346466,None
