difference_Accuracy,difference_Selection rate,difference_Count,difference_tpr,difference_tnr,difference_fpr,difference_fnr,ratio_Accuracy,ratio_Selection rate,ratio_Count,ratio_tpr,ratio_tnr,ratio_fpr,ratio_fnr,group_min_Accuracy,group_min_Selection rate,group_min_Count,group_min_tpr,group_min_tnr,group_min_fpr,group_min_fnr,group_max_Accuracy,group_max_Selection rate,group_max_Count,group_max_tpr,group_max_tnr,group_max_fpr,group_max_fnr,group_0_Accuracy,group_0_Selection rate,group_0_Count,group_0_tpr,group_0_tnr,group_0_fpr,group_0_fnr,group_1_Accuracy,group_1_Selection rate,group_1_Count,group_1_tpr,group_1_tnr,group_1_fpr,group_1_fnr,generation
0.004699299437176063,0.3671501688975739,46.0,0.04636865643437549,0.01985906470211396,0.019859064702114022,0.046368656434375446,0.9949270188968546,0.44067756639019734,0.9908421262193908,0.9495188241479415,0.9790611279972983,0.7219730941704037,0.6372774456343211,0.9216395418927065,0.2892693609396775,4977.0,0.8721649484536083,0.9285714285714286,0.0515695067264574,0.0814663951120163,0.9263388413298825,0.6564195298372514,5023.0,0.9185336048879837,0.9484304932735426,0.07142857142857142,0.12783505154639174,0.9216395418927065,0.6564195298372514,4977.0,0.9185336048879837,0.9285714285714286,0.07142857142857142,0.0814663951120163,0.9263388413298825,0.2892693609396775,5023.0,0.8721649484536083,0.9484304932735426,0.0515695067264574,0.12783505154639174,None
