Accuracy,Selection rate,Count,tpr,tnr,fpr,fnr,generation
0.9321932193219322,0.4819481948194819,9999.0,0.9200649218908501,0.9439842209072978,0.05601577909270217,0.07993507810914993,None
