difference_Accuracy,difference_Selection rate,difference_Count,difference_tpr,difference_tnr,difference_fpr,difference_fnr,ratio_Accuracy,ratio_Selection rate,ratio_Count,ratio_tpr,ratio_tnr,ratio_fpr,ratio_fnr,group_min_Accuracy,group_min_Selection rate,group_min_Count,group_min_tpr,group_min_tnr,group_min_fpr,group_min_fnr,group_max_Accuracy,group_max_Selection rate,group_max_Count,group_max_tpr,group_max_tnr,group_max_fpr,group_max_fnr,group_0_Accuracy,group_0_Selection rate,group_0_Count,group_0_tpr,group_0_tnr,group_0_fpr,group_0_fnr,group_1_Accuracy,group_1_Selection rate,group_1_Count,group_1_tpr,group_1_tnr,group_1_fpr,group_1_fnr,generation
0.002325613588228026,0.380416339563909,35.0,0.0556352838903198,0.02592363137348952,0.025923631373489485,0.05563528389031984,0.997508342602892,0.43459600128061016,0.9930237193541958,0.9406030220152127,0.9727629046369204,0.650375095458425,0.5323456994133686,0.9310344827586207,0.29240582021128164,4982.0,0.8810333106730116,0.9258530183727034,0.048223350253807105,0.0633314054366686,0.9333600963468487,0.6728221597751907,5017.0,0.9366685945633314,0.9517766497461929,0.07414698162729659,0.11896668932698844,0.9333600963468487,0.6728221597751907,4982.0,0.9366685945633314,0.9258530183727034,0.07414698162729659,0.0633314054366686,0.9310344827586207,0.29240582021128164,5017.0,0.8810333106730116,0.9517766497461929,0.048223350253807105,0.11896668932698844,None
