Accuracy,Selection rate,Count,tpr,tnr,fpr,fnr,generation
0.924,0.472,10000.0,0.9047424366312347,0.942443226311668,0.05755677368833203,0.09525756336876533,None
