difference_Accuracy,difference_Selection rate,difference_Count,difference_tpr,difference_tnr,difference_fpr,difference_fnr,ratio_Accuracy,ratio_Selection rate,ratio_Count,ratio_tpr,ratio_tnr,ratio_fpr,ratio_fnr,group_min_Accuracy,group_min_Selection rate,group_min_Count,group_min_tpr,group_min_tnr,group_min_fpr,group_min_fnr,group_max_Accuracy,group_max_Selection rate,group_max_Count,group_max_tpr,group_max_tnr,group_max_fpr,group_max_fnr,group_0_Accuracy,group_0_Selection rate,group_0_Count,group_0_tpr,group_0_tnr,group_0_fpr,group_0_fnr,group_1_Accuracy,group_1_Selection rate,group_1_Count,group_1_tpr,group_1_tnr,group_1_fpr,group_1_fnr,generation
0.0012411834287708867,0.3720490036805411,35.0,0.031725367909131164,0.020294576122147245,0.020294576122147162,0.0317253679091312,0.998676229323524,0.44752663596528885,0.9930237193541958,0.9662234229588129,0.978639190582032,0.7109445419611937,0.6568528221005001,0.9363709353673224,0.3013753238987443,4982.0,0.9075458871515976,0.9297900262467191,0.04991539763113367,0.06072874493927125,0.9376121187960933,0.6734243275792854,5017.0,0.9392712550607287,0.9500846023688664,0.07020997375328084,0.09245411284840245,0.9363709353673224,0.6734243275792854,4982.0,0.9392712550607287,0.9297900262467191,0.07020997375328084,0.06072874493927125,0.9376121187960933,0.3013753238987443,5017.0,0.9075458871515976,0.9500846023688664,0.04991539763113367,0.09245411284840245,None
