difference_Accuracy,difference_Selection rate,difference_Count,difference_tpr,difference_tnr,difference_fpr,difference_fnr,ratio_Accuracy,ratio_Selection rate,ratio_Count,ratio_tpr,ratio_tnr,ratio_fpr,ratio_fnr,group_min_Accuracy,group_min_Selection rate,group_min_Count,group_min_tpr,group_min_tnr,group_min_fpr,group_min_fnr,group_max_Accuracy,group_max_Selection rate,group_max_Count,group_max_tpr,group_max_tnr,group_max_fpr,group_max_fnr,group_0_Accuracy,group_0_Selection rate,group_0_Count,group_0_tpr,group_0_tnr,group_0_fpr,group_0_fnr,group_1_Accuracy,group_1_Selection rate,group_1_Count,group_1_tpr,group_1_tnr,group_1_fpr,group_1_fnr,generation
0.010640545153935421,0.3596052092462277,46.0,0.017452285468326778,0.017630743695766116,0.017630743695766116,0.017452285468326792,0.9886282003599537,0.45401002854836026,0.9908421262193908,0.9810837259051911,0.9814051157237678,0.7462491094254222,0.8159922075622067,0.9250552541691782,0.2990244873581525,4977.0,0.9051546391752577,0.9305194805194805,0.05184977578475336,0.07739307535641547,0.9356957993231136,0.6586296966043802,5023.0,0.9226069246435845,0.9481502242152466,0.06948051948051948,0.09484536082474226,0.9250552541691782,0.6586296966043802,4977.0,0.9226069246435845,0.9305194805194805,0.06948051948051948,0.07739307535641547,0.9356957993231136,0.2990244873581525,5023.0,0.9051546391752577,0.9481502242152466,0.05184977578475336,0.09484536082474226,None
