Accuracy,Selection rate,Count,tpr,tnr,fpr,fnr,generation
0.936993699369937,0.48674867486748674,9999.0,0.9298032055183607,0.9439842209072978,0.05601577909270217,0.07019679448163928,None
