Accuracy,Selection rate,Count,tpr,tnr,fpr,fnr,generation
0.9304,0.478,10000.0,0.9174161896974653,0.9428347689898199,0.05716523101018011,0.08258381030253475,None
