Accuracy,Selection rate,Count,tpr,tnr,fpr,fnr,generation
0.9363936393639364,0.4969496949694969,9999.0,0.9395414891458713,0.9333333333333333,0.06666666666666667,0.06045851085412863,None
