difference_Accuracy,difference_Selection rate,difference_Count,difference_tpr,difference_tnr,difference_fpr,difference_fnr,ratio_Accuracy,ratio_Selection rate,ratio_Count,ratio_tpr,ratio_tnr,ratio_fpr,ratio_fnr,group_min_Accuracy,group_min_Selection rate,group_min_Count,group_min_tpr,group_min_tnr,group_min_fpr,group_min_fnr,group_max_Accuracy,group_max_Selection rate,group_max_Count,group_max_tpr,group_max_tnr,group_max_fpr,group_max_fnr,group_0_Accuracy,group_0_Selection rate,group_0_Count,group_0_tpr,group_0_tnr,group_0_fpr,group_0_fnr,group_1_Accuracy,group_1_Selection rate,group_1_Count,group_1_tpr,group_1_tnr,group_1_fpr,group_1_fnr,generation
0.008846237525452327,0.3773210026095939,35.0,0.01944338176403726,0.04540771236082808,0.045407712360827995,0.019443381764037246,0.9905971242234758,0.4501862430532329,0.9930237193541958,0.979432482673588,0.9520501048149207,0.5386576424139876,0.7376035360101029,0.9319550381372943,0.30894957145704605,4982.0,0.9259007477906186,0.9015748031496063,0.05301748448956571,0.05465587044534413,0.9408012756627466,0.6862705740666399,5017.0,0.9453441295546559,0.9469825155104343,0.0984251968503937,0.07409925220938138,0.9319550381372943,0.6862705740666399,4982.0,0.9453441295546559,0.9015748031496063,0.0984251968503937,0.05465587044534413,0.9408012756627466,0.30894957145704605,5017.0,0.9259007477906186,0.9469825155104343,0.05301748448956571,0.07409925220938138,None
