difference_Accuracy,difference_Selection rate,difference_Count,difference_tpr,difference_tnr,difference_fpr,difference_fnr,ratio_Accuracy,ratio_Selection rate,ratio_Count,ratio_tpr,ratio_tnr,ratio_fpr,ratio_fnr,group_min_Accuracy,group_min_Selection rate,group_min_Count,group_min_tpr,group_min_tnr,group_min_fpr,group_min_fnr,group_max_Accuracy,group_max_Selection rate,group_max_Count,group_max_tpr,group_max_tnr,group_max_fpr,group_max_fnr,group_0_Accuracy,group_0_Selection rate,group_0_Count,group_0_tpr,group_0_tnr,group_0_fpr,group_0_fnr,group_1_Accuracy,group_1_Selection rate,group_1_Count,group_1_tpr,group_1_tnr,group_1_fpr,group_1_fnr,generation
0.011252518103283093,0.37068732374377045,46.0,0.02263901928377965,0.0405218100285365,0.04052181002853649,0.022639019283779607,0.9879613634860935,0.44928035514246406,0.9908421262193908,0.9757070529883388,0.9571228297206945,0.5754857997010463,0.7504562647128838,0.9234478601567209,0.3024089189727255,4977.0,0.9092783505154639,0.9045454545454545,0.05493273542600897,0.06808263020075647,0.934700378260004,0.6730962427164959,5023.0,0.9319173697992436,0.945067264573991,0.09545454545454546,0.09072164948453608,0.9234478601567209,0.6730962427164959,4977.0,0.9319173697992436,0.9045454545454545,0.09545454545454546,0.06808263020075647,0.934700378260004,0.3024089189727255,5023.0,0.9092783505154639,0.945067264573991,0.05493273542600897,0.09072164948453608,None
