Accuracy,Selection rate,Count,tpr,tnr,fpr,fnr,generation
0.9291,0.4869,10000.0,0.9251839738348324,0.932850430696946,0.06714956930305403,0.07481602616516762,None
