generation,epoch,gen_loss
0,0,81705.38294702646
0,10,27261.891357421875
0,20,26356.54718889509
