difference_Accuracy,difference_Selection rate,difference_Count,difference_tpr,difference_tnr,difference_fpr,difference_fnr,ratio_Accuracy,ratio_Selection rate,ratio_Count,ratio_tpr,ratio_tnr,ratio_fpr,ratio_fnr,group_min_Accuracy,group_min_Selection rate,group_min_Count,group_min_tpr,group_min_tnr,group_min_fpr,group_min_fnr,group_max_Accuracy,group_max_Selection rate,group_max_Count,group_max_tpr,group_max_tnr,group_max_fpr,group_max_fnr,generation
0.00811996338102805,0.3866037327762445,35.0,0.07290457226054203,0.025457319104147502,0.02545731910414751,0.07290457226054206,0.9913189576042314,0.42642650485668554,0.9930237193541958,0.9223578654521237,0.9732765975301045,0.6504778890565693,0.45562118885656155,0.9272473589794697,0.28742276260713573,4982.0,0.8660774983004759,0.9271653543307087,0.047377326565143825,0.06101792943898207,0.9353673223604978,0.6740264953833802,5017.0,0.9389820705610179,0.9526226734348562,0.07283464566929133,0.13392250169952413,None
