difference_Accuracy,difference_Selection rate,difference_Count,difference_tpr,difference_tnr,difference_fpr,difference_fnr,ratio_Accuracy,ratio_Selection rate,ratio_Count,ratio_tpr,ratio_tnr,ratio_fpr,ratio_fnr,group_min_Accuracy,group_min_Selection rate,group_min_Count,group_min_tpr,group_min_tnr,group_min_fpr,group_min_fnr,group_max_Accuracy,group_max_Selection rate,group_max_Count,group_max_tpr,group_max_tnr,group_max_fpr,group_max_fnr,generation
0.0062724127242532735,0.3837146394017697,46.0,0.08705366203843956,0.02562823947353099,0.025628239473530948,0.08705366203843959,0.9932120465038903,0.4193530677097574,0.9908421262193908,0.9057330067970647,0.9730499385671799,0.6568044453109768,0.46780219215995966,0.9177782201871392,0.2771252239697392,4977.0,0.836426116838488,0.9253246753246753,0.049047085201793725,0.07652022112307244,0.9240506329113924,0.6608398633715089,5023.0,0.9234797788769276,0.9509529147982063,0.07467532467532467,0.16357388316151203,None
