Accuracy,Selection rate,Count,tpr,tnr,fpr,fnr,generation
0.9312931293129313,0.48004800480048004,9999.0,0.9172245891661595,0.9449704142011834,0.05502958579881657,0.08277541083384053,None
