Accuracy,Selection rate,Count,tpr,tnr,fpr,fnr,generation
0.9209,0.4681,10000.0,0.8975878986099755,0.9432263116679718,0.05677368833202819,0.10241210139002453,None
