Accuracy,Selection rate,Count,tpr,tnr,fpr,fnr,generation
0.8511447449293178,0.6337584511370621,26032.0,0.8939516884089632,0.7826390969933074,0.21736090300669264,0.10604831159103677,None
0.8801090964966195,0.6244622003687769,26032.0,0.9099307159353349,0.8323843771850964,0.1676156228149036,0.09006928406466513,None
0.8886370620774432,0.626459741856177,26032.0,0.9184819923849947,0.8408750374587953,0.15912496254120467,0.0815180076150053,None
0.8859096496619545,0.6336047940995697,26032.0,0.9215185139010098,0.8287287287287287,0.17127127127127126,0.07848148609899015,None
0.6630301167793485,0.3555623847572219,26032.0,0.51508540082284,0.9006006006006007,0.0993993993993994,0.48491459917715996,None
0.8897510755992625,0.6258451137062078,26032.0,0.9183393591821468,0.8438438438438438,0.15615615615615616,0.08166064081785314,None
