Accuracy,Selection rate,Count,tpr,tnr,fpr,fnr,generation
0.8837553750597229,0.6234113712374582,20930.0,0.9187376725838264,0.8300423985463355,0.16995760145366445,0.08126232741617356,None
0.9007644529383659,0.6180602006688963,20930.0,0.9283629191321499,0.8583888552392489,0.14161114476075107,0.0716370808678501,None
0.9046822742474916,0.620831342570473,20930.0,0.9338856015779092,0.8598425196850393,0.14015748031496064,0.06611439842209073,None
0.9050167224080268,0.6258958432871476,20930.0,0.9385854120618882,0.8535463568143307,0.14645364318566934,0.061414587938111775,None
0.6905398948877209,0.3542761586239847,20930.0,0.5370224186927692,0.9259259259259259,0.07407407407407407,0.4629775813072308,None
0.9053511705685618,0.6267080745341614,20930.0,0.9395326807704452,0.8529411764705882,0.14705882352941177,0.06046731922955478,None
