Accuracy,Selection rate,Count,tpr,tnr,fpr,fnr,generation
0.9276,0.4766,10000.0,0.9131234668847097,0.9414643696162882,0.058535630383711824,0.08687653311529027,None
