difference_Accuracy,difference_Selection rate,difference_Count,difference_tpr,difference_tnr,difference_fpr,difference_fnr,ratio_Accuracy,ratio_Selection rate,ratio_Count,ratio_tpr,ratio_tnr,ratio_fpr,ratio_fnr,group_min_Accuracy,group_min_Selection rate,group_min_Count,group_min_tpr,group_min_tnr,group_min_fpr,group_min_fnr,group_max_Accuracy,group_max_Selection rate,group_max_Count,group_max_tpr,group_max_tnr,group_max_fpr,group_max_fnr,generation
0.001866119487088258,0.3719925913632332,46.0,0.047537061310761075,0.023105817948867236,0.02310581794886727,0.0475370613107611,0.9979902405266629,0.43930735093433926,0.9908421262193908,0.9487339567853512,0.975637837339965,0.6905829596412557,0.6047632902448148,0.9266626481816356,0.29145928727851883,4977.0,0.8797250859106529,0.9253246753246753,0.0515695067264574,0.07273785277858598,0.9285287676687238,0.663451878641752,5023.0,0.927262147221414,0.9484304932735426,0.07467532467532467,0.12027491408934708,None
