difference_Accuracy,difference_Selection rate,difference_Count,difference_tpr,difference_tnr,difference_fpr,difference_fnr,ratio_Accuracy,ratio_Selection rate,ratio_Count,ratio_tpr,ratio_tnr,ratio_fpr,ratio_fnr,group_min_Accuracy,group_min_Selection rate,group_min_Count,group_min_tpr,group_min_tnr,group_min_fpr,group_min_fnr,group_max_Accuracy,group_max_Selection rate,group_max_Count,group_max_tpr,group_max_tnr,group_max_fpr,group_max_fnr,generation
0.0037446747697731375,0.3814367561371226,35.0,0.05307351419913586,0.025641623477268394,0.025641623477268387,0.05307351419913586,0.9960025777366596,0.4359400655757956,0.9930237193541958,0.9436338414924411,0.9730512161083599,0.6541784585897609,0.5239564671528728,0.933027705800279,0.2947976878612717,4982.0,0.8885112168592794,0.9258530183727034,0.048505358150028204,0.05841526894158473,0.9367723805700522,0.6762344439983943,5017.0,0.9415847310584152,0.9514946418499718,0.07414698162729659,0.1114887831407206,None
