Accuracy,Selection rate,Count,tpr,tnr,fpr,fnr,generation
0.9348934893489349,0.48484848484848486,9999.0,0.9257455873402313,0.9437869822485208,0.05621301775147929,0.07425441265976872,None
