Accuracy,Selection rate,Count,tpr,tnr,fpr,fnr,generation
0.9284928492849285,0.5176517651765177,9999.0,0.9525258673158856,0.9051282051282051,0.09487179487179487,0.04747413268411443,None
