Accuracy,Selection rate,Count,tpr,tnr,fpr,fnr,generation
0.9211,0.5091,10000.0,0.9396974652493868,0.9032889584964762,0.09671104150352389,0.06030253475061324,None
