difference_Accuracy,difference_Selection rate,difference_Count,difference_tpr,difference_tnr,difference_fpr,difference_fnr,ratio_Accuracy,ratio_Selection rate,ratio_Count,ratio_tpr,ratio_tnr,ratio_fpr,ratio_fnr,group_min_Accuracy,group_min_Selection rate,group_min_Count,group_min_tpr,group_min_tnr,group_min_fpr,group_min_fnr,group_max_Accuracy,group_max_Selection rate,group_max_Count,group_max_tpr,group_max_tnr,group_max_fpr,group_max_fnr,group_0_Accuracy,group_0_Selection rate,group_0_Count,group_0_tpr,group_0_tnr,group_0_fpr,group_0_fnr,group_1_Accuracy,group_1_Selection rate,group_1_Count,group_1_tpr,group_1_tnr,group_1_fpr,group_1_fnr,generation
0.018126263551736854,0.37649168656408766,46.0,0.007101813997062445,0.08279657562168774,0.08279657562168773,0.0071018139970624936,0.9805119388226938,0.46077723049511815,0.9908421262193908,0.9924593961359581,0.9108036890645587,0.46425745185966766,0.8912301119397271,0.9119951778179626,0.32172008759705356,4977.0,0.9347079037800687,0.8454545454545455,0.07174887892376682,0.05819028222286878,0.9301214413696994,0.6982117741611412,5023.0,0.9418097177771312,0.9282511210762332,0.15454545454545454,0.06529209621993128,0.9119951778179626,0.6982117741611412,4977.0,0.9418097177771312,0.8454545454545455,0.15454545454545454,0.05819028222286878,0.9301214413696994,0.32172008759705356,5023.0,0.9347079037800687,0.9282511210762332,0.07174887892376682,0.06529209621993128,None
