difference_Accuracy,difference_Selection rate,difference_Count,difference_tpr,difference_tnr,difference_fpr,difference_fnr,ratio_Accuracy,ratio_Selection rate,ratio_Count,ratio_tpr,ratio_tnr,ratio_fpr,ratio_fnr,group_min_Accuracy,group_min_Selection rate,group_min_Count,group_min_tpr,group_min_tnr,group_min_fpr,group_min_fnr,group_max_Accuracy,group_max_Selection rate,group_max_Count,group_max_tpr,group_max_tnr,group_max_fpr,group_max_fnr,group_0_Accuracy,group_0_Selection rate,group_0_Count,group_0_tpr,group_0_tnr,group_0_fpr,group_0_fnr,group_1_Accuracy,group_1_Selection rate,group_1_Count,group_1_tpr,group_1_tnr,group_1_fpr,group_1_fnr,generation
0.019102694355849992,0.38846716827179406,35.0,0.007912371002284813,0.09702181897313589,0.09702181897313597,0.007912371002284778,0.9796348878913516,0.45483283596335833,0.9930237193541958,0.9917138161944576,0.8961547328467432,0.40378527372959994,0.8507807981492191,0.9189080690485749,0.3240980665736496,4982.0,0.946974847042828,0.8372703412073491,0.06570783981951495,0.045112781954887216,0.9380107634044249,0.7125652348454437,5017.0,0.9548872180451128,0.934292160180485,0.16272965879265092,0.05302515295717199,0.9189080690485749,0.7125652348454437,4982.0,0.9548872180451128,0.8372703412073491,0.16272965879265092,0.045112781954887216,0.9380107634044249,0.3240980665736496,5017.0,0.946974847042828,0.934292160180485,0.06570783981951495,0.05302515295717199,None
