difference_Accuracy,difference_Selection rate,difference_Count,difference_tpr,difference_tnr,difference_fpr,difference_fnr,ratio_Accuracy,ratio_Selection rate,ratio_Count,ratio_tpr,ratio_tnr,ratio_fpr,ratio_fnr,group_min_Accuracy,group_min_Selection rate,group_min_Count,group_min_tpr,group_min_tnr,group_min_fpr,group_min_fnr,group_max_Accuracy,group_max_Selection rate,group_max_Count,group_max_tpr,group_max_tnr,group_max_fpr,group_max_fnr,group_0_Accuracy,group_0_Selection rate,group_0_Count,group_0_tpr,group_0_tnr,group_0_fpr,group_0_fnr,group_1_Accuracy,group_1_Selection rate,group_1_Count,group_1_tpr,group_1_tnr,group_1_fpr,group_1_fnr,generation
0.005300996850461814,0.4425722094132312,2951.0,0.27183091169670115,0.23999436265687923,0.23999436265687923,0.27183091169670115,0.9934450538945605,0.36406721194010644,0.7413445525462354,0.6878556984986752,0.7346444661179555,0.2848129624421696,0.32208490413174534,0.8034008239109475,0.2533695909198392,8458.0,0.5990192380233874,0.664431330472103,0.09557430687101774,0.12914985027991147,0.8087018207614093,0.6959418003330704,11409.0,0.8708501497200886,0.9044256931289822,0.335568669527897,0.4009807619766126,0.8034008239109475,0.6959418003330704,11409.0,0.8708501497200886,0.664431330472103,0.335568669527897,0.12914985027991147,0.8087018207614093,0.2533695909198392,8458.0,0.5990192380233874,0.9044256931289822,0.09557430687101774,0.4009807619766126,None
