Accuracy,Selection rate,Count,tpr,tnr,fpr,fnr,generation
0.8164011622081956,0.49188458070333635,19962.0,0.810870883006668,0.8218402225755167,0.1781597774244833,0.18912911699333199,None
