Accuracy,Selection rate,Count,tpr,tnr,fpr,fnr,generation
0.8056576231942417,0.5075250415261489,19867.0,0.8011033681765389,0.8105925537493445,0.18940744625065548,0.1988966318234611,None
