difference_Accuracy,difference_Selection rate,difference_Count,difference_tpr,difference_tnr,difference_fpr,difference_fnr,ratio_Accuracy,ratio_Selection rate,ratio_Count,ratio_tpr,ratio_tnr,ratio_fpr,ratio_fnr,group_min_Accuracy,group_min_Selection rate,group_min_Count,group_min_tpr,group_min_tnr,group_min_fpr,group_min_fnr,group_max_Accuracy,group_max_Selection rate,group_max_Count,group_max_tpr,group_max_tnr,group_max_fpr,group_max_fnr,group_0_Accuracy,group_0_Selection rate,group_0_Count,group_0_tpr,group_0_tnr,group_0_fpr,group_0_fnr,group_1_Accuracy,group_1_Selection rate,group_1_Count,group_1_tpr,group_1_tnr,group_1_fpr,group_1_fnr,generation
0.033690221912639595,0.428855326692357,4532.0,0.22087579024297288,0.1951396183603472,0.1951396183603472,0.2208757902429729,0.9597522356680064,0.3478779257510186,0.6299501918837266,0.7412366384006023,0.7842567322072853,0.3285874147940595,0.3986397403626598,0.803380419694619,0.2287751134154245,7715.0,0.6327063740856844,0.7093596059113301,0.0955007757283227,0.14641783567134267,0.8370706416072586,0.6576304401077815,12247.0,0.8535821643286573,0.9044992242716773,0.29064039408866993,0.3672936259143156,0.803380419694619,0.6576304401077815,12247.0,0.8535821643286573,0.7093596059113301,0.29064039408866993,0.14641783567134267,0.8370706416072586,0.2287751134154245,7715.0,0.6327063740856844,0.9044992242716773,0.0955007757283227,0.3672936259143156,None
