Accuracy,Selection rate,Count,tpr,tnr,fpr,fnr,generation
0.9818291639402024,0.4197412795087331,19867.0,0.9716244975171435,0.9893943378034885,0.010605662196511526,0.028375502482856467,None
