Accuracy,Selection rate,Count,tpr,tnr,fpr,fnr,generation
0.9768560264502555,0.37626490331630097,19962.0,0.9568373298768632,0.989466808197926,0.010533191802073977,0.043162670123136744,None
