Accuracy,Selection rate,Count,tpr,tnr,fpr,fnr,generation
0.550359893290381,0.9583228469320985,19867.0,0.9890631049167634,0.07498689040377557,0.9250131095962244,0.010936895083236546,0
0.5325917350380027,0.9773997080585897,19867.0,0.9903213317847465,0.03660199265862611,0.9633980073413739,0.009678668215253582,1
0.5264005637489304,0.9853022600291942,19867.0,0.9919667053813396,0.021919244887257473,0.9780807551127425,0.008033294618660472,2
0.5832284693209846,0.8214627271354508,19867.0,0.889082462253194,0.25180912427897223,0.7481908757210278,0.11091753774680604,3
0.5268535762822771,0.9866612976292344,19867.0,0.9937088656600852,0.02097535395909806,0.9790246460409019,0.0062911343399148275,4
0.5216690995117531,0.9980872804147581,19867.0,0.9997096399535423,0.0036706869428421605,0.9963293130571579,0.00029036004645760743,5
0.5215180953339709,0.9958222177480244,19867.0,0.9973867595818815,0.005873099108547457,0.9941269008914525,0.002613240418118467,6
0.5363165047566316,0.8499521820103689,19867.0,0.8713704994192799,0.17325642370214997,0.82674357629785,0.1286295005807201,7
