Accuracy,Selection rate,Count,tpr,tnr,fpr,fnr,generation
0.527502254283138,0.9597234746017433,19962.0,0.9913113760355627,0.07134340222575516,0.9286565977742448,0.00868862396443726,0
0.5081655144775072,0.9794609758541228,19962.0,0.9917154980804203,0.03259141494435612,0.9674085850556439,0.008284501919579712,1
0.5022542831379622,0.9854723975553552,19962.0,0.9918165285916347,0.020767090620031795,0.9792329093799682,0.008183471408365327,2
0.5603646929165415,0.8186554453461578,19962.0,0.882198423924025,0.24383942766295708,0.7561605723370429,0.11780157607597494,3
0.5034565674782085,0.9862739204488529,19962.0,0.9938371388159224,0.021164546899841017,0.978835453100159,0.006162861184077591,4
0.49734495541528906,0.9982967638513175,19962.0,0.9997979389775712,0.003179650238473768,0.9968203497615262,0.00020206102242877348,5
0.49689409878769664,0.997344955415289,19962.0,0.9983835118205698,0.003676470588235294,0.9963235294117647,0.0016164881794301878,6
0.5148782687105501,0.8473098887886985,19962.0,0.865225298040008,0.1703100158982512,0.8296899841017488,0.13477470195999192,7
