Accuracy,Selection rate,Count,tpr,tnr,fpr,fnr,generation
0.9292,0.499,10000.0,0.937653311529027,0.9211041503523885,0.0788958496476116,0.062346688470973015,None
0.9292,0.499,10000.0,0.937653311529027,0.9211041503523885,0.0788958496476116,0.062346688470973015,None
0.9292,0.499,10000.0,0.937653311529027,0.9211041503523885,0.0788958496476116,0.062346688470973015,None
0.9292,0.499,10000.0,0.937653311529027,0.9211041503523885,0.0788958496476116,0.062346688470973015,None
0.9292,0.499,10000.0,0.937653311529027,0.9211041503523885,0.0788958496476116,0.062346688470973015,None
0.9292,0.499,10000.0,0.937653311529027,0.9211041503523885,0.0788958496476116,0.062346688470973015,None
0.9292,0.499,10000.0,0.937653311529027,0.9211041503523885,0.0788958496476116,0.062346688470973015,None
0.9268,0.5016,10000.0,0.937857726901063,0.9162098668754894,0.08379013312451057,0.06214227309893704,None
