Accuracy,Selection rate,Count,tpr,tnr,fpr,fnr,generation
0.9364936493649365,0.5090509050905091,9999.0,0.9519172245891662,0.9214990138067061,0.07850098619329389,0.04808277541083384,None
0.9364936493649365,0.5090509050905091,9999.0,0.9519172245891662,0.9214990138067061,0.07850098619329389,0.04808277541083384,None
0.9364936493649365,0.5090509050905091,9999.0,0.9519172245891662,0.9214990138067061,0.07850098619329389,0.04808277541083384,None
0.9364936493649365,0.5090509050905091,9999.0,0.9519172245891662,0.9214990138067061,0.07850098619329389,0.04808277541083384,None
0.9364936493649365,0.5090509050905091,9999.0,0.9519172245891662,0.9214990138067061,0.07850098619329389,0.04808277541083384,None
0.9364936493649365,0.5090509050905091,9999.0,0.9519172245891662,0.9214990138067061,0.07850098619329389,0.04808277541083384,None
0.9364936493649365,0.5090509050905091,9999.0,0.9519172245891662,0.9214990138067061,0.07850098619329389,0.04808277541083384,None
0.9355935593559356,0.5107510751075107,9999.0,0.952728748224792,0.9189349112426035,0.08106508875739644,0.047271251775207954,None
