difference_Accuracy,difference_Selection rate,difference_Count,difference_tpr,difference_tnr,difference_fpr,difference_fnr,ratio_Accuracy,ratio_Selection rate,ratio_Count,ratio_tpr,ratio_tnr,ratio_fpr,ratio_fnr,group_min_Accuracy,group_min_Selection rate,group_min_Count,group_min_tpr,group_min_tnr,group_min_fpr,group_min_fnr,group_max_Accuracy,group_max_Selection rate,group_max_Count,group_max_tpr,group_max_tnr,group_max_fpr,group_max_fnr,group_0_Accuracy,group_0_Selection rate,group_0_Count,group_0_tpr,group_0_tnr,group_0_fpr,group_0_fnr,group_1_Accuracy,group_1_Selection rate,group_1_Count,group_1_tpr,group_1_tnr,group_1_fpr,group_1_fnr,generation
0.0032386073620265243,0.37208681170491625,35.0,0.023638817799610634,0.02731701684497556,0.027317016844975603,0.023638817799610676,0.9965510309625797,0.45188158015556096,0.9930237193541958,0.9749254503217627,0.9711622084750571,0.6587611994119441,0.7077924287123756,0.9357687675632276,0.30675702611122185,4982.0,0.9191026512576479,0.9199475065616798,0.05273547659334461,0.05725853094274147,0.9390073749252541,0.6788438378161381,5017.0,0.9427414690572585,0.9472645234066553,0.08005249343832022,0.08089734874235215,0.9357687675632276,0.6788438378161381,4982.0,0.9427414690572585,0.9199475065616798,0.08005249343832022,0.05725853094274147,0.9390073749252541,0.30675702611122185,5017.0,0.9191026512576479,0.9472645234066553,0.05273547659334461,0.08089734874235215,None
