difference_Accuracy,difference_Selection rate,difference_Count,difference_tpr,difference_tnr,difference_fpr,difference_fnr,ratio_Accuracy,ratio_Selection rate,ratio_Count,ratio_tpr,ratio_tnr,ratio_fpr,ratio_fnr,group_min_Accuracy,group_min_Selection rate,group_min_Count,group_min_tpr,group_min_tnr,group_min_fpr,group_min_fnr,group_max_Accuracy,group_max_Selection rate,group_max_Count,group_max_tpr,group_max_tnr,group_max_fpr,group_max_fnr,group_0_Accuracy,group_0_Selection rate,group_0_Count,group_0_tpr,group_0_tnr,group_0_fpr,group_0_fnr,group_1_Accuracy,group_1_Selection rate,group_1_Count,group_1_tpr,group_1_tnr,group_1_fpr,group_1_fnr,generation
0.008636822755169526,0.36127332454354727,46.0,0.014125840984555604,0.02362486168539979,0.023624861685399803,0.01412584098455559,0.9907637298915869,0.4582532882635629,0.9908421262193908,0.9848042205120758,0.9749499237760754,0.706594459713583,0.8329016371339156,0.9264617239300783,0.3055942663746765,4977.0,0.9154639175257732,0.9194805194805195,0.056894618834080715,0.07041024148967122,0.9350985466852478,0.6668675909182238,5023.0,0.9295897585103288,0.9431053811659192,0.08051948051948052,0.08453608247422681,0.9264617239300783,0.6668675909182238,4977.0,0.9295897585103288,0.9194805194805195,0.08051948051948052,0.07041024148967122,0.9350985466852478,0.3055942663746765,5023.0,0.9154639175257732,0.9431053811659192,0.056894618834080715,0.08453608247422681,None
