Accuracy,Selection rate,Count,tpr,tnr,fpr,fnr,generation
0.9373937393739374,0.49214921492149216,9999.0,0.9356867518766484,0.9390532544378698,0.06094674556213018,0.0643132481233516,None
