Accuracy,Selection rate,Count,tpr,tnr,fpr,fnr,generation
0.9308,0.4854,10000.0,0.9253883892068684,0.9359827721221613,0.06401722787783869,0.07461161079313164,None
