generation,epoch,gen_loss
0,0,76461.19725566008
0,10,27224.674132055166
0,20,26279.746392697703
