Accuracy,Selection rate,Count,tpr,tnr,fpr,fnr,generation
0.9282,0.4734,10000.0,0.9104660670482421,0.9451840250587314,0.0548159749412686,0.08953393295175797,None
