difference_Accuracy,difference_Selection rate,difference_Count,difference_tpr,difference_tnr,difference_fpr,difference_fnr,ratio_Accuracy,ratio_Selection rate,ratio_Count,ratio_tpr,ratio_tnr,ratio_fpr,ratio_fnr,group_min_Accuracy,group_min_Selection rate,group_min_Count,group_min_tpr,group_min_tnr,group_min_fpr,group_min_fnr,group_max_Accuracy,group_max_Selection rate,group_max_Count,group_max_tpr,group_max_tnr,group_max_fpr,group_max_fnr,group_0_Accuracy,group_0_Selection rate,group_0_Count,group_0_tpr,group_0_tnr,group_0_fpr,group_0_fnr,group_1_Accuracy,group_1_Selection rate,group_1_Count,group_1_tpr,group_1_tnr,group_1_fpr,group_1_fnr,generation
0.005860684012073736,0.36276295606415027,46.0,0.03397232662145422,0.013557014734144723,0.013557014734144772,0.03397232662145422,0.9937057481734773,0.4466836554301943,0.9908421262193908,0.9630964328072256,0.9857185035218694,0.7891131041355257,0.7004258470653583,0.9252561784207354,0.2928528767668724,4977.0,0.8865979381443299,0.9357142857142857,0.05072869955156951,0.07942973523421588,0.9311168624328091,0.6556158328310226,5023.0,0.9205702647657841,0.9492713004484304,0.06428571428571428,0.1134020618556701,0.9252561784207354,0.6556158328310226,4977.0,0.9205702647657841,0.9357142857142857,0.06428571428571428,0.07942973523421588,0.9311168624328091,0.2928528767668724,5023.0,0.8865979381443299,0.9492713004484304,0.05072869955156951,0.1134020618556701,None
