Accuracy,Selection rate,Count,tpr,tnr,fpr,fnr,generation
0.932993299329933,0.4813481348134813,9999.0,0.9202678027997565,0.9453648915187377,0.05463510848126233,0.07973219720024345,None
