difference_Accuracy,difference_Selection rate,difference_Count,difference_tpr,difference_tnr,difference_fpr,difference_fnr,ratio_Accuracy,ratio_Selection rate,ratio_Count,ratio_tpr,ratio_tnr,ratio_fpr,ratio_fnr,group_min_Accuracy,group_min_Selection rate,group_min_Count,group_min_tpr,group_min_tnr,group_min_fpr,group_min_fnr,group_max_Accuracy,group_max_Selection rate,group_max_Count,group_max_tpr,group_max_tnr,group_max_fpr,group_max_fnr,group_0_Accuracy,group_0_Selection rate,group_0_Count,group_0_tpr,group_0_tnr,group_0_fpr,group_0_fnr,group_1_Accuracy,group_1_Selection rate,group_1_Count,group_1_tpr,group_1_tnr,group_1_fpr,group_1_fnr,generation
0.00046909956169094436,0.3756115998059428,35.0,0.046234526859951774,0.022268631395694904,0.02226863139569482,0.04623452685995173,0.9994973360741128,0.43922775240239526,0.9930237193541958,0.9505018594793457,0.9766100216442138,0.6828280911491691,0.5878121878121879,0.932757928542754,0.29419972094877417,4982.0,0.8878314072059823,0.9297900262467191,0.047941342357586014,0.06593406593406594,0.9332270281044449,0.6698113207547169,5017.0,0.9340659340659341,0.952058657642414,0.07020997375328084,0.11216859279401767,0.932757928542754,0.6698113207547169,4982.0,0.9340659340659341,0.9297900262467191,0.07020997375328084,0.06593406593406594,0.9332270281044449,0.29419972094877417,5017.0,0.8878314072059823,0.952058657642414,0.047941342357586014,0.11216859279401767,None
