difference_Accuracy,difference_Selection rate,difference_Count,difference_tpr,difference_tnr,difference_fpr,difference_fnr,ratio_Accuracy,ratio_Selection rate,ratio_Count,ratio_tpr,ratio_tnr,ratio_fpr,ratio_fnr,group_min_Accuracy,group_min_Selection rate,group_min_Count,group_min_tpr,group_min_tnr,group_min_fpr,group_min_fnr,group_max_Accuracy,group_max_Selection rate,group_max_Count,group_max_tpr,group_max_tnr,group_max_fpr,group_max_fnr,group_0_Accuracy,group_0_Selection rate,group_0_Count,group_0_tpr,group_0_tnr,group_0_fpr,group_0_fnr,group_1_Accuracy,group_1_Selection rate,group_1_Count,group_1_tpr,group_1_tnr,group_1_fpr,group_1_fnr,generation
0.0015269240743654988,0.3783993114698664,35.0,0.0543922426995167,0.022084327022573902,0.022084327022573957,0.05439224269951666,0.9983637049390215,0.43472702556435555,0.9930237193541958,0.941768304874635,0.976831058099986,0.6794617677866409,0.547960514062209,0.9316324496711182,0.2910105640821208,4982.0,0.8796736913664174,0.9311023622047244,0.046813310772701636,0.06593406593406594,0.9331593737454837,0.6694098755519872,5017.0,0.9340659340659341,0.9531866892272983,0.0688976377952756,0.1203263086335826,0.9331593737454837,0.6694098755519872,4982.0,0.9340659340659341,0.9311023622047244,0.0688976377952756,0.06593406593406594,0.9316324496711182,0.2910105640821208,5017.0,0.8796736913664174,0.9531866892272983,0.046813310772701636,0.1203263086335826,None
