Accuracy,Selection rate,Count,tpr,tnr,fpr,fnr,generation
0.9323932393239324,0.47954795479547957,9999.0,0.9178332318928789,0.9465483234714004,0.053451676528599605,0.08216676810712112,None
