difference_Accuracy,difference_Selection rate,difference_Count,difference_tpr,difference_tnr,difference_fpr,difference_fnr,ratio_Accuracy,ratio_Selection rate,ratio_Count,ratio_tpr,ratio_tnr,ratio_fpr,ratio_fnr,group_min_Accuracy,group_min_Selection rate,group_min_Count,group_min_tpr,group_min_tnr,group_min_fpr,group_min_fnr,group_max_Accuracy,group_max_Selection rate,group_max_Count,group_max_tpr,group_max_tnr,group_max_fpr,group_max_fnr,group_0_Accuracy,group_0_Selection rate,group_0_Count,group_0_tpr,group_0_tnr,group_0_fpr,group_0_fnr,group_1_Accuracy,group_1_Selection rate,group_1_Count,group_1_tpr,group_1_tnr,group_1_fpr,group_1_fnr,generation
0.003278109364794113,0.3673437329933902,46.0,0.04673979445432608,0.01569652320773407,0.015696523207733966,0.04673979445432612,0.996467293855533,0.43986833360658617,0.9908421262193908,0.9492112951187105,0.9834792935677891,0.7606668738622742,0.6303999949399756,0.9246534056660639,0.28847302408918973,4977.0,0.8735395189003436,0.9344155844155844,0.04988789237668161,0.07972068664533023,0.927931515030858,0.6558167570825799,5023.0,0.9202793133546697,0.9501121076233184,0.06558441558441558,0.12646048109965635,0.9246534056660639,0.6558167570825799,4977.0,0.9202793133546697,0.9344155844155844,0.06558441558441558,0.07972068664533023,0.927931515030858,0.28847302408918973,5023.0,0.8735395189003436,0.9501121076233184,0.04988789237668161,0.12646048109965635,None
