Accuracy,Selection rate,Count,tpr,tnr,fpr,fnr,generation
0.9263,0.4713,10000.0,0.9063777596075225,0.9453797963978073,0.05462020360219264,0.09362224039247752,None
