Accuracy,Selection rate,Count,tpr,tnr,fpr,fnr,generation
0.748877209746775,0.46770186335403724,20930.0,0.6788165680473373,0.856450635978195,0.14354936402180496,0.32118343195266275,None
0.9023889154323937,0.6501672240802676,20930.0,0.9562130177514793,0.8197456087219867,0.18025439127801332,0.04378698224852071,None
0.9027711419015767,0.6419493549928332,20930.0,0.9497435897435897,0.8306480920654149,0.1693519079345851,0.050256410256410255,None
0.8933110367892977,0.6272336359292882,20930.0,0.9318956632046301,0.834796200553084,0.16520379944691596,0.06810433679536985,None
0.796989966555184,0.5345437171524128,20930.0,0.7750733370332197,0.8302272454009859,0.16977275459901406,0.2249266629667803,None
0.8963210702341137,0.6091256569517439,20930.0,0.9193689050979148,0.8613682818323914,0.13863171816760853,0.08063109490208516,None
0.8908743430482561,0.6256569517439082,20930.0,0.9285657654800602,0.8337140795960082,0.16628592040399182,0.07143423451993974,None
