Accuracy,Selection rate,Count,tpr,tnr,fpr,fnr,generation
0.5953057775046097,0.39382298709280883,26032.0,0.4911678422071032,0.7619618419738288,0.2380381580261712,0.5088321577928968,None
0.8815688383527965,0.6580362630608482,26032.0,0.9383933587166844,0.7906303066626711,0.20936969333732894,0.061606641283315645,None
0.8835663798401967,0.6581130915795943,26032.0,0.9400786467761063,0.7931275596843472,0.20687244031565277,0.059921353223893636,None
0.8746542716656422,0.6360248924400738,26032.0,0.9129084358305379,0.8126635796255285,0.1873364203744715,0.08709156416946205,None
0.7409342347879533,0.49070374923171484,26032.0,0.6872903466269101,0.8278639017515603,0.1721360982484397,0.3127096533730898,None
0.878342040565458,0.6122848801475107,26032.0,0.8966952416449249,0.8486007650493256,0.15139923495067445,0.10330475835507516,None
0.8752688998156115,0.6345651505838967,26032.0,0.91222512113306,0.8153815180189249,0.18461848198107508,0.08777487886693999,None
