difference_Accuracy,difference_Selection rate,difference_Count,difference_tpr,difference_tnr,difference_fpr,difference_fnr,ratio_Accuracy,ratio_Selection rate,ratio_Count,ratio_tpr,ratio_tnr,ratio_fpr,ratio_fnr,group_min_Accuracy,group_min_Selection rate,group_min_Count,group_min_tpr,group_min_tnr,group_min_fpr,group_min_fnr,group_max_Accuracy,group_max_Selection rate,group_max_Count,group_max_tpr,group_max_tnr,group_max_fpr,group_max_fnr,generation
0.005836763505915776,0.3613046052054462,46.0,0.01418083180108931,0.02350838623260143,0.02350838623260148,0.014180831801089228,0.9937488138400394,0.460967320111659,0.9908421262193908,0.9848021456500331,0.9749842164992777,0.719357249626308,0.8251431333001286,0.9278681936909785,0.30897869798924943,4977.0,0.9189003436426116,0.9162337662337663,0.06025784753363229,0.06691882455629909,0.9337049571968943,0.6702833031946956,5023.0,0.933081175443701,0.9397421524663677,0.08376623376623377,0.08109965635738832,None
