Accuracy,Selection rate,Count,tpr,tnr,fpr,fnr,generation
0.9392939293929393,0.49564956495649565,9999.0,0.9411645364171232,0.9374753451676529,0.06252465483234713,0.05883546358287685,None
