difference_Accuracy,difference_Selection rate,difference_Count,difference_tpr,difference_tnr,difference_fpr,difference_fnr,ratio_Accuracy,ratio_Selection rate,ratio_Count,ratio_tpr,ratio_tnr,ratio_fpr,ratio_fnr,group_min_Accuracy,group_min_Selection rate,group_min_Count,group_min_tpr,group_min_tnr,group_min_fpr,group_min_fnr,group_max_Accuracy,group_max_Selection rate,group_max_Count,group_max_tpr,group_max_tnr,group_max_fpr,group_max_fnr,generation
0.008225865857769632,0.3687109352088887,35.0,0.008190939619613258,0.03069000892654916,0.030690008926549155,0.008190939619613272,0.9912805474311367,0.4582961134736999,0.9930237193541958,0.9913195619967445,0.9675821353430016,0.6345970812182741,0.8731697665215671,0.9351665997591329,0.31193940601953357,4982.0,0.9354180829367778,0.916010498687664,0.0532994923857868,0.05639097744360902,0.9433924656169025,0.6806503412284223,5017.0,0.943609022556391,0.9467005076142132,0.08398950131233596,0.06458191706322229,None
