Accuracy,Selection rate,Count,tpr,tnr,fpr,fnr,generation
0.9308,0.4888,10000.0,0.92886345053148,0.93265465935787,0.06734534064212999,0.07113654946852004,None
