difference_Accuracy,difference_Selection rate,difference_Count,difference_tpr,difference_tnr,difference_fpr,difference_fnr,ratio_Accuracy,ratio_Selection rate,ratio_Count,ratio_tpr,ratio_tnr,ratio_fpr,ratio_fnr,group_min_Accuracy,group_min_Selection rate,group_min_Count,group_min_tpr,group_min_tnr,group_min_fpr,group_min_fnr,group_max_Accuracy,group_max_Selection rate,group_max_Count,group_max_tpr,group_max_tnr,group_max_fpr,group_max_fnr,generation
0.01645630821548183,0.3675958183275158,46.0,0.0010720209724975893,0.054102847824821,0.054102847824820915,0.0010720209724975893,0.9824351814351115,0.4620628086397982,0.9908421262193908,0.9988560893876205,0.9422730379668178,0.5371200797209766,0.9832280589786667,0.9204339963833634,0.31574756121839537,4977.0,0.9360824742268041,0.8831168831168831,0.06278026905829596,0.06284550480069828,0.9368903045988453,0.6833433795459112,5023.0,0.9371544951993017,0.9372197309417041,0.11688311688311688,0.06391752577319587,None
