Accuracy,Selection rate,Count,tpr,tnr,fpr,fnr,generation
0.9377937793779378,0.5083508350835083,9999.0,0.9525258673158856,0.9234714003944773,0.07652859960552268,0.04747413268411443,None
