difference_Accuracy,difference_Selection rate,difference_Count,difference_tpr,difference_tnr,difference_fpr,difference_fnr,ratio_Accuracy,ratio_Selection rate,ratio_Count,ratio_tpr,ratio_tnr,ratio_fpr,ratio_fnr,group_min_Accuracy,group_min_Selection rate,group_min_Count,group_min_tpr,group_min_tnr,group_min_fpr,group_min_fnr,group_max_Accuracy,group_max_Selection rate,group_max_Count,group_max_tpr,group_max_tnr,group_max_fpr,group_max_fnr,generation
0.010436615067181854,0.37820090936100276,35.0,0.005974382696268932,0.0575762420560374,0.05757624205603742,0.005974382696268994,0.9889324671756391,0.45825275145586086,0.9930237193541958,0.9937395711019097,0.9387993542174135,0.5070438601494325,0.8843642507077409,0.932557205941389,0.319912298186167,4982.0,0.9483344663494222,0.8832020997375328,0.05922165820642978,0.04569115095430885,0.9429938210085709,0.6981132075471698,5017.0,0.9543088490456911,0.9407783417935702,0.1167979002624672,0.05166553365057784,None
