Accuracy,Selection rate,Count,tpr,tnr,fpr,fnr,generation
0.9291,0.4871,10000.0,0.9253883892068684,0.93265465935787,0.06734534064212999,0.07461161079313164,None
