difference_Accuracy,difference_Selection rate,difference_Count,difference_tpr,difference_tnr,difference_fpr,difference_fnr,ratio_Accuracy,ratio_Selection rate,ratio_Count,ratio_tpr,ratio_tnr,ratio_fpr,ratio_fnr,group_min_Accuracy,group_min_Selection rate,group_min_Count,group_min_tpr,group_min_tnr,group_min_fpr,group_min_fnr,group_max_Accuracy,group_max_Selection rate,group_max_Count,group_max_tpr,group_max_tnr,group_max_fpr,group_max_fnr,generation
0.007234855525736772,0.3668974303106091,35.0,0.010346946695295567,0.026845153239093866,0.02684515323909384,0.010346946695295477,0.9923164119024933,0.4587257927724446,0.9930237193541958,0.9890043817847781,0.9716265533872349,0.6673820037692764,0.8507807981492191,0.9343637093536732,0.3109427944987044,4982.0,0.9306594153636981,0.9192913385826772,0.05386350817822899,0.058993637941006365,0.94159856487941,0.6778402248093135,5017.0,0.9410063620589937,0.9461364918217711,0.08070866141732283,0.06934058463630184,None
