difference_Accuracy,difference_Selection rate,difference_Count,difference_tpr,difference_tnr,difference_fpr,difference_fnr,ratio_Accuracy,ratio_Selection rate,ratio_Count,ratio_tpr,ratio_tnr,ratio_fpr,ratio_fnr,group_min_Accuracy,group_min_Selection rate,group_min_Count,group_min_tpr,group_min_tnr,group_min_fpr,group_min_fnr,group_max_Accuracy,group_max_Selection rate,group_max_Count,group_max_tpr,group_max_tnr,group_max_fpr,group_max_fnr,generation
0.008852467318208435,0.3606889521782281,46.0,0.01314760435007356,0.026297245355541343,0.026297245355541322,0.013147604350073533,0.9905169666582724,0.46026791491550173,0.9908421262193908,0.9858521239351274,0.9720415460582326,0.6931988041853513,0.8431986530380574,0.9246534056660639,0.3075851085008959,4977.0,0.9161512027491409,0.9142857142857143,0.05941704035874439,0.07070119290078557,0.9335058729842723,0.668274060679124,5023.0,0.9292988070992144,0.9405829596412556,0.08571428571428572,0.0838487972508591,None
