Accuracy,Selection rate,Count,tpr,tnr,fpr,fnr,generation
0.9367936793679368,0.5093509350935094,9999.0,0.9525258673158856,0.9214990138067061,0.07850098619329389,0.04747413268411443,None
