difference_Accuracy,difference_Selection rate,difference_Count,difference_tpr,difference_tnr,difference_fpr,difference_fnr,ratio_Accuracy,ratio_Selection rate,ratio_Count,ratio_tpr,ratio_tnr,ratio_fpr,ratio_fnr,group_min_Accuracy,group_min_Selection rate,group_min_Count,group_min_tpr,group_min_tnr,group_min_fpr,group_min_fnr,group_max_Accuracy,group_max_Selection rate,group_max_Count,group_max_tpr,group_max_tnr,group_max_fpr,group_max_fnr,generation
0.01705356085334775,0.3689930878937398,46.0,0.002050257606979633,0.05587327470735537,0.055873274707355425,0.002050257606979647,0.9818092936575992,0.46033541038873255,0.9908421262193908,0.9978129312864094,0.9404552436810502,0.5246141267992964,0.9682646295940917,0.9204339963833634,0.3147521401552857,4977.0,0.9353951890034364,0.8824675324675325,0.061659192825112105,0.06255455338958393,0.9374875572367112,0.6837452280490255,5023.0,0.9374454466104161,0.9383408071748879,0.11753246753246753,0.06460481099656358,None
