difference_Accuracy,difference_Selection rate,difference_Count,difference_tpr,difference_tnr,difference_fpr,difference_fnr,ratio_Accuracy,ratio_Selection rate,ratio_Count,ratio_tpr,ratio_tnr,ratio_fpr,ratio_fnr,group_min_Accuracy,group_min_Selection rate,group_min_Count,group_min_tpr,group_min_tnr,group_min_fpr,group_min_fnr,group_max_Accuracy,group_max_Selection rate,group_max_Count,group_max_tpr,group_max_tnr,group_max_fpr,group_max_fnr,generation
0.012443841080830964,0.380208135374652,35.0,0.005974382696268932,0.0641379218460637,0.06413792184606365,0.005974382696268994,0.9868038996612706,0.45693895342989793,0.9930237193541958,0.9937395711019097,0.9318246190449215,0.4800734420563776,0.8843642507077409,0.9305499799277399,0.319912298186167,4982.0,0.9483344663494222,0.8766404199475065,0.05922165820642978,0.04569115095430885,0.9429938210085709,0.700120433560819,5017.0,0.9543088490456911,0.9407783417935702,0.12335958005249344,0.05166553365057784,None
