Accuracy,Selection rate,Count,tpr,tnr,fpr,fnr,generation
0.929,0.4984,10000.0,0.9368356500408831,0.9214956930305404,0.07850430696945968,0.06316434995911692,None
