difference_Accuracy,difference_Selection rate,difference_Count,difference_tpr,difference_tnr,difference_fpr,difference_fnr,ratio_Accuracy,ratio_Selection rate,ratio_Count,ratio_tpr,ratio_tnr,ratio_fpr,ratio_fnr,group_min_Accuracy,group_min_Selection rate,group_min_Count,group_min_tpr,group_min_tnr,group_min_fpr,group_min_fnr,group_max_Accuracy,group_max_Selection rate,group_max_Count,group_max_tpr,group_max_tnr,group_max_fpr,group_max_fnr,generation
0.019483052261385803,0.3750134552847138,46.0,0.007443156992782196,0.07061688311688308,0.0706168831168831,0.00744315699278221,0.9791735749076526,0.45568913183084847,0.9908421262193908,0.992065095972645,0.9246753246753248,0.46951219512195125,0.8927743225297217,0.9160136628491059,0.31395580330479794,4977.0,0.9305841924398626,0.8668831168831169,0.0625,0.06197265056735525,0.9354967151104917,0.6889692585895117,5023.0,0.9380273494326448,0.9375,0.1331168831168831,0.06941580756013746,None
