Accuracy,Selection rate,Count,tpr,tnr,fpr,fnr,generation
0.9258,0.5006,10000.0,0.9358135731807032,0.9162098668754894,0.08379013312451057,0.06418642681929682,None
