Accuracy,Selection rate,Count,tpr,tnr,fpr,fnr,generation
0.9337933793379338,0.5083508350835083,9999.0,0.9484682491377562,0.919526627218935,0.08047337278106509,0.05153175086224386,None
