difference_Accuracy,difference_Selection rate,difference_Count,difference_tpr,difference_tnr,difference_fpr,difference_fnr,ratio_Accuracy,ratio_Selection rate,ratio_Count,ratio_tpr,ratio_tnr,ratio_fpr,ratio_fnr,group_min_Accuracy,group_min_Selection rate,group_min_Count,group_min_tpr,group_min_tnr,group_min_fpr,group_min_fnr,group_max_Accuracy,group_max_Selection rate,group_max_Count,group_max_tpr,group_max_tnr,group_max_fpr,group_max_fnr,generation
0.013264935349878715,0.3786009542665335,35.0,0.006973651773107825,0.06507054638474763,0.06507054638474759,0.006973651773107929,0.9858944085098894,0.4578355981155878,0.9930237193541958,0.9926635570941872,0.9307086614173228,0.483502538071066,0.8764067258043161,0.9271376957045363,0.3197129758820012,4982.0,0.9435757987763427,0.8740157480314961,0.06091370558375635,0.04945054945054945,0.940402631054415,0.6983139301485347,5017.0,0.9505494505494505,0.9390862944162437,0.12598425196850394,0.05642420122365738,None
