Accuracy,Selection rate,Count,tpr,tnr,fpr,fnr,generation
0.9315,0.4839,10000.0,0.9245707277187244,0.9381362568519969,0.06186374314800313,0.07542927228127555,None
