difference_Accuracy,difference_Selection rate,difference_Count,difference_tpr,difference_tnr,difference_fpr,difference_fnr,ratio_Accuracy,ratio_Selection rate,ratio_Count,ratio_tpr,ratio_tnr,ratio_fpr,ratio_fnr,group_min_Accuracy,group_min_Selection rate,group_min_Count,group_min_tpr,group_min_tnr,group_min_fpr,group_min_fnr,group_max_Accuracy,group_max_Selection rate,group_max_Count,group_max_tpr,group_max_tnr,group_max_fpr,group_max_fnr,generation
0.009230395315164786,0.36105952001944364,46.0,0.013940271974580254,0.022059722788422387,0.022059722788422338,0.013940271974580254,0.9901394564721241,0.45726571092214713,0.9908421262193908,0.984989751009827,0.976651115126345,0.7145212345027697,0.8364266473950462,0.9268635724331927,0.3042006768863229,4977.0,0.9147766323024055,0.9227272727272727,0.05521300448430493,0.07128309572301425,0.9360939677483575,0.6652601969057665,5023.0,0.9287169042769857,0.9447869955156951,0.07727272727272727,0.0852233676975945,None
