difference_Accuracy,difference_Selection rate,difference_Count,difference_tpr,difference_tnr,difference_fpr,difference_fnr,ratio_Accuracy,ratio_Selection rate,ratio_Count,ratio_tpr,ratio_tnr,ratio_fpr,ratio_fnr,group_min_Accuracy,group_min_Selection rate,group_min_Count,group_min_tpr,group_min_tnr,group_min_fpr,group_min_fnr,group_max_Accuracy,group_max_Selection rate,group_max_Count,group_max_tpr,group_max_tnr,group_max_fpr,group_max_fnr,generation
0.0022349943552019136,0.3746738007674749,35.0,0.029366479525698153,0.02694840809873389,0.026948408098733855,0.029366479525698104,0.9976198330120891,0.44758068202913287,0.9930237193541958,0.9688594645201275,0.9716189322488534,0.6519544581146577,0.6598575481708511,0.9367723805700522,0.30356786924456847,4982.0,0.9136641740312712,0.9225721784776902,0.05047941342357586,0.05696934644303065,0.9390073749252541,0.6782416700120434,5017.0,0.9430306535569694,0.9495205865764241,0.07742782152230972,0.08633582596872875,None
