Accuracy,Selection rate,Count,tpr,tnr,fpr,fnr,generation
0.9378937893789379,0.4902490249024902,9999.0,0.9342665855143031,0.9414201183431953,0.058579881656804736,0.06573341448569689,None
