Accuracy,Selection rate,Count,tpr,tnr,fpr,fnr,generation
0.9321932193219322,0.5119511951195119,9999.0,0.9504970582268208,0.9143984220907297,0.08560157790927021,0.04950294177317914,None
