difference_Accuracy,difference_Selection rate,difference_Count,difference_tpr,difference_tnr,difference_fpr,difference_fnr,ratio_Accuracy,ratio_Selection rate,ratio_Count,ratio_tpr,ratio_tnr,ratio_fpr,ratio_fnr,group_min_Accuracy,group_min_Selection rate,group_min_Count,group_min_tpr,group_min_tnr,group_min_fpr,group_min_fnr,group_max_Accuracy,group_max_Selection rate,group_max_Count,group_max_tpr,group_max_tnr,group_max_fpr,group_max_fnr,group_0_Accuracy,group_0_Selection rate,group_0_Count,group_0_tpr,group_0_tnr,group_0_fpr,group_0_fnr,group_1_Accuracy,group_1_Selection rate,group_1_Count,group_1_tpr,group_1_tnr,group_1_fpr,group_1_fnr,generation
0.01407622753853277,0.38342669848248595,35.0,0.009865496770215976,0.07650185858747349,0.07650185858747353,0.00986549677021608,0.9850126414344612,0.45561931836997865,0.9930237193541958,0.9896527486104316,0.9183888115068649,0.4500526769466526,0.8251548704941223,0.9251304696908872,0.3209089097069962,4982.0,0.9435757987763427,0.8608923884514436,0.06260575296108291,0.0465587044534413,0.93920669722942,0.7043356081894822,5017.0,0.9534412955465587,0.937394247038917,0.13910761154855644,0.05642420122365738,0.9251304696908872,0.7043356081894822,4982.0,0.9534412955465587,0.8608923884514436,0.13910761154855644,0.0465587044534413,0.93920669722942,0.3209089097069962,5017.0,0.9435757987763427,0.937394247038917,0.06260575296108291,0.05642420122365738,None
