difference_Accuracy,difference_Selection rate,difference_Count,difference_tpr,difference_tnr,difference_fpr,difference_fnr,ratio_Accuracy,ratio_Selection rate,ratio_Count,ratio_tpr,ratio_tnr,ratio_fpr,ratio_fnr,group_min_Accuracy,group_min_Selection rate,group_min_Count,group_min_tpr,group_min_tnr,group_min_fpr,group_min_fnr,group_max_Accuracy,group_max_Selection rate,group_max_Count,group_max_tpr,group_max_tnr,group_max_fpr,group_max_fnr,group_0_Accuracy,group_0_Selection rate,group_0_Count,group_0_tpr,group_0_tnr,group_0_fpr,group_0_fnr,group_1_Accuracy,group_1_Selection rate,group_1_Count,group_1_tpr,group_1_tnr,group_1_fpr,group_1_fnr,generation
0.016294024781564387,0.37104281126588634,46.0,0.004483251297033419,0.06631020324966519,0.06631020324966512,0.0044832512970333985,0.982530440452978,0.4623929922357157,0.9908421262193908,0.9952264762367088,0.9288436676105849,0.5066777149541821,0.9313354669770147,0.9164155113522202,0.31913199283296834,4977.0,0.9347079037800687,0.8655844155844156,0.06810538116591928,0.06080884492289788,0.9327095361337846,0.6901748040988547,5023.0,0.9391911550771022,0.9318946188340808,0.1344155844155844,0.06529209621993128,0.9164155113522202,0.6901748040988547,4977.0,0.9391911550771022,0.8655844155844156,0.1344155844155844,0.06080884492289788,0.9327095361337846,0.31913199283296834,5023.0,0.9347079037800687,0.9318946188340808,0.06810538116591928,0.06529209621993128,None
