Accuracy,Selection rate,Count,tpr,tnr,fpr,fnr,generation
0.9246,0.5038,10000.0,0.937857726901063,0.9119028974158183,0.08809710258418167,0.06214227309893704,None
