Accuracy,Selection rate,Count,tpr,tnr,fpr,fnr,generation
0.9315931593159316,0.4817481748174817,9999.0,0.9192533982552242,0.9435897435897436,0.05641025641025641,0.08074660174477581,None
