difference_Accuracy,difference_Selection rate,difference_Count,difference_tpr,difference_tnr,difference_fpr,difference_fnr,ratio_Accuracy,ratio_Selection rate,ratio_Count,ratio_tpr,ratio_tnr,ratio_fpr,ratio_fnr,group_min_Accuracy,group_min_Selection rate,group_min_Count,group_min_tpr,group_min_tnr,group_min_fpr,group_min_fnr,group_max_Accuracy,group_max_Selection rate,group_max_Count,group_max_tpr,group_max_tnr,group_max_fpr,group_max_fnr,generation
0.007121951562999662,0.3860155679441405,35.0,0.06901345818659499,0.027235967331494804,0.027235967331494727,0.06901345818659496,0.9923842964827507,0.42849047266041373,0.9930237193541958,0.926569680489463,0.9713840769903761,0.6390642242330612,0.4656905421448358,0.9280446481961332,0.2894159856487941,4982.0,0.8708361658735554,0.9245406824146981,0.048223350253807105,0.06015037593984962,0.9351665997591329,0.6754315535929346,5017.0,0.9398496240601504,0.9517766497461929,0.07545931758530183,0.12916383412644458,None
