difference_Accuracy,difference_Selection rate,difference_Count,difference_tpr,difference_tnr,difference_fpr,difference_fnr,ratio_Accuracy,ratio_Selection rate,ratio_Count,ratio_tpr,ratio_tnr,ratio_fpr,ratio_fnr,group_min_Accuracy,group_min_Selection rate,group_min_Count,group_min_tpr,group_min_tnr,group_min_fpr,group_min_fnr,group_max_Accuracy,group_max_Selection rate,group_max_Count,group_max_tpr,group_max_tnr,group_max_fpr,group_max_fnr,generation
0.003684317960168104,0.3815394333744102,46.0,0.07722090410901383,0.027384834896045707,0.027384834896045658,0.0772209041090138,0.9960128613855715,0.42404556872780114,0.9908421262193908,0.9164857622961987,0.9711772593188522,0.6456080189923503,0.49389002036659874,0.9203663149512243,0.28090782400955605,4977.0,0.8474226804123711,0.9227272727272727,0.04988789237668161,0.07535641547861507,0.9240506329113924,0.6624472573839663,5023.0,0.924643584521385,0.9501121076233184,0.07727272727272727,0.15257731958762888,None
