Accuracy,Selection rate,Count,tpr,tnr,fpr,fnr,generation
0.9222,0.4708,10000.0,0.901676206050695,0.9418559122944401,0.058144087705559906,0.09832379394930499,None
