Accuracy,Selection rate,Count,tpr,tnr,fpr,fnr,generation
0.9259,0.4749,10000.0,0.9096484055600981,0.9414643696162882,0.058535630383711824,0.09035159443990189,None
