Accuracy,Selection rate,Count,tpr,tnr,fpr,fnr,generation
0.9340934093409341,0.48504850485048506,9999.0,0.9251369446135118,0.9428007889546351,0.05719921104536489,0.07486305538648813,None
