difference_Accuracy,difference_Selection rate,difference_Count,difference_tpr,difference_tnr,difference_fpr,difference_fnr,ratio_Accuracy,ratio_Selection rate,ratio_Count,ratio_tpr,ratio_tnr,ratio_fpr,ratio_fnr,group_min_Accuracy,group_min_Selection rate,group_min_Count,group_min_tpr,group_min_tnr,group_min_fpr,group_min_fnr,group_max_Accuracy,group_max_Selection rate,group_max_Count,group_max_tpr,group_max_tnr,group_max_fpr,group_max_fnr,generation
0.0045391633920384145,0.3826382911509138,35.0,0.056081937312034924,0.027046111621834124,0.027046111621834075,0.056081937312034986,0.9951523875628863,0.4348342820889853,0.9930237193541958,0.9404570650214871,0.9715582705186763,0.6446700507614213,0.5089492274642651,0.931831771975284,0.29439904325294003,4982.0,0.8857919782460911,0.9238845144356955,0.049069373942470386,0.058126084441873914,0.9363709353673224,0.6770373344038538,5017.0,0.941873915558126,0.9509306260575296,0.07611548556430446,0.1142080217539089,None
