difference_Accuracy,difference_Selection rate,difference_Count,difference_tpr,difference_tnr,difference_fpr,difference_fnr,ratio_Accuracy,ratio_Selection rate,ratio_Count,ratio_tpr,ratio_tnr,ratio_fpr,ratio_fnr,group_min_Accuracy,group_min_Selection rate,group_min_Count,group_min_tpr,group_min_tnr,group_min_fpr,group_min_fnr,group_max_Accuracy,group_max_Selection rate,group_max_Count,group_max_tpr,group_max_tnr,group_max_fpr,group_max_fnr,generation
0.00048173019341091194,0.37257696372855253,46.0,0.05335149030111974,0.022176198241220635,0.022176198241220663,0.0533514903011197,0.9994798515130046,0.43723352094779794,0.9908421262193908,0.9423548971502834,0.9766110921298625,0.7004267956887735,0.5826536645799507,0.9256580269238497,0.2894684451522994,4977.0,0.8721649484536083,0.925974025974026,0.05184977578475336,0.07448356124527204,0.9261397571172606,0.662045408880852,5023.0,0.925516438754728,0.9481502242152466,0.07402597402597402,0.12783505154639174,None
