Accuracy,Selection rate,Count,tpr,tnr,fpr,fnr,generation
0.931,0.4856,10000.0,0.9257972199509403,0.9359827721221613,0.06401722787783869,0.07420278004905968,None
0.931,0.4856,10000.0,0.9257972199509403,0.9359827721221613,0.06401722787783869,0.07420278004905968,None
0.931,0.4856,10000.0,0.9257972199509403,0.9359827721221613,0.06401722787783869,0.07420278004905968,None
0.931,0.4856,10000.0,0.9257972199509403,0.9359827721221613,0.06401722787783869,0.07420278004905968,None
0.931,0.4856,10000.0,0.9257972199509403,0.9359827721221613,0.06401722787783869,0.07420278004905968,None
0.931,0.4856,10000.0,0.9257972199509403,0.9359827721221613,0.06401722787783869,0.07420278004905968,None
0.931,0.4856,10000.0,0.9257972199509403,0.9359827721221613,0.06401722787783869,0.07420278004905968,None
0.9317,0.4873,10000.0,0.928250204415372,0.9350039154267815,0.06499608457321848,0.07174979558462796,None
