Accuracy,Selection rate,Count,tpr,tnr,fpr,fnr,generation
0.937993799379938,0.49274927492749276,9999.0,0.9369040373300872,0.9390532544378698,0.06094674556213018,0.06309596266991276,None
0.937993799379938,0.49274927492749276,9999.0,0.9369040373300872,0.9390532544378698,0.06094674556213018,0.06309596266991276,None
0.937993799379938,0.49274927492749276,9999.0,0.9369040373300872,0.9390532544378698,0.06094674556213018,0.06309596266991276,None
0.937993799379938,0.49274927492749276,9999.0,0.9369040373300872,0.9390532544378698,0.06094674556213018,0.06309596266991276,None
0.937993799379938,0.49274927492749276,9999.0,0.9369040373300872,0.9390532544378698,0.06094674556213018,0.06309596266991276,None
0.937993799379938,0.49274927492749276,9999.0,0.9369040373300872,0.9390532544378698,0.06094674556213018,0.06309596266991276,None
0.937993799379938,0.49274927492749276,9999.0,0.9369040373300872,0.9390532544378698,0.06094674556213018,0.06309596266991276,None
0.9376937693769377,0.49464946494649464,9999.0,0.938527084601339,0.9368836291913215,0.0631163708086785,0.06147291539866099,None
