Accuracy,Selection rate,Count,tpr,tnr,fpr,fnr,generation
0.9195,0.4615,10000.0,0.8894112837285364,0.9483163664839468,0.05168363351605325,0.11058871627146362,None
