difference_Accuracy,difference_Selection rate,difference_Count,difference_tpr,difference_tnr,difference_fpr,difference_fnr,ratio_Accuracy,ratio_Selection rate,ratio_Count,ratio_tpr,ratio_tnr,ratio_fpr,ratio_fnr,group_min_Accuracy,group_min_Selection rate,group_min_Count,group_min_tpr,group_min_tnr,group_min_fpr,group_min_fnr,group_max_Accuracy,group_max_Selection rate,group_max_Count,group_max_tpr,group_max_tnr,group_max_fpr,group_max_fnr,group_0_Accuracy,group_0_Selection rate,group_0_Count,group_0_tpr,group_0_tnr,group_0_fpr,group_0_fnr,group_1_Accuracy,group_1_Selection rate,group_1_Count,group_1_tpr,group_1_tnr,group_1_fpr,group_1_fnr,generation
0.003059464738273898,0.37485373190496707,46.0,0.08030678876627595,0.01432284083629376,0.014322840836293753,0.08030678876627602,0.9966782382193741,0.42311471128910905,0.9908421262193908,0.9120693109303312,0.9849650202695216,0.767819211706396,0.5191507092389646,0.9179773043997611,0.27493529763089786,4977.0,0.8329896907216495,0.9383116883116883,0.047365470852017935,0.08670352051207449,0.921036769138035,0.6497890295358649,5023.0,0.9132964794879255,0.9526345291479821,0.06168831168831169,0.1670103092783505,0.921036769138035,0.6497890295358649,4977.0,0.9132964794879255,0.9383116883116883,0.06168831168831169,0.08670352051207449,0.9179773043997611,0.27493529763089786,5023.0,0.8329896907216495,0.9526345291479821,0.047365470852017935,0.1670103092783505,None
