Accuracy,Selection rate,Count,tpr,tnr,fpr,fnr,generation
0.9264926492649265,0.47084708470847086,9999.0,0.9030229255427065,0.9493096646942801,0.05069033530571992,0.09697707445729357,None
