difference_Accuracy,difference_Selection rate,difference_Count,difference_tpr,difference_tnr,difference_fpr,difference_fnr,ratio_Accuracy,ratio_Selection rate,ratio_Count,ratio_tpr,ratio_tnr,ratio_fpr,ratio_fnr,group_min_Accuracy,group_min_Selection rate,group_min_Count,group_min_tpr,group_min_tnr,group_min_fpr,group_min_fnr,group_max_Accuracy,group_max_Selection rate,group_max_Count,group_max_tpr,group_max_tnr,group_max_fpr,group_max_fnr,group_0_Accuracy,group_0_Selection rate,group_0_Count,group_0_tpr,group_0_tnr,group_0_fpr,group_0_fnr,group_1_Accuracy,group_1_Selection rate,group_1_Count,group_1_tpr,group_1_tnr,group_1_fpr,group_1_fnr,generation
0.009686535870373048,0.3865393191050868,35.0,0.08851444094207694,0.019465206443103233,0.019465206443103247,0.08851444094207699,0.9895994996322848,0.4185570990997758,0.9930237193541958,0.9047657321786864,0.9796210150436244,0.6972961773541904,0.44356947595813995,0.9216663344628264,0.2782539366155073,4982.0,0.840924541128484,0.9356955380577427,0.04483925549915398,0.07056101792943899,0.9313528703331995,0.6647932557205941,5017.0,0.929438982070561,0.955160744500846,0.06430446194225722,0.15907545887151597,0.9313528703331995,0.6647932557205941,4982.0,0.929438982070561,0.9356955380577427,0.06430446194225722,0.07056101792943899,0.9216663344628264,0.2782539366155073,5017.0,0.840924541128484,0.955160744500846,0.04483925549915398,0.15907545887151597,None
