difference_Accuracy,difference_Selection rate,difference_Count,difference_tpr,difference_tnr,difference_fpr,difference_fnr,ratio_Accuracy,ratio_Selection rate,ratio_Count,ratio_tpr,ratio_tnr,ratio_fpr,ratio_fnr,group_min_Accuracy,group_min_Selection rate,group_min_Count,group_min_tpr,group_min_tnr,group_min_fpr,group_min_fnr,group_max_Accuracy,group_max_Selection rate,group_max_Count,group_max_tpr,group_max_tnr,group_max_fpr,group_max_fnr,group_0_Accuracy,group_0_Selection rate,group_0_Count,group_0_tpr,group_0_tnr,group_0_fpr,group_0_fnr,group_1_Accuracy,group_1_Selection rate,group_1_Count,group_1_tpr,group_1_tnr,group_1_fpr,group_1_fnr,generation
0.0044953751221376015,0.3791577829786878,46.0,0.07209376034202297,0.02440451924756859,0.02440451924756857,0.07209376034202289,0.9951435897584374,0.4283343575022935,0.9908421262193908,0.922177683952408,0.9742685210770317,0.6787781227243112,0.505205559916777,0.9211626518017121,0.2840931714115071,4977.0,0.8542955326460481,0.924025974025974,0.0515695067264574,0.07361070701192901,0.9256580269238497,0.6632509543901949,5023.0,0.926389292988071,0.9484304932735426,0.07597402597402597,0.1457044673539519,0.9256580269238497,0.6632509543901949,4977.0,0.926389292988071,0.924025974025974,0.07597402597402597,0.07361070701192901,0.9211626518017121,0.2840931714115071,5023.0,0.8542955326460481,0.9484304932735426,0.0515695067264574,0.1457044673539519,None
