difference_Accuracy,difference_Selection rate,difference_Count,difference_tpr,difference_tnr,difference_fpr,difference_fnr,ratio_Accuracy,ratio_Selection rate,ratio_Count,ratio_tpr,ratio_tnr,ratio_fpr,ratio_fnr,group_min_Accuracy,group_min_Selection rate,group_min_Count,group_min_tpr,group_min_tnr,group_min_fpr,group_min_fnr,group_max_Accuracy,group_max_Selection rate,group_max_Count,group_max_tpr,group_max_tnr,group_max_fpr,group_max_fnr,group_0_Accuracy,group_0_Selection rate,group_0_Count,group_0_tpr,group_0_tnr,group_0_fpr,group_0_fnr,group_1_Accuracy,group_1_Selection rate,group_1_Count,group_1_tpr,group_1_tnr,group_1_fpr,group_1_fnr,generation
0.007926242265658523,0.38642401463286574,35.0,0.06870913622496855,0.02732811951805514,0.027328119518055166,0.06870913622496864,0.9915333321253194,0.429073416102925,0.9930237193541958,0.9270281962328191,0.9712702307112293,0.640965050469689,0.4595126235993109,0.9282439705002989,0.29041259716962325,4982.0,0.8728755948334467,0.9238845144356955,0.048787366046249295,0.05841526894158473,0.9361702127659575,0.676836611802489,5017.0,0.9415847310584152,0.9512126339537507,0.07611548556430446,0.12712440516655338,0.9361702127659575,0.676836611802489,4982.0,0.9415847310584152,0.9238845144356955,0.07611548556430446,0.05841526894158473,0.9282439705002989,0.29041259716962325,5017.0,0.8728755948334467,0.9512126339537507,0.048787366046249295,0.12712440516655338,None
