Accuracy,Selection rate,Count,tpr,tnr,fpr,fnr,generation
0.9321932193219322,0.4829482948294829,9999.0,0.9210793264353825,0.9429980276134122,0.057001972386587774,0.07892067356461757,None
