Accuracy,Selection rate,Count,tpr,tnr,fpr,fnr,generation
0.9234,0.4728,10000.0,0.9049468520032706,0.9410728269381362,0.05892717306186374,0.09505314799672936,None
