difference_Accuracy,difference_Selection rate,difference_Count,difference_tpr,difference_tnr,difference_fpr,difference_fnr,ratio_Accuracy,ratio_Selection rate,ratio_Count,ratio_tpr,ratio_tnr,ratio_fpr,ratio_fnr,group_min_Accuracy,group_min_Selection rate,group_min_Count,group_min_tpr,group_min_tnr,group_min_fpr,group_min_fnr,group_max_Accuracy,group_max_Selection rate,group_max_Count,group_max_tpr,group_max_tnr,group_max_fpr,group_max_fnr,group_0_Accuracy,group_0_Selection rate,group_0_Count,group_0_tpr,group_0_tnr,group_0_fpr,group_0_fnr,group_1_Accuracy,group_1_Selection rate,group_1_Count,group_1_tpr,group_1_tnr,group_1_fpr,group_1_fnr,generation
0.019459131755227954,0.369002288088416,46.0,0.0012807861087198447,0.060138460194514076,0.06013846019451401,0.0012807861087198447,0.9792565325113519,0.46111373596947,0.9908421262193908,0.9986347664555404,0.9358906405814084,0.5073764430874916,0.9797140006651147,0.918625678119349,0.31574756121839537,4977.0,0.9368635437881874,0.8779220779220779,0.06193946188340807,0.061855670103092786,0.938084809874577,0.6847498493068114,5023.0,0.9381443298969072,0.938060538116592,0.12207792207792208,0.06313645621181263,0.918625678119349,0.6847498493068114,4977.0,0.9368635437881874,0.8779220779220779,0.12207792207792208,0.06313645621181263,0.938084809874577,0.31574756121839537,5023.0,0.9381443298969072,0.938060538116592,0.06193946188340807,0.061855670103092786,None
