difference_Accuracy,difference_Selection rate,difference_Count,difference_tpr,difference_tnr,difference_fpr,difference_fnr,ratio_Accuracy,ratio_Selection rate,ratio_Count,ratio_tpr,ratio_tnr,ratio_fpr,ratio_fnr,group_min_Accuracy,group_min_Selection rate,group_min_Count,group_min_tpr,group_min_tnr,group_min_fpr,group_min_fnr,group_max_Accuracy,group_max_Selection rate,group_max_Count,group_max_tpr,group_max_tnr,group_max_fpr,group_max_fnr,group_0_Accuracy,group_0_Selection rate,group_0_Count,group_0_tpr,group_0_tnr,group_0_fpr,group_0_fnr,group_1_Accuracy,group_1_Selection rate,group_1_Count,group_1_tpr,group_1_tnr,group_1_fpr,group_1_fnr,generation
0.010438015364380937,0.37820230965820184,35.0,0.005974382696268932,0.05795040213881897,0.057950402138818934,0.005974382696268994,0.9889286420543131,0.458406465444909,0.9930237193541958,0.9937395711019097,0.9383831706194147,0.5066122186616756,0.8843642507077409,0.9323564833400241,0.32011162049033287,4982.0,0.9483344663494222,0.8825459317585301,0.05950366610265088,0.04569115095430885,0.942794498704405,0.6983139301485347,5017.0,0.9543088490456911,0.9404963338973491,0.11745406824146981,0.05166553365057784,0.9323564833400241,0.6983139301485347,4982.0,0.9543088490456911,0.8825459317585301,0.11745406824146981,0.04569115095430885,0.942794498704405,0.32011162049033287,5017.0,0.9483344663494222,0.9404963338973491,0.05950366610265088,0.05166553365057784,None
