Accuracy,Selection rate,Count,tpr,tnr,fpr,fnr,generation
0.9284,0.4994,10000.0,0.937244480784955,0.9199295223179327,0.08007047768206735,0.06275551921504498,None
