Accuracy,Selection rate,Count,tpr,tnr,fpr,fnr,generation
0.9375937593759376,0.5085508550855086,9999.0,0.9525258673158856,0.9230769230769231,0.07692307692307693,0.04747413268411443,None
