difference_Accuracy,difference_Selection rate,difference_Count,difference_tpr,difference_tnr,difference_fpr,difference_fnr,ratio_Accuracy,ratio_Selection rate,ratio_Count,ratio_tpr,ratio_tnr,ratio_fpr,ratio_fnr,group_min_Accuracy,group_min_Selection rate,group_min_Count,group_min_tpr,group_min_tnr,group_min_fpr,group_min_fnr,group_max_Accuracy,group_max_Selection rate,group_max_Count,group_max_tpr,group_max_tnr,group_max_fpr,group_max_fnr,group_0_Accuracy,group_0_Selection rate,group_0_Count,group_0_tpr,group_0_tnr,group_0_fpr,group_0_fnr,group_1_Accuracy,group_1_Selection rate,group_1_Count,group_1_tpr,group_1_tnr,group_1_fpr,group_1_fnr,generation
0.0039011225477530997,0.3764166049753613,46.0,0.051660772650967246,0.036448081066915106,0.03644808106691515,0.05166077265096729,0.9957859486973412,0.43673318010752465,0.9908421262193908,0.9442867663629199,0.9614790422847296,0.5961867277478465,0.5847158883582464,0.9218404661442636,0.2918574557037627,4977.0,0.8756013745704467,0.9097402597402597,0.053811659192825115,0.07273785277858598,0.9257415886920167,0.668274060679124,5023.0,0.927262147221414,0.9461883408071748,0.09025974025974026,0.12439862542955327,0.9218404661442636,0.668274060679124,4977.0,0.927262147221414,0.9097402597402597,0.09025974025974026,0.07273785277858598,0.9257415886920167,0.2918574557037627,5023.0,0.8756013745704467,0.9461883408071748,0.053811659192825115,0.12439862542955327,None
