difference_Accuracy,difference_Selection rate,difference_Count,difference_tpr,difference_tnr,difference_fpr,difference_fnr,ratio_Accuracy,ratio_Selection rate,ratio_Count,ratio_tpr,ratio_tnr,ratio_fpr,ratio_fnr,group_min_Accuracy,group_min_Selection rate,group_min_Count,group_min_tpr,group_min_tnr,group_min_fpr,group_min_fnr,group_max_Accuracy,group_max_Selection rate,group_max_Count,group_max_tpr,group_max_tnr,group_max_fpr,group_max_fnr,group_0_Accuracy,group_0_Selection rate,group_0_Count,group_0_tpr,group_0_tnr,group_0_fpr,group_0_fnr,group_1_Accuracy,group_1_Selection rate,group_1_Count,group_1_tpr,group_1_tnr,group_1_fpr,group_1_fnr,generation
0.0018797589600416664,0.3894614593001218,35.0,0.05598049665815952,0.04795133476335767,0.04795133476335762,0.055980496658159545,0.9979840207989463,0.4303297151399862,0.9930237193541958,0.9406012404283781,0.9496041988527367,0.5028718763309047,0.506902331831421,0.9305499799277399,0.29419972094877417,4982.0,0.8864717878993882,0.9035433070866141,0.048505358150028204,0.05754771544245228,0.9324297388877816,0.683661180248896,5017.0,0.9424522845575477,0.9514946418499718,0.09645669291338582,0.11352821210061183,0.9305499799277399,0.683661180248896,4982.0,0.9424522845575477,0.9035433070866141,0.09645669291338582,0.05754771544245228,0.9324297388877816,0.29419972094877417,5017.0,0.8864717878993882,0.9514946418499718,0.048505358150028204,0.11352821210061183,None
