Accuracy,Selection rate,Count,tpr,tnr,fpr,fnr,generation
0.9314931493149315,0.4882488248824883,9999.0,0.9257455873402313,0.9370808678500986,0.06291913214990139,0.07425441265976872,None
