Accuracy,Selection rate,Count,tpr,tnr,fpr,fnr,generation
0.9238,0.4792,10000.0,0.9118969746524939,0.9351996867658575,0.06480031323414252,0.08810302534750614,None
