difference_Accuracy,difference_Selection rate,difference_Count,difference_tpr,difference_tnr,difference_fpr,difference_fnr,ratio_Accuracy,ratio_Selection rate,ratio_Count,ratio_tpr,ratio_tnr,ratio_fpr,ratio_fnr,group_min_Accuracy,group_min_Selection rate,group_min_Count,group_min_tpr,group_min_tnr,group_min_fpr,group_min_fnr,group_max_Accuracy,group_max_Selection rate,group_max_Count,group_max_tpr,group_max_tnr,group_max_fpr,group_max_fnr,group_0_Accuracy,group_0_Selection rate,group_0_Count,group_0_tpr,group_0_tnr,group_0_fpr,group_0_fnr,group_1_Accuracy,group_1_Selection rate,group_1_Count,group_1_tpr,group_1_tnr,group_1_fpr,group_1_fnr,generation
0.039173723870424504,0.9435159144083377,4532.0,0.9521710952689566,0.9913448191393811,0.008655180860618927,0.04782890473104342,0.9604842602552435,0.009089942872267222,0.6299501918837266,0.0,0.0,0.0,0.0,0.9521710952689566,0.008655180860618927,7715.0,0.0,0.0,0.0,0.0,0.9913448191393811,0.9521710952689566,12247.0,0.9521710952689566,0.9913448191393811,0.008655180860618927,0.04782890473104342,0.9913448191393811,0.008655180860618927,12247.0,0.0,0.9913448191393811,0.008655180860618927,0.0,0.9521710952689566,0.9521710952689566,7715.0,0.9521710952689566,0.0,0.0,0.04782890473104342,None
0.03838174079533074,0.9447978133812024,4532.0,0.9532080362929358,0.9915897770882666,0.008410222911733486,0.04679196370706416,0.9612927223715073,0.008823071765573,0.6299501918837266,0.0,0.0,0.0,0.0,0.9532080362929358,0.008410222911733486,7715.0,0.0,0.0,0.0,0.0,0.9915897770882666,0.9532080362929358,12247.0,0.9532080362929358,0.9915897770882666,0.008410222911733486,0.04679196370706416,0.9915897770882666,0.008410222911733486,12247.0,0.0,0.9915897770882666,0.008410222911733486,0.0,0.9532080362929358,0.9532080362929358,7715.0,0.9532080362929358,0.0,0.0,0.04679196370706416,None
0.03838174079533074,0.9447978133812024,4532.0,0.9532080362929358,0.9915897770882666,0.008410222911733486,0.04679196370706416,0.9612927223715073,0.008823071765573,0.6299501918837266,0.0,0.0,0.0,0.0,0.9532080362929358,0.008410222911733486,7715.0,0.0,0.0,0.0,0.0,0.9915897770882666,0.9532080362929358,12247.0,0.9532080362929358,0.9915897770882666,0.008410222911733486,0.04679196370706416,0.9915897770882666,0.008410222911733486,12247.0,0.0,0.9915897770882666,0.008410222911733486,0.0,0.9532080362929358,0.9532080362929358,7715.0,0.9532080362929358,0.0,0.0,0.04679196370706416,None
