difference_Accuracy,difference_Selection rate,difference_Count,difference_tpr,difference_tnr,difference_fpr,difference_fnr,ratio_Accuracy,ratio_Selection rate,ratio_Count,ratio_tpr,ratio_tnr,ratio_fpr,ratio_fnr,group_min_Accuracy,group_min_Selection rate,group_min_Count,group_min_tpr,group_min_tnr,group_min_fpr,group_min_fnr,group_max_Accuracy,group_max_Selection rate,group_max_Count,group_max_tpr,group_max_tnr,group_max_fpr,group_max_fnr,group_0_Accuracy,group_0_Selection rate,group_0_Count,group_0_tpr,group_0_tnr,group_0_fpr,group_0_fnr,group_1_Accuracy,group_1_Selection rate,group_1_Count,group_1_tpr,group_1_tnr,group_1_fpr,group_1_fnr,generation
0.028233187652606517,0.9556391938006321,2951.0,0.9637030030740128,0.9919361907266193,0.008063809273380665,0.03629699692598723,0.9715372945189902,0.008367525313980329,0.7413445525462354,0.0,0.0,0.0,0.0,0.9637030030740128,0.008063809273380665,8458.0,0.0,0.0,0.0,0.0,0.9919361907266193,0.9637030030740128,11409.0,0.9637030030740128,0.9919361907266193,0.008063809273380665,0.03629699692598723,0.9919361907266193,0.008063809273380665,11409.0,0.0,0.9919361907266193,0.008063809273380665,0.0,0.9637030030740128,0.9637030030740128,8458.0,0.9637030030740128,0.0,0.0,0.03629699692598723,None
0.027370894292797043,0.9573779881684177,2951.0,0.9650035469378103,0.9923744412306074,0.0076255587693925845,0.034996453062189646,0.9724187835200034,0.007902104394942721,0.7413445525462354,0.0,0.0,0.0,0.0,0.9650035469378103,0.0076255587693925845,8458.0,0.0,0.0,0.0,0.0,0.9923744412306074,0.9650035469378103,11409.0,0.9650035469378103,0.9923744412306074,0.0076255587693925845,0.034996453062189646,0.9923744412306074,0.0076255587693925845,11409.0,0.0,0.9923744412306074,0.0076255587693925845,0.0,0.9650035469378103,0.9650035469378103,8458.0,0.9650035469378103,0.0,0.0,0.034996453062189646,None
0.027370894292797043,0.9573779881684177,2951.0,0.9650035469378103,0.9923744412306074,0.0076255587693925845,0.034996453062189646,0.9724187835200034,0.007902104394942721,0.7413445525462354,0.0,0.0,0.0,0.0,0.9650035469378103,0.0076255587693925845,8458.0,0.0,0.0,0.0,0.0,0.9923744412306074,0.9650035469378103,11409.0,0.9650035469378103,0.9923744412306074,0.0076255587693925845,0.034996453062189646,0.9923744412306074,0.0076255587693925845,11409.0,0.0,0.9923744412306074,0.0076255587693925845,0.0,0.9650035469378103,0.9650035469378103,8458.0,0.9650035469378103,0.0,0.0,0.034996453062189646,None
