Accuracy,Selection rate,Count,tpr,tnr,fpr,fnr,generation
0.9762047890992887,0.37330928764652843,19962.0,0.9521710952689566,0.9913448191393811,0.008655180860618927,0.04782890473104342,None
0.9767558360885683,0.37355976355074644,19962.0,0.9532080362929358,0.9915897770882666,0.008410222911733486,0.04679196370706416,None
0.9767558360885683,0.37355976355074644,19962.0,0.9532080362929358,0.9915897770882666,0.008410222911733486,0.04679196370706416,None
