Accuracy,Selection rate,Count,tpr,tnr,fpr,fnr,generation
0.8079226858609755,0.48250868274022246,19867.0,0.7792295780100658,0.8390141583639223,0.1609858416360776,0.22077042198993418,None
0.809432727638798,0.48130064931796446,19867.0,0.7795199380565234,0.8418458311484006,0.15815416885159936,0.22048006194347658,None
0.809432727638798,0.48130064931796446,19867.0,0.7795199380565234,0.8418458311484006,0.15815416885159936,0.22048006194347658,None
