Accuracy,Selection rate,Count,tpr,tnr,fpr,fnr,generation
0.8194068730588118,0.46252880472898505,19962.0,0.7842998585572843,0.8539348171701113,0.1460651828298887,0.2157001414427157,None
0.8179040176335036,0.4621280432822362,19962.0,0.7823802788442109,0.852841812400636,0.14715818759936408,0.21761972115578904,None
0.8179040176335036,0.4621280432822362,19962.0,0.7823802788442109,0.852841812400636,0.14715818759936408,0.21761972115578904,None
