Accuracy,Selection rate,Count,tpr,tnr,fpr,fnr,generation
0.9799164443549605,0.414909145819701,19867.0,0.9637030030740128,0.9919361907266193,0.008063809273380665,0.03629699692598723,None
0.9807217999697991,0.4152111541752655,19867.0,0.9650035469378103,0.9923744412306074,0.0076255587693925845,0.034996453062189646,None
0.9807217999697991,0.4152111541752655,19867.0,0.9650035469378103,0.9923744412306074,0.0076255587693925845,0.034996453062189646,None
