difference_Accuracy,difference_Selection rate,difference_Count,difference_tpr,difference_tnr,difference_fpr,difference_fnr,ratio_Accuracy,ratio_Selection rate,ratio_Count,ratio_tpr,ratio_tnr,ratio_fpr,ratio_fnr,group_min_Accuracy,group_min_Selection rate,group_min_Count,group_min_tpr,group_min_tnr,group_min_fpr,group_min_fnr,group_max_Accuracy,group_max_Selection rate,group_max_Count,group_max_tpr,group_max_tnr,group_max_fpr,group_max_fnr,group_0_Accuracy,group_0_Selection rate,group_0_Count,group_0_tpr,group_0_tnr,group_0_fpr,group_0_fnr,group_1_Accuracy,group_1_Selection rate,group_1_Count,group_1_tpr,group_1_tnr,group_1_fpr,group_1_fnr,generation
0.011314721436477715,0.38581484534277555,35.0,0.07503030441239322,0.023011400224718148,0.0230114002247181,0.07503030441239322,0.9879138202837624,0.4286178479495518,0.9930237193541958,0.9202168534261821,0.9757652434817788,0.6868805897993716,0.442577889946311,0.9248554913294798,0.2894159856487941,4982.0,0.8653976886471788,0.926509186351706,0.05047941342357586,0.059572006940427996,0.9361702127659575,0.6752308309915697,5017.0,0.940427993059572,0.9495205865764241,0.07349081364829396,0.13460231135282122,0.9361702127659575,0.6752308309915697,4982.0,0.940427993059572,0.926509186351706,0.07349081364829396,0.059572006940427996,0.9248554913294798,0.2894159856487941,5017.0,0.8653976886471788,0.9495205865764241,0.05047941342357586,0.13460231135282122,None
