Accuracy,Selection rate,Count,tpr,tnr,fpr,fnr,generation
0.9304930493049305,0.48164816481648165,9999.0,0.9180361128017853,0.942603550295858,0.05739644970414201,0.08196388719821465,None
