difference_Accuracy,difference_Selection rate,difference_Count,difference_tpr,difference_tnr,difference_fpr,difference_fnr,ratio_Accuracy,ratio_Selection rate,ratio_Count,ratio_tpr,ratio_tnr,ratio_fpr,ratio_fnr,group_min_Accuracy,group_min_Selection rate,group_min_Count,group_min_tpr,group_min_tnr,group_min_fpr,group_min_fnr,group_max_Accuracy,group_max_Selection rate,group_max_Count,group_max_tpr,group_max_tnr,group_max_fpr,group_max_fnr,group_0_Accuracy,group_0_Selection rate,group_0_Count,group_0_tpr,group_0_tnr,group_0_fpr,group_0_fnr,group_1_Accuracy,group_1_Selection rate,group_1_Count,group_1_tpr,group_1_tnr,group_1_fpr,group_1_fnr,generation
0.004683419101148223,0.3781182009811327,46.0,0.07666419707908778,0.02024197775318859,0.020241977753188513,0.0766641970790878,0.9949338454974104,0.4257264918269461,0.9908421262193908,0.9168523681411093,0.978695169137647,0.7113643912971267,0.5042381922218989,0.9197690623133585,0.28031057137169024,4977.0,0.845360824742268,0.9298701298701298,0.04988789237668161,0.07797497817864417,0.9244524814145068,0.6584287723528229,5023.0,0.9220250218213558,0.9501121076233184,0.07012987012987013,0.15463917525773196,0.9244524814145068,0.6584287723528229,4977.0,0.9220250218213558,0.9298701298701298,0.07012987012987013,0.07797497817864417,0.9197690623133585,0.28031057137169024,5023.0,0.845360824742268,0.9501121076233184,0.04988789237668161,0.15463917525773196,None
