Accuracy,Selection rate,Count,tpr,tnr,fpr,fnr,generation
0.9221,0.4685,10000.0,0.8992232215862633,0.9440093970242757,0.055990602975724356,0.10077677841373671,None
