difference_Accuracy,difference_Selection rate,difference_Count,difference_tpr,difference_tnr,difference_fpr,difference_fnr,ratio_Accuracy,ratio_Selection rate,ratio_Count,ratio_tpr,ratio_tnr,ratio_fpr,ratio_fnr,group_min_Accuracy,group_min_Selection rate,group_min_Count,group_min_tpr,group_min_tnr,group_min_fpr,group_min_fnr,group_max_Accuracy,group_max_Selection rate,group_max_Count,group_max_tpr,group_max_tnr,group_max_fpr,group_max_fnr,group_0_Accuracy,group_0_Selection rate,group_0_Count,group_0_tpr,group_0_tnr,group_0_fpr,group_0_fnr,group_1_Accuracy,group_1_Selection rate,group_1_Count,group_1_tpr,group_1_tnr,group_1_fpr,group_1_fnr,generation
0.009046031414024713,0.3624052684954814,46.0,0.023427087676358038,0.019578795643818037,0.019578795643818064,0.023427087676358052,0.9903178743250275,0.45093119595068165,0.9908421262193908,0.9746397164271992,0.9793505341835227,0.725896860986547,0.7649212926268899,0.9252561784207354,0.2976308978697989,4977.0,0.9003436426116839,0.9285714285714286,0.05184977578475336,0.0762292697119581,0.9343022098347601,0.6600361663652803,5023.0,0.9237707302880419,0.9481502242152466,0.07142857142857142,0.09965635738831616,0.9252561784207354,0.6600361663652803,4977.0,0.9237707302880419,0.9285714285714286,0.07142857142857142,0.0762292697119581,0.9343022098347601,0.2976308978697989,5023.0,0.9003436426116839,0.9481502242152466,0.05184977578475336,0.09965635738831616,None
