difference_Accuracy,difference_Selection rate,difference_Count,difference_tpr,difference_tnr,difference_fpr,difference_fnr,ratio_Accuracy,ratio_Selection rate,ratio_Count,ratio_tpr,ratio_tnr,ratio_fpr,ratio_fnr,group_min_Accuracy,group_min_Selection rate,group_min_Count,group_min_tpr,group_min_tnr,group_min_fpr,group_min_fnr,group_max_Accuracy,group_max_Selection rate,group_max_Count,group_max_tpr,group_max_tnr,group_max_fpr,group_max_fnr,group_0_Accuracy,group_0_Selection rate,group_0_Count,group_0_tpr,group_0_tnr,group_0_fpr,group_0_fnr,group_1_Accuracy,group_1_Selection rate,group_1_Count,group_1_tpr,group_1_tnr,group_1_fpr,group_1_fnr,generation
0.0010446617190033036,0.37183847899878275,35.0,0.03367849367706255,0.018890087977581516,0.01889008797758148,0.03367849367706249,0.9988851163913551,0.4465194794227859,0.9930237193541958,0.9640887353884421,0.9801292637293076,0.7231875569439021,0.6486449347591565,0.9359694901645925,0.2999800677695834,4982.0,0.9041468388851122,0.931758530183727,0.049351381838691484,0.062174667437825334,0.9370141518835958,0.6718185467683662,5017.0,0.9378253325621747,0.9506486181613085,0.06824146981627296,0.09585316111488783,0.9359694901645925,0.6718185467683662,4982.0,0.9378253325621747,0.931758530183727,0.06824146981627296,0.062174667437825334,0.9370141518835958,0.2999800677695834,5017.0,0.9041468388851122,0.9506486181613085,0.049351381838691484,0.09585316111488783,None
