Accuracy,Selection rate,Count,tpr,tnr,fpr,fnr,generation
0.9364936493649365,0.48524852485248526,9999.0,0.927774396429296,0.9449704142011834,0.05502958579881657,0.072225603570704,None
