Accuracy,Selection rate,Count,tpr,tnr,fpr,fnr,generation
0.9298,0.478,10000.0,0.9168029435813573,0.942247454972592,0.05775254502740799,0.08319705641864268,None
