generation,epoch,gen_loss
0,0,70926.59184669962
0,10,27325.87356505102
0,20,26345.830177774234
