difference_Accuracy,difference_Selection rate,difference_Count,difference_tpr,difference_tnr,difference_fpr,difference_fnr,ratio_Accuracy,ratio_Selection rate,ratio_Count,ratio_tpr,ratio_tnr,ratio_fpr,ratio_fnr,group_min_Accuracy,group_min_Selection rate,group_min_Count,group_min_tpr,group_min_tnr,group_min_fpr,group_min_fnr,group_max_Accuracy,group_max_Selection rate,group_max_Count,group_max_tpr,group_max_tnr,group_max_fpr,group_max_fnr,generation
0.0028371621592966356,0.37487452336883975,35.0,0.029077295025987326,0.028260744056739062,0.028260744056739097,0.029077295025987285,0.9969785517823835,0.447448261709006,0.9930237193541958,0.9691566606748883,0.9702368285045451,0.6410885504794135,0.663207078872226,0.9361702127659575,0.30356786924456847,4982.0,0.9136641740312712,0.9212598425196851,0.05047941342357586,0.05725853094274147,0.9390073749252541,0.6784423926134082,5017.0,0.9427414690572585,0.9495205865764241,0.07874015748031496,0.08633582596872875,None
