difference_Accuracy,difference_Selection rate,difference_Count,difference_tpr,difference_tnr,difference_fpr,difference_fnr,ratio_Accuracy,ratio_Selection rate,ratio_Count,ratio_tpr,ratio_tnr,ratio_fpr,ratio_fnr,group_min_Accuracy,group_min_Selection rate,group_min_Count,group_min_tpr,group_min_tnr,group_min_fpr,group_min_fnr,group_max_Accuracy,group_max_Selection rate,group_max_Count,group_max_tpr,group_max_tnr,group_max_fpr,group_max_fnr,generation
0.00902947106360763,0.3628531179719763,46.0,0.016980364279165383,0.02318079902160619,0.023180799021606198,0.016980364279165383,0.9903540975856017,0.454734309134503,0.9908421262193908,0.9817220444636732,0.9754936026936027,0.700013189132155,0.8069810154204248,0.9270644966847499,0.3026080031853474,4977.0,0.9120274914089347,0.9227272727272727,0.05409192825112107,0.07099214431189992,0.9360939677483575,0.6654611211573237,5023.0,0.9290078556881001,0.9459080717488789,0.07727272727272727,0.0879725085910653,None
