Accuracy,Selection rate,Count,tpr,tnr,fpr,fnr,generation
0.9316,0.4832,10000.0,0.9239574816026165,0.9389193422083008,0.06108065779169929,0.07604251839738348,None
