Accuracy,Selection rate,Count,tpr,tnr,fpr,fnr,generation
0.9375937593759376,0.49034903490349036,9999.0,0.9340637046053967,0.941025641025641,0.05897435897435897,0.06593629539460337,None
