Accuracy,Selection rate,Count,tpr,tnr,fpr,fnr,generation
0.9321932193219322,0.510951095109511,9999.0,0.9494826536822885,0.9153846153846154,0.08461538461538462,0.0505173463177115,None
