Accuracy,Selection rate,Count,tpr,tnr,fpr,fnr,generation
0.9256,0.5028,10000.0,0.937857726901063,0.9138606108065779,0.08613938919342208,0.06214227309893704,None
