difference_Accuracy,difference_Selection rate,difference_Count,difference_tpr,difference_tnr,difference_fpr,difference_fnr,ratio_Accuracy,ratio_Selection rate,ratio_Count,ratio_tpr,ratio_tnr,ratio_fpr,ratio_fnr,group_min_Accuracy,group_min_Selection rate,group_min_Count,group_min_tpr,group_min_tnr,group_min_fpr,group_min_fnr,group_max_Accuracy,group_max_Selection rate,group_max_Count,group_max_tpr,group_max_tnr,group_max_fpr,group_max_fnr,generation
0.012476047916409772,0.3790192030356523,35.0,0.007450580118654071,0.06853013931634178,0.0685301393163418,0.007450580118654113,0.9867051120652872,0.4594120614017693,0.9930237193541958,0.9921713442569718,0.9267828038518385,0.4829706320885896,0.8663438615299975,0.9259333600963469,0.3221048435319912,4982.0,0.9442556084296397,0.8674540682414699,0.06401579244218839,0.048293811451706185,0.9384094080127566,0.7011240465676435,5017.0,0.9517061885482938,0.9359842075578116,0.1325459317585302,0.0557443915703603,None
