difference_Accuracy,difference_Selection rate,difference_Count,difference_tpr,difference_tnr,difference_fpr,difference_fnr,ratio_Accuracy,ratio_Selection rate,ratio_Count,ratio_tpr,ratio_tnr,ratio_fpr,ratio_fnr,group_min_Accuracy,group_min_Selection rate,group_min_Count,group_min_tpr,group_min_tnr,group_min_fpr,group_min_fnr,group_max_Accuracy,group_max_Selection rate,group_max_Count,group_max_tpr,group_max_tnr,group_max_fpr,group_max_fnr,generation
0.018284866907783748,0.3754337041771804,46.0,0.00741796120047955,0.07190175295556456,0.0719017529555646,0.007417961200479516,0.980437723859894,0.45697949849176783,0.9908421262193908,0.9921090892460389,0.9231439620894385,0.47272047832585956,0.8898659842173704,0.9164155113522202,0.3159466454310173,4977.0,0.9326460481099657,0.8636363636363636,0.06446188340807175,0.059935990689554845,0.934700378260004,0.6913803496081977,5023.0,0.9400640093104452,0.9355381165919282,0.13636363636363635,0.06735395189003436,None
