difference_Accuracy,difference_Selection rate,difference_Count,difference_tpr,difference_tnr,difference_fpr,difference_fnr,ratio_Accuracy,ratio_Selection rate,ratio_Count,ratio_tpr,ratio_tnr,ratio_fpr,ratio_fnr,group_min_Accuracy,group_min_Selection rate,group_min_Count,group_min_tpr,group_min_tnr,group_min_fpr,group_min_fnr,group_max_Accuracy,group_max_Selection rate,group_max_Count,group_max_tpr,group_max_tnr,group_max_fpr,group_max_fnr,group_0_Accuracy,group_0_Selection rate,group_0_Count,group_0_tpr,group_0_tnr,group_0_fpr,group_0_fnr,group_1_Accuracy,group_1_Selection rate,group_1_Count,group_1_tpr,group_1_tnr,group_1_fpr,group_1_fnr,generation
0.00943499964459249,0.3636678552118163,46.0,0.01647864806577304,0.026605177333876906,0.026605177333876885,0.01647864806577301,0.9899165950606834,0.4551550525619477,0.9908421262193908,0.9822787504999806,0.9718400258892694,0.6748256103637269,0.8097108497166688,0.9262607996785212,0.30380250846107903,4977.0,0.9134020618556701,0.9181818181818182,0.05521300448430493,0.07011929007855688,0.9356957993231136,0.6674703636728954,5023.0,0.9298807099214431,0.9447869955156951,0.08181818181818182,0.0865979381443299,0.9262607996785212,0.6674703636728954,4977.0,0.9298807099214431,0.9181818181818182,0.08181818181818182,0.07011929007855688,0.9356957993231136,0.30380250846107903,5023.0,0.9134020618556701,0.9447869955156951,0.05521300448430493,0.0865979381443299,None
