Accuracy,Selection rate,Count,tpr,tnr,fpr,fnr,generation
0.931,0.4848,10000.0,0.9249795584627964,0.9367658574784652,0.06323414252153485,0.0750204415372036,None
