difference_Accuracy,difference_Selection rate,difference_Count,difference_tpr,difference_tnr,difference_fpr,difference_fnr,ratio_Accuracy,ratio_Selection rate,ratio_Count,ratio_tpr,ratio_tnr,ratio_fpr,ratio_fnr,group_min_Accuracy,group_min_Selection rate,group_min_Count,group_min_tpr,group_min_tnr,group_min_fpr,group_min_fnr,group_max_Accuracy,group_max_Selection rate,group_max_Count,group_max_tpr,group_max_tnr,group_max_fpr,group_max_fnr,group_0_Accuracy,group_0_Selection rate,group_0_Count,group_0_tpr,group_0_tnr,group_0_fpr,group_0_fnr,group_1_Accuracy,group_1_Selection rate,group_1_Count,group_1_tpr,group_1_tnr,group_1_fpr,group_1_fnr,generation
0.0022475970299936643,0.3750710450786075,35.0,0.031999414946926485,0.02872705632608108,0.028727056326081073,0.031999414946926485,0.9976018302212935,0.4468312769148542,0.9930237193541958,0.9660153633641058,0.969718745026075,0.6411472635987906,0.6460816587448958,0.9349658771577679,0.30296990233207094,4982.0,0.9095853161114887,0.9199475065616798,0.05132543711223914,0.05841526894158473,0.9372134741877616,0.6780409474106784,5017.0,0.9415847310584152,0.9486745628877609,0.08005249343832022,0.09041468388851122,0.9349658771577679,0.6780409474106784,4982.0,0.9415847310584152,0.9199475065616798,0.08005249343832022,0.05841526894158473,0.9372134741877616,0.30296990233207094,5017.0,0.9095853161114887,0.9486745628877609,0.05132543711223914,0.09041468388851122,None
