Accuracy,Selection rate,Count,tpr,tnr,fpr,fnr,generation
0.9360936093609361,0.4898489848984898,9999.0,0.9320348955163319,0.9400394477317554,0.05996055226824457,0.06796510448366809,None
