difference_Accuracy,difference_Selection rate,difference_Count,difference_tpr,difference_tnr,difference_fpr,difference_fnr,ratio_Accuracy,ratio_Selection rate,ratio_Count,ratio_tpr,ratio_tnr,ratio_fpr,ratio_fnr,group_min_Accuracy,group_min_Selection rate,group_min_Count,group_min_tpr,group_min_tnr,group_min_fpr,group_min_fnr,group_max_Accuracy,group_max_Selection rate,group_max_Count,group_max_tpr,group_max_tnr,group_max_fpr,group_max_fnr,group_0_Accuracy,group_0_Selection rate,group_0_Count,group_0_tpr,group_0_tnr,group_0_fpr,group_0_fnr,group_1_Accuracy,group_1_Selection rate,group_1_Count,group_1_tpr,group_1_tnr,group_1_fpr,group_1_fnr,generation
0.007240456714533106,0.3761334705677933,35.0,0.017388815342230468,0.04305949700449874,0.043059497004498806,0.017388815342230496,0.9923039467506753,0.4528768028120449,0.9930237193541958,0.981645139360979,0.95444839606863,0.5595793729204284,0.7516607051609606,0.9335608189482135,0.3113414391070361,4982.0,0.9299796057104011,0.902230971128609,0.05470953186689227,0.05263157894736842,0.9408012756627466,0.6874749096748294,5017.0,0.9473684210526315,0.9452904681331077,0.09776902887139108,0.07002039428959891,0.9335608189482135,0.6874749096748294,4982.0,0.9473684210526315,0.902230971128609,0.09776902887139108,0.05263157894736842,0.9408012756627466,0.3113414391070361,5017.0,0.9299796057104011,0.9452904681331077,0.05470953186689227,0.07002039428959891,None
