Accuracy,Selection rate,Count,tpr,tnr,fpr,fnr,generation
0.9303,0.4905,10000.0,0.9300899427636958,0.9305011746280345,0.06949882537196554,0.06991005723630417,None
