Accuracy,Selection rate,Count,tpr,tnr,fpr,fnr,generation
0.9371937193719372,0.49874987498749873,9999.0,0.9421789409616556,0.9323471400394477,0.06765285996055227,0.05782105903834449,None
