difference_Accuracy,difference_Selection rate,difference_Count,difference_tpr,difference_tnr,difference_fpr,difference_fnr,ratio_Accuracy,ratio_Selection rate,ratio_Count,ratio_tpr,ratio_tnr,ratio_fpr,ratio_fnr,group_min_Accuracy,group_min_Selection rate,group_min_Count,group_min_tpr,group_min_tnr,group_min_fpr,group_min_fnr,group_max_Accuracy,group_max_Selection rate,group_max_Count,group_max_tpr,group_max_tnr,group_max_fpr,group_max_fnr,group_0_Accuracy,group_0_Selection rate,group_0_Count,group_0_tpr,group_0_tnr,group_0_fpr,group_0_fnr,group_1_Accuracy,group_1_Selection rate,group_1_Count,group_1_tpr,group_1_tnr,group_1_fpr,group_1_fnr,generation
0.0056413593711642784,0.36352029208938064,46.0,0.01592654026777529,0.027862384252518746,0.02786238425251878,0.01592654026777529,0.9939542248514277,0.45992821082720975,0.9908421262193908,0.9829631126983057,0.9703244814886607,0.6868023959935845,0.8036176602575166,0.9274663451878642,0.3095759506271153,4977.0,0.9189003436426116,0.9110389610389611,0.06109865470852018,0.06517311608961303,0.9331077045590285,0.6730962427164959,5023.0,0.9348268839103869,0.9389013452914798,0.08896103896103896,0.08109965635738832,0.9274663451878642,0.6730962427164959,4977.0,0.9348268839103869,0.9110389610389611,0.08896103896103896,0.06517311608961303,0.9331077045590285,0.3095759506271153,5023.0,0.9189003436426116,0.9389013452914798,0.06109865470852018,0.08109965635738832,None
