Accuracy,Selection rate,Count,tpr,tnr,fpr,fnr,generation
0.9370937093709371,0.49324932493249324,9999.0,0.9364982755122743,0.9376725838264299,0.06232741617357002,0.0635017244877257,None
