Accuracy,Selection rate,Count,tpr,tnr,fpr,fnr,generation
0.9287,0.4851,10000.0,0.9229354047424366,0.9342208300704777,0.06577916992952232,0.07706459525756337,None
