difference_Accuracy,difference_Selection rate,difference_Count,difference_tpr,difference_tnr,difference_fpr,difference_fnr,ratio_Accuracy,ratio_Selection rate,ratio_Count,ratio_tpr,ratio_tnr,ratio_fpr,ratio_fnr,group_min_Accuracy,group_min_Selection rate,group_min_Count,group_min_tpr,group_min_tnr,group_min_fpr,group_min_fnr,group_max_Accuracy,group_max_Selection rate,group_max_Count,group_max_tpr,group_max_tnr,group_max_fpr,group_max_fnr,generation
0.008456138931899781,0.3602705433246967,46.0,0.01552560722359364,0.02389129928367595,0.023891299283675962,0.015525607223593668,0.9909357264500784,0.45910512997676756,0.9908421262193908,0.983261759087989,0.9746221625947735,0.7102944811270788,0.8235175116380563,0.9244524814145068,0.30579335058729845,4977.0,0.9120274914089347,0.9175324675324675,0.058576233183856505,0.07244690136747163,0.9329086203464065,0.6660638939119952,5023.0,0.9275530986325283,0.9414237668161435,0.08246753246753247,0.0879725085910653,None
