difference_Accuracy,difference_Selection rate,difference_Count,difference_tpr,difference_tnr,difference_fpr,difference_fnr,ratio_Accuracy,ratio_Selection rate,ratio_Count,ratio_tpr,ratio_tnr,ratio_fpr,ratio_fnr,group_min_Accuracy,group_min_Selection rate,group_min_Count,group_min_tpr,group_min_tnr,group_min_fpr,group_min_fnr,group_max_Accuracy,group_max_Selection rate,group_max_Count,group_max_tpr,group_max_tnr,group_max_fpr,group_max_fnr,generation
0.007441179315897939,0.3690941765480305,35.0,0.014136620115367204,0.030033840947546575,0.030033840947546527,0.014136620115367114,0.9920905939347754,0.45596828770346504,0.9930237193541958,0.9849725077285768,0.9682752457551385,0.6395939086294417,0.807453998243472,0.9333600963468487,0.3093482160653777,4982.0,0.9265805574439157,0.9166666666666666,0.0532994923857868,0.05928282244071718,0.9408012756627466,0.6784423926134082,5017.0,0.9407171775592829,0.9467005076142132,0.08333333333333333,0.07341944255608429,None
