Accuracy,Selection rate,Count,tpr,tnr,fpr,fnr,generation
0.9311931193119312,0.5121512151215122,9999.0,0.949685534591195,0.9132149901380671,0.08678500986193294,0.050314465408805034,None
