difference_Accuracy,difference_Selection rate,difference_Count,difference_tpr,difference_tnr,difference_fpr,difference_fnr,ratio_Accuracy,ratio_Selection rate,ratio_Count,ratio_tpr,ratio_tnr,ratio_fpr,ratio_fnr,group_min_Accuracy,group_min_Selection rate,group_min_Count,group_min_tpr,group_min_tnr,group_min_fpr,group_min_fnr,group_max_Accuracy,group_max_Selection rate,group_max_Count,group_max_tpr,group_max_tnr,group_max_fpr,group_max_fnr,generation
0.015283363741120493,0.3814278742520313,35.0,0.006770770465357012,0.07668616296059438,0.07668616296059438,0.00677077046535704,0.9837204594715071,0.4578391813056719,0.9930237193541958,0.9928856504803389,0.9180936343800399,0.45387984882268295,0.8770394647587629,0.9235246888799679,0.3221048435319912,4982.0,0.9449354180829368,0.8595800524934383,0.06373378454596729,0.048293811451706185,0.9388080526210884,0.7035327177840225,5017.0,0.9517061885482938,0.9362662154540327,0.14041994750656167,0.055064581917063225,None
