Accuracy,Selection rate,Count,tpr,tnr,fpr,fnr,generation
0.9247,0.5025,10000.0,0.9366312346688471,0.91327329678935,0.08672670321064996,0.0633687653311529,None
