difference_Accuracy,difference_Selection rate,difference_Count,difference_tpr,difference_tnr,difference_fpr,difference_fnr,ratio_Accuracy,ratio_Selection rate,ratio_Count,ratio_tpr,ratio_tnr,ratio_fpr,ratio_fnr,group_min_Accuracy,group_min_Selection rate,group_min_Count,group_min_tpr,group_min_tnr,group_min_fpr,group_min_fnr,group_max_Accuracy,group_max_Selection rate,group_max_Count,group_max_tpr,group_max_tnr,group_max_fpr,group_max_fnr,generation
0.019293168243439962,0.3772309822075835,46.0,0.009585199271721634,0.07570904431890979,0.07570904431890978,0.00958519927172162,0.9793501845116559,0.4548552269317238,0.9908421262193908,0.9897973583471951,0.9191227933742904,0.45771196162269273,0.8632699515651475,0.9150090415913201,0.3147521401552857,4977.0,0.9298969072164949,0.8603896103896104,0.06390134529147982,0.060517893511783535,0.9343022098347601,0.6919831223628692,5023.0,0.9394821064882165,0.9360986547085202,0.1396103896103896,0.07010309278350516,None
