Accuracy,Selection rate,Count,tpr,tnr,fpr,fnr,generation
1.0,0.49842501536570377,26032.0,1.0,1.0,0.0,0.0,None
1.0,0.49842501536570377,26032.0,1.0,1.0,0.0,0.0,None
1.0,0.49842501536570377,26032.0,1.0,1.0,0.0,0.0,None
1.0,0.49842501536570377,26032.0,1.0,1.0,0.0,0.0,None
1.0,0.49842501536570377,26032.0,1.0,1.0,0.0,0.0,None
1.0,0.49842501536570377,26032.0,1.0,1.0,0.0,0.0,None
0.9999615857406269,0.5007682851874616,26032.0,1.0,0.9999230591675002,7.694083249980765e-05,0.0,None
1.0,0.5002304855562385,26032.0,1.0,1.0,0.0,0.0,None
1.0,0.5002304855562385,26032.0,1.0,1.0,0.0,0.0,None
