generation,epoch,gen_loss
0,0,86735.97477890052
0,0,0.05146902194815918
0,0,67419.26056311125
0,0,67408.11659535453
0,0,32483.74878347532
0,10,5357.402206458206
0,20,5213.482900008596
0,0,30101.09885128553
0,10,5610.031863634627
0,20,5186.476875286522
0,0,30600.734330827858
0,10,5458.573123997173
0,20,5207.008978286407
0,0,30605.47473592222
0,10,5371.94082604294
0,20,5126.849084084658
