difference_Accuracy,difference_Selection rate,difference_Count,difference_tpr,difference_tnr,difference_fpr,difference_fnr,ratio_Accuracy,ratio_Selection rate,ratio_Count,ratio_tpr,ratio_tnr,ratio_fpr,ratio_fnr,group_min_Accuracy,group_min_Selection rate,group_min_Count,group_min_tpr,group_min_tnr,group_min_fpr,group_min_fnr,group_max_Accuracy,group_max_Selection rate,group_max_Count,group_max_tpr,group_max_tnr,group_max_fpr,group_max_fnr,group_0_Accuracy,group_0_Selection rate,group_0_Count,group_0_tpr,group_0_tnr,group_0_fpr,group_0_fnr,group_1_Accuracy,group_1_Selection rate,group_1_Count,group_1_tpr,group_1_tnr,group_1_fpr,group_1_fnr,generation
0.0016927958195595005,0.3849845862738455,46.0,0.06744313699612159,0.039825141226486505,0.03982514122648652,0.06744313699612166,0.998171023144408,0.4246041183528741,0.9908421262193908,0.927425779005739,0.9581454774974657,0.5490388419941968,0.5117922172668805,0.9238497086598353,0.2840931714115071,4977.0,0.8618556701030928,0.9116883116883117,0.048486547085201795,0.07070119290078557,0.9255425044793948,0.6690777576853526,5023.0,0.9292988070992144,0.9515134529147982,0.08831168831168831,0.13814432989690723,0.9238497086598353,0.6690777576853526,4977.0,0.9292988070992144,0.9116883116883117,0.08831168831168831,0.07070119290078557,0.9255425044793948,0.2840931714115071,5023.0,0.8618556701030928,0.9515134529147982,0.048486547085201795,0.13814432989690723,None
