Accuracy,Selection rate,Count,tpr,tnr,fpr,fnr,generation
0.9278927892789279,0.48444844484448446,9999.0,0.9182389937106918,0.9372781065088758,0.06272189349112427,0.08176100628930817,None
