difference_Accuracy,difference_Selection rate,difference_Count,difference_tpr,difference_tnr,difference_fpr,difference_fnr,ratio_Accuracy,ratio_Selection rate,ratio_Count,ratio_tpr,ratio_tnr,ratio_fpr,ratio_fnr,group_min_Accuracy,group_min_Selection rate,group_min_Count,group_min_tpr,group_min_tnr,group_min_fpr,group_min_fnr,group_max_Accuracy,group_max_Selection rate,group_max_Count,group_max_tpr,group_max_tnr,group_max_fpr,group_max_fnr,group_0_Accuracy,group_0_Selection rate,group_0_Count,group_0_tpr,group_0_tnr,group_0_fpr,group_0_fnr,group_1_Accuracy,group_1_Selection rate,group_1_Count,group_1_tpr,group_1_tnr,group_1_fpr,group_1_fnr,generation
0.007696113423112938,0.4002360661026696,35.0,0.08791641290120655,0.049171518534802505,0.049171518534802436,0.08791641290120664,0.9917401902038026,0.4159413938712654,0.9930237193541958,0.9069152003023967,0.9483524275105422,0.4936662550875749,0.3870851024754741,0.9240582021128164,0.28503089495714573,4982.0,0.8565601631543168,0.9028871391076115,0.047941342357586014,0.055523423944476576,0.9317543155359294,0.6852669610598153,5017.0,0.9444765760555234,0.952058657642414,0.09711286089238845,0.1434398368456832,0.9317543155359294,0.6852669610598153,4982.0,0.9444765760555234,0.9028871391076115,0.09711286089238845,0.055523423944476576,0.9240582021128164,0.28503089495714573,5017.0,0.8565601631543168,0.952058657642414,0.047941342357586014,0.1434398368456832,None
