Accuracy,Selection rate,Count,tpr,tnr,fpr,fnr,generation
0.9247,0.4757,10000.0,0.9092395748160261,0.9395066562255285,0.060493343774471416,0.09076042518397383,None
