Accuracy,Selection rate,Count,tpr,tnr,fpr,fnr,generation
0.9334933493349334,0.49644964496449645,9999.0,0.9360925136944613,0.9309664694280079,0.06903353057199212,0.06390748630553865,None
