difference_Accuracy,difference_Selection rate,difference_Count,difference_tpr,difference_tnr,difference_fpr,difference_fnr,ratio_Accuracy,ratio_Selection rate,ratio_Count,ratio_tpr,ratio_tnr,ratio_fpr,ratio_fnr,group_min_Accuracy,group_min_Selection rate,group_min_Count,group_min_tpr,group_min_tnr,group_min_fpr,group_min_fnr,group_max_Accuracy,group_max_Selection rate,group_max_Count,group_max_tpr,group_max_tnr,group_max_fpr,group_max_fnr,group_0_Accuracy,group_0_Selection rate,group_0_Count,group_0_tpr,group_0_tnr,group_0_fpr,group_0_fnr,group_1_Accuracy,group_1_Selection rate,group_1_Count,group_1_tpr,group_1_tnr,group_1_fpr,group_1_fnr,generation
0.013278320969271729,0.3666780389073033,46.0,0.019067415741571114,0.039858627919165945,0.03985862791916604,0.01906741574157117,0.985766750698111,0.4527866267941084,0.9908421262193908,0.979430411831833,0.957736824839351,0.5880383423119752,0.7929620156418952,0.9196302993771348,0.30340434003583516,4977.0,0.9079037800687285,0.9032467532467533,0.056894618834080715,0.07302880418970031,0.9329086203464065,0.6700823789431385,5023.0,0.9269711958102996,0.9431053811659192,0.09675324675324676,0.09209621993127148,0.9196302993771348,0.6700823789431385,4977.0,0.9269711958102996,0.9032467532467533,0.09675324675324676,0.07302880418970031,0.9329086203464065,0.30340434003583516,5023.0,0.9079037800687285,0.9431053811659192,0.056894618834080715,0.09209621993127148,None
