difference_Accuracy,difference_Selection rate,difference_Count,difference_tpr,difference_tnr,difference_fpr,difference_fnr,ratio_Accuracy,ratio_Selection rate,ratio_Count,ratio_tpr,ratio_tnr,ratio_fpr,ratio_fnr,group_min_Accuracy,group_min_Selection rate,group_min_Count,group_min_tpr,group_min_tnr,group_min_fpr,group_min_fnr,group_max_Accuracy,group_max_Selection rate,group_max_Count,group_max_tpr,group_max_tnr,group_max_fpr,group_max_fnr,group_0_Accuracy,group_0_Selection rate,group_0_Count,group_0_tpr,group_0_tnr,group_0_fpr,group_0_fnr,group_1_Accuracy,group_1_Selection rate,group_1_Count,group_1_tpr,group_1_tnr,group_1_fpr,group_1_fnr,generation
0.004666070326766136,0.3783176141304231,35.0,0.02906215756407171,0.043899969356622326,0.0438999693566223,0.02906215756407176,0.9950139137743588,0.4487340293659644,0.9930237193541958,0.9692387692511295,0.9535037958964807,0.559845044082287,0.6552384372842778,0.9311521477318346,0.30795295993621685,4982.0,0.9157036029911625,0.9002624671916011,0.05583756345177665,0.05523423944476576,0.9358182180586008,0.6862705740666399,5017.0,0.9447657605552342,0.9441624365482234,0.09973753280839895,0.08429639700883752,0.9311521477318346,0.6862705740666399,4982.0,0.9447657605552342,0.9002624671916011,0.09973753280839895,0.05523423944476576,0.9358182180586008,0.30795295993621685,5017.0,0.9157036029911625,0.9441624365482234,0.05583756345177665,0.08429639700883752,None
