Accuracy,Selection rate,Count,tpr,tnr,fpr,fnr,generation
0.9263,0.4859,10000.0,0.9213000817661489,0.9310884886452623,0.06891151135473766,0.07869991823385118,None
