difference_Accuracy,difference_Selection rate,difference_Count,difference_tpr,difference_tnr,difference_fpr,difference_fnr,ratio_Accuracy,ratio_Selection rate,ratio_Count,ratio_tpr,ratio_tnr,ratio_fpr,ratio_fnr,group_min_Accuracy,group_min_Selection rate,group_min_Count,group_min_tpr,group_min_tnr,group_min_fpr,group_min_fnr,group_max_Accuracy,group_max_Selection rate,group_max_Count,group_max_tpr,group_max_tnr,group_max_fpr,group_max_fnr,group_0_Accuracy,group_0_Selection rate,group_0_Count,group_0_tpr,group_0_tnr,group_0_fpr,group_0_fnr,group_1_Accuracy,group_1_Selection rate,group_1_Count,group_1_tpr,group_1_tnr,group_1_fpr,group_1_fnr,generation
0.008233134213119886,0.359682490881507,46.0,0.011271317689945826,0.021854434802865308,0.021854434802865294,0.011271317689945784,0.9911973109509363,0.46080127797672876,0.9908421262193908,0.9878825402251036,0.976799576502046,0.7263753691348573,0.861018921704482,0.9270644966847499,0.30738602428827394,4977.0,0.9189003436426116,0.9201298701298701,0.058015695067264575,0.06982833866744254,0.9352976308978698,0.6670685151697809,5023.0,0.9301716613325575,0.9419843049327354,0.07987012987012987,0.08109965635738832,0.9270644966847499,0.6670685151697809,4977.0,0.9301716613325575,0.9201298701298701,0.07987012987012987,0.06982833866744254,0.9352976308978698,0.30738602428827394,5023.0,0.9189003436426116,0.9419843049327354,0.058015695067264575,0.08109965635738832,None
