Accuracy,Selection rate,Count,tpr,tnr,fpr,fnr,generation
0.9312,0.4864,10000.0,0.9268192968111202,0.9353954581049334,0.06460454189506656,0.0731807031888798,None
