Accuracy,Selection rate,Count,tpr,tnr,fpr,fnr,generation
0.9373937393739374,0.49334933493349337,9999.0,0.9369040373300872,0.9378698224852071,0.0621301775147929,0.06309596266991276,None
