difference_Accuracy,difference_Selection rate,difference_Count,difference_tpr,difference_tnr,difference_fpr,difference_fnr,ratio_Accuracy,ratio_Selection rate,ratio_Count,ratio_tpr,ratio_tnr,ratio_fpr,ratio_fnr,group_min_Accuracy,group_min_Selection rate,group_min_Count,group_min_tpr,group_min_tnr,group_min_fpr,group_min_fnr,group_max_Accuracy,group_max_Selection rate,group_max_Count,group_max_tpr,group_max_tnr,group_max_fpr,group_max_fnr,group_0_Accuracy,group_0_Selection rate,group_0_Count,group_0_tpr,group_0_tnr,group_0_fpr,group_0_fnr,group_1_Accuracy,group_1_Selection rate,group_1_Count,group_1_tpr,group_1_tnr,group_1_fpr,group_1_fnr,generation
0.004038697173088024,0.37129512367704925,35.0,0.020528954032836166,0.028439497093320165,0.028439497093320193,0.020528954032836104,0.9957007970045868,0.45369394383961625,0.9930237193541958,0.9782308730311109,0.969950400270288,0.6532656514382402,0.7351044615587552,0.9353673223604978,0.3083516045445485,4982.0,0.9225016995241332,0.9179790026246719,0.05358150028200789,0.05696934644303065,0.9394060195335858,0.6796467282215978,5017.0,0.9430306535569694,0.9464184997179921,0.08202099737532809,0.07749830047586675,0.9353673223604978,0.6796467282215978,4982.0,0.9430306535569694,0.9179790026246719,0.08202099737532809,0.05696934644303065,0.9394060195335858,0.3083516045445485,5017.0,0.9225016995241332,0.9464184997179921,0.05358150028200789,0.07749830047586675,None
