difference_Accuracy,difference_Selection rate,difference_Count,difference_tpr,difference_tnr,difference_fpr,difference_fnr,ratio_Accuracy,ratio_Selection rate,ratio_Count,ratio_tpr,ratio_tnr,ratio_fpr,ratio_fnr,group_min_Accuracy,group_min_Selection rate,group_min_Count,group_min_tpr,group_min_tnr,group_min_fpr,group_min_fnr,group_max_Accuracy,group_max_Selection rate,group_max_Count,group_max_tpr,group_max_tnr,group_max_fpr,group_max_fnr,group_0_Accuracy,group_0_Selection rate,group_0_Count,group_0_tpr,group_0_tnr,group_0_fpr,group_0_fnr,group_1_Accuracy,group_1_Selection rate,group_1_Count,group_1_tpr,group_1_tnr,group_1_fpr,group_1_fnr,generation
0.007230352994269329,0.36187241722034835,46.0,0.015976931852380694,0.021957078795643903,0.02195707879564382,0.015976931852380652,0.992267817098102,0.4575183673175681,0.9908421262193908,0.9828344123861731,0.9767252355487649,0.7205462698736241,0.8125287431837593,0.9278681936909785,0.3051960979494326,4977.0,0.9147766323024055,0.9214285714285714,0.05661434977578475,0.06924643584521385,0.9350985466852478,0.6670685151697809,5023.0,0.9307535641547862,0.9433856502242153,0.07857142857142857,0.0852233676975945,0.9278681936909785,0.6670685151697809,4977.0,0.9307535641547862,0.9214285714285714,0.07857142857142857,0.06924643584521385,0.9350985466852478,0.3051960979494326,5023.0,0.9147766323024055,0.9433856502242153,0.05661434977578475,0.0852233676975945,None
