Accuracy,Selection rate,Count,tpr,tnr,fpr,fnr,generation
0.9374937493749375,0.49204920492049203,9999.0,0.9356867518766484,0.939250493096647,0.060749506903353054,0.0643132481233516,None
