difference_Accuracy,difference_Selection rate,difference_Count,difference_tpr,difference_tnr,difference_fpr,difference_fnr,ratio_Accuracy,ratio_Selection rate,ratio_Count,ratio_tpr,ratio_tnr,ratio_fpr,ratio_fnr,group_min_Accuracy,group_min_Selection rate,group_min_Count,group_min_tpr,group_min_tnr,group_min_fpr,group_min_fnr,group_max_Accuracy,group_max_Selection rate,group_max_Count,group_max_tpr,group_max_tnr,group_max_fpr,group_max_fnr,group_0_Accuracy,group_0_Selection rate,group_0_Count,group_0_tpr,group_0_tnr,group_0_fpr,group_0_fnr,group_1_Accuracy,group_1_Selection rate,group_1_Count,group_1_tpr,group_1_tnr,group_1_fpr,group_1_fnr,generation
0.0022377949496000804,0.3718860891035513,35.0,0.02460781195261852,0.025722672990749262,0.02572267299074925,0.024607811952618568,0.997615838338895,0.4520152333883784,0.9930237193541958,0.9739056075645033,0.9728372250073862,0.6733220530174845,0.6983492384808174,0.9363709353673224,0.30675702611122185,4982.0,0.9184228416043508,0.9212598425196851,0.05301748448956571,0.05696934644303065,0.9386087303169225,0.6786431152147732,5017.0,0.9430306535569694,0.9469825155104343,0.07874015748031496,0.08157715839564922,0.9363709353673224,0.6786431152147732,4982.0,0.9430306535569694,0.9212598425196851,0.07874015748031496,0.05696934644303065,0.9386087303169225,0.30675702611122185,5017.0,0.9184228416043508,0.9469825155104343,0.05301748448956571,0.08157715839564922,None
