Accuracy,Selection rate,Count,tpr,tnr,fpr,fnr,generation
0.9315,0.4853,10000.0,0.9260016353229763,0.9367658574784652,0.06323414252153485,0.07399836467702371,None
