generation,epoch,gen_loss
0,0,0.5513192524418891
0,10,0.526833042795272
0,20,0.52507829208091
