Accuracy,Selection rate,Count,tpr,tnr,fpr,fnr,generation
0.9212,0.509,10000.0,0.9396974652493868,0.9034847298355521,0.09651527016444793,0.06030253475061324,None
