difference_Accuracy,difference_Selection rate,difference_Count,difference_tpr,difference_tnr,difference_fpr,difference_fnr,ratio_Accuracy,ratio_Selection rate,ratio_Count,ratio_tpr,ratio_tnr,ratio_fpr,ratio_fnr,group_min_Accuracy,group_min_Selection rate,group_min_Count,group_min_tpr,group_min_tnr,group_min_fpr,group_min_fnr,group_max_Accuracy,group_max_Selection rate,group_max_Count,group_max_tpr,group_max_tnr,group_max_fpr,group_max_fnr,group_0_Accuracy,group_0_Selection rate,group_0_Count,group_0_tpr,group_0_tnr,group_0_fpr,group_0_fnr,group_1_Accuracy,group_1_Selection rate,group_1_Count,group_1_tpr,group_1_tnr,group_1_fpr,group_1_fnr,generation
0.014725271586746747,0.37309069459909777,46.0,0.007101813997062445,0.07471026731116415,0.07471026731116416,0.0071018139970624936,0.9841412866251653,0.4642607077265697,0.9908421262193908,0.9924593961359581,0.9193201471651835,0.49758160847514055,0.8912301119397271,0.9138034960819771,0.32331276129802905,4977.0,0.9347079037800687,0.8512987012987013,0.07399103139013453,0.05819028222286878,0.9285287676687238,0.6964034558971268,5023.0,0.9418097177771312,0.9260089686098655,0.1487012987012987,0.06529209621993128,0.9138034960819771,0.6964034558971268,4977.0,0.9418097177771312,0.8512987012987013,0.1487012987012987,0.05819028222286878,0.9285287676687238,0.32331276129802905,5023.0,0.9347079037800687,0.9260089686098655,0.07399103139013453,0.06529209621993128,None
