Accuracy,Selection rate,Count,tpr,tnr,fpr,fnr,generation
0.9284928492849285,0.5168516851685169,9999.0,0.9517143436802596,0.9059171597633137,0.0940828402366864,0.048285656319740314,None
