difference_Accuracy,difference_Selection rate,difference_Count,difference_tpr,difference_tnr,difference_fpr,difference_fnr,ratio_Accuracy,ratio_Selection rate,ratio_Count,ratio_tpr,ratio_tnr,ratio_fpr,ratio_fnr,group_min_Accuracy,group_min_Selection rate,group_min_Count,group_min_tpr,group_min_tnr,group_min_fpr,group_min_fnr,group_max_Accuracy,group_max_Selection rate,group_max_Count,group_max_tpr,group_max_tnr,group_max_fpr,group_max_fnr,group_0_Accuracy,group_0_Selection rate,group_0_Count,group_0_tpr,group_0_tnr,group_0_fpr,group_0_fnr,group_1_Accuracy,group_1_Selection rate,group_1_Count,group_1_tpr,group_1_tnr,group_1_fpr,group_1_fnr,generation
0.017902559639257798,0.3872614323664054,35.0,0.008693621309457278,0.09345897118190183,0.09345897118190175,0.008693621309457299,0.980902159959567,0.455451183728639,0.9930237193541958,0.9908901386399687,0.8999379493324203,0.4138622548098014,0.8401460381723539,0.9195102368526696,0.32389874426948373,4982.0,0.9456152277362339,0.8405511811023622,0.06598984771573604,0.04569115095430885,0.9374127964919274,0.7111601766358892,5017.0,0.9543088490456911,0.934010152284264,0.1594488188976378,0.054384772263766146,0.9195102368526696,0.7111601766358892,4982.0,0.9543088490456911,0.8405511811023622,0.1594488188976378,0.04569115095430885,0.9374127964919274,0.32389874426948373,5017.0,0.9456152277362339,0.934010152284264,0.06598984771573604,0.054384772263766146,None
