Accuracy,Selection rate,Count,tpr,tnr,fpr,fnr,generation
0.9324,0.487,10000.0,0.928659035159444,0.9359827721221613,0.06401722787783869,0.071340964840556,None
