Accuracy,Selection rate,Count,tpr,tnr,fpr,fnr,generation
0.9392939293929393,0.49424942494249424,9999.0,0.9397443700547778,0.9388560157790927,0.0611439842209073,0.060255629945222156,None
