difference_Accuracy,difference_Selection rate,difference_Count,difference_tpr,difference_tnr,difference_fpr,difference_fnr,ratio_Accuracy,ratio_Selection rate,ratio_Count,ratio_tpr,ratio_tnr,ratio_fpr,ratio_fnr,group_min_Accuracy,group_min_Selection rate,group_min_Count,group_min_tpr,group_min_tnr,group_min_fpr,group_min_fnr,group_max_Accuracy,group_max_Selection rate,group_max_Count,group_max_tpr,group_max_tnr,group_max_fpr,group_max_fnr,generation
0.004625461707992828,0.37510185161698717,35.0,0.021670554569763856,0.03266406420009682,0.032664064200096814,0.021670554569763842,0.9950876500023286,0.4503654633071088,0.9930237193541958,0.9770975618269427,0.9655687361315269,0.6110934856175974,0.7128163443952917,0.9369731031714171,0.3073549930237194,4982.0,0.9245411284840245,0.916010498687664,0.05132543711223914,0.05378831694621168,0.94159856487941,0.6824568446407066,5017.0,0.9462116830537883,0.9486745628877609,0.08398950131233596,0.07545887151597552,None
