difference_Accuracy,difference_Selection rate,difference_Count,difference_tpr,difference_tnr,difference_fpr,difference_fnr,ratio_Accuracy,ratio_Selection rate,ratio_Count,ratio_tpr,ratio_tnr,ratio_fpr,ratio_fnr,group_min_Accuracy,group_min_Selection rate,group_min_Count,group_min_tpr,group_min_tnr,group_min_fpr,group_min_fnr,group_max_Accuracy,group_max_Selection rate,group_max_Count,group_max_tpr,group_max_tnr,group_max_fpr,group_max_fnr,generation
0.008222093979508571,0.3616880533192082,46.0,0.011933407121010875,0.02362486168539979,0.023624861685399803,0.011933407121010792,0.9912203277935647,0.4590981245884317,0.9908421262193908,0.9871987764435348,0.9749499237760754,0.706594459713583,0.8503180399907698,0.9282700421940928,0.30698785586303007,4977.0,0.920274914089347,0.9194805194805195,0.056894618834080715,0.06779167878964212,0.9364921361736014,0.6686759091822383,5023.0,0.9322083212103579,0.9431053811659192,0.08051948051948052,0.07972508591065292,None
