Accuracy,Selection rate,Count,tpr,tnr,fpr,fnr,generation
0.9244,0.5026,10000.0,0.9364268192968112,0.9128817541111981,0.08711824588880188,0.06357318070318888,None
