difference_Accuracy,difference_Selection rate,difference_Count,difference_tpr,difference_tnr,difference_fpr,difference_fnr,ratio_Accuracy,ratio_Selection rate,ratio_Count,ratio_tpr,ratio_tnr,ratio_fpr,ratio_fnr,group_min_Accuracy,group_min_Selection rate,group_min_Count,group_min_tpr,group_min_tnr,group_min_fpr,group_min_fnr,group_max_Accuracy,group_max_Selection rate,group_max_Count,group_max_tpr,group_max_tnr,group_max_fpr,group_max_fnr,group_0_Accuracy,group_0_Selection rate,group_0_Count,group_0_tpr,group_0_tnr,group_0_fpr,group_0_fnr,group_1_Accuracy,group_1_Selection rate,group_1_Count,group_1_tpr,group_1_tnr,group_1_fpr,group_1_fnr,generation
0.012268323829049521,0.37880867835389376,35.0,0.007841205272240304,0.06562901084064998,0.06562901084064998,0.007841205272240373,0.9869403393485378,0.45847207014086117,0.9930237193541958,0.9917583927564112,0.9300088804688887,0.4870840383530739,0.861031169211258,0.9271376957045363,0.3207095874028304,4982.0,0.9435757987763427,0.8720472440944882,0.06232374506486182,0.048582995951417005,0.9394060195335858,0.6995182657567242,5017.0,0.951417004048583,0.9376762549351382,0.1279527559055118,0.05642420122365738,0.9271376957045363,0.6995182657567242,4982.0,0.951417004048583,0.8720472440944882,0.1279527559055118,0.048582995951417005,0.9394060195335858,0.3207095874028304,5017.0,0.9435757987763427,0.9376762549351382,0.06232374506486182,0.05642420122365738,None
