Accuracy,Selection rate,Count,tpr,tnr,fpr,fnr,generation
0.9332933293329333,0.5094509450945095,9999.0,0.9490768918644755,0.9179487179487179,0.08205128205128205,0.05092310813552445,None
