difference_Accuracy,difference_Selection rate,difference_Count,difference_tpr,difference_tnr,difference_fpr,difference_fnr,ratio_Accuracy,ratio_Selection rate,ratio_Count,ratio_tpr,ratio_tnr,ratio_fpr,ratio_fnr,group_min_Accuracy,group_min_Selection rate,group_min_Count,group_min_tpr,group_min_tnr,group_min_fpr,group_min_fnr,group_max_Accuracy,group_max_Selection rate,group_max_Count,group_max_tpr,group_max_tnr,group_max_fpr,group_max_fnr,group_0_Accuracy,group_0_Selection rate,group_0_Count,group_0_tpr,group_0_tnr,group_0_fpr,group_0_fnr,group_1_Accuracy,group_1_Selection rate,group_1_Count,group_1_tpr,group_1_tnr,group_1_fpr,group_1_fnr,generation
0.019095924069753356,0.37743190645914065,46.0,0.010272484495089329,0.07607812590996454,0.07607812590996446,0.010272484495089315,0.9795525843951458,0.4547231934841384,0.9908421262193908,0.989065800802223,0.9187041769252011,0.45759113934562373,0.8548886898994664,0.9148081173397629,0.3147521401552857,4977.0,0.9292096219931272,0.8597402597402597,0.06418161434977579,0.060517893511783535,0.9339040414095162,0.6921840466144263,5023.0,0.9394821064882165,0.9358183856502242,0.14025974025974025,0.07079037800687285,0.9148081173397629,0.6921840466144263,4977.0,0.9394821064882165,0.8597402597402597,0.14025974025974025,0.060517893511783535,0.9339040414095162,0.3147521401552857,5023.0,0.9292096219931272,0.9358183856502242,0.06418161434977579,0.07079037800687285,None
