generation,epoch,gen_loss
0,0,76599.91351941167
0,10,27462.45358338648
0,20,26460.247982103
