Accuracy,Selection rate,Count,tpr,tnr,fpr,fnr,generation
0.9291,0.4981,10000.0,0.9366312346688471,0.9218872357086922,0.07811276429130776,0.0633687653311529,None
