Accuracy,Selection rate,Count,tpr,tnr,fpr,fnr,generation
0.9378937893789379,0.5076507650765076,9999.0,0.9519172245891662,0.9242603550295858,0.0757396449704142,0.04808277541083384,None
