difference_Accuracy,difference_Selection rate,difference_Count,difference_tpr,difference_tnr,difference_fpr,difference_fnr,ratio_Accuracy,ratio_Selection rate,ratio_Count,ratio_tpr,ratio_tnr,ratio_fpr,ratio_fnr,group_min_Accuracy,group_min_Selection rate,group_min_Count,group_min_tpr,group_min_tnr,group_min_fpr,group_min_fnr,group_max_Accuracy,group_max_Selection rate,group_max_Count,group_max_tpr,group_max_tnr,group_max_fpr,group_max_fnr,generation
0.01023589246581691,0.37999621039569437,35.0,0.008982805809168104,0.05870427364092179,0.058704273640921796,0.008982805809168111,0.989145323927076,0.4558375624629637,0.9930237193541958,0.9905899598642522,0.9376750436135602,0.49738588186087185,0.8348286581839214,0.932757928542754,0.31831771975284034,4982.0,0.9456152277362339,0.8832020997375328,0.0580936266215454,0.045401966454598035,0.9429938210085709,0.6983139301485347,5017.0,0.954598033545402,0.9419063733784546,0.1167979002624672,0.054384772263766146,None
