difference_Accuracy,difference_Selection rate,difference_Count,difference_tpr,difference_tnr,difference_fpr,difference_fnr,ratio_Accuracy,ratio_Selection rate,ratio_Count,ratio_tpr,ratio_tnr,ratio_fpr,ratio_fnr,group_min_Accuracy,group_min_Selection rate,group_min_Count,group_min_tpr,group_min_tnr,group_min_fpr,group_min_fnr,group_max_Accuracy,group_max_Selection rate,group_max_Count,group_max_tpr,group_max_tnr,group_max_fpr,group_max_fnr,generation
0.01885267892268605,0.3687903236032474,46.0,0.00019716707309880288,0.05736343253159393,0.05736343253159396,0.000197167073098789,0.9799115387720297,0.46031477783788227,0.9908421262193908,0.9997895245111088,0.9389218957705977,0.514617109348051,0.9968914530722911,0.9196302993771348,0.31455305594266375,4977.0,0.936572592377073,0.8818181818181818,0.06081838565022422,0.06323024054982818,0.9384829782998209,0.6833433795459112,5023.0,0.9367697594501718,0.9391816143497758,0.11818181818181818,0.06342740762292697,None
