difference_Accuracy,difference_Selection rate,difference_Count,difference_tpr,difference_tnr,difference_fpr,difference_fnr,ratio_Accuracy,ratio_Selection rate,ratio_Count,ratio_tpr,ratio_tnr,ratio_fpr,ratio_fnr,group_min_Accuracy,group_min_Selection rate,group_min_Count,group_min_tpr,group_min_tnr,group_min_fpr,group_min_fnr,group_max_Accuracy,group_max_Selection rate,group_max_Count,group_max_tpr,group_max_tnr,group_max_fpr,group_max_fnr,generation
0.007637721614189297,0.362235624905823,46.0,0.020732937599420853,0.019934045774852915,0.01993404577485295,0.020732937599420895,0.991826954480598,0.4538483171292696,0.9908421262193908,0.9776406945311549,0.9789260221260222,0.7307155219888286,0.7781880573003133,0.9268635724331927,0.3010153294843719,4977.0,0.9065292096219931,0.925974025974026,0.05409192825112107,0.07273785277858598,0.934501294047382,0.6632509543901949,5023.0,0.927262147221414,0.9459080717488789,0.07402597402597402,0.09347079037800687,None
