difference_Accuracy,difference_Selection rate,difference_Count,difference_tpr,difference_tnr,difference_fpr,difference_fnr,ratio_Accuracy,ratio_Selection rate,ratio_Count,ratio_tpr,ratio_tnr,ratio_fpr,ratio_fnr,group_min_Accuracy,group_min_Selection rate,group_min_Count,group_min_tpr,group_min_tnr,group_min_fpr,group_min_fnr,group_max_Accuracy,group_max_Selection rate,group_max_Count,group_max_tpr,group_max_tnr,group_max_fpr,group_max_fnr,generation
0.002639240152329969,0.37346946515928536,35.0,0.02860036668044108,0.026010232223510066,0.026010232223510135,0.028600366680441094,0.9971881359430369,0.4483768528243226,0.9930237193541958,0.9696252862466322,0.9725988462672113,0.6612000520629961,0.6713192235396184,0.9359694901645925,0.30356786924456847,4982.0,0.9129843643779741,0.9232283464566929,0.050761421319796954,0.05841526894158473,0.9386087303169225,0.6770373344038538,5017.0,0.9415847310584152,0.949238578680203,0.07677165354330709,0.08701563562202583,None
