Accuracy,Selection rate,Count,tpr,tnr,fpr,fnr,generation
0.9372937293729373,0.4896489648964896,9999.0,0.9330493000608643,0.9414201183431953,0.058579881656804736,0.06695069993913573,None
