Accuracy,Selection rate,Count,tpr,tnr,fpr,fnr,generation
0.9307,0.4813,10000.0,0.9210956663941129,0.9398981989036805,0.0601018010963195,0.07890433360588717,None
