Accuracy,Selection rate,Count,tpr,tnr,fpr,fnr,generation
0.9261,0.4757,10000.0,0.910670482420278,0.9408770555990603,0.0591229444009397,0.08932951757972199,None
