difference_Accuracy,difference_Selection rate,difference_Count,difference_tpr,difference_tnr,difference_fpr,difference_fnr,ratio_Accuracy,ratio_Selection rate,ratio_Count,ratio_tpr,ratio_tnr,ratio_fpr,ratio_fnr,group_min_Accuracy,group_min_Selection rate,group_min_Count,group_min_tpr,group_min_tnr,group_min_fpr,group_min_fnr,group_max_Accuracy,group_max_Selection rate,group_max_Count,group_max_tpr,group_max_tnr,group_max_fpr,group_max_fnr,group_0_Accuracy,group_0_Selection rate,group_0_Count,group_0_tpr,group_0_tnr,group_0_fpr,group_0_fnr,group_1_Accuracy,group_1_Selection rate,group_1_Count,group_1_tpr,group_1_tnr,group_1_fpr,group_1_fnr,generation
0.0044499444562113855,0.3652216346397359,35.0,0.024495755416360843,0.01364074414556049,0.013640744145560484,0.0244957554163608,0.9952559771914975,0.45178240922712737,0.9930237193541958,0.9737181749209507,0.9856511187362333,0.7834531866892274,0.735049586636274,0.9335608189482135,0.3009766792904126,4982.0,0.9075458871515976,0.937007874015748,0.049351381838691484,0.06795835743204165,0.9380107634044249,0.6661983139301485,5017.0,0.9320416425679584,0.9506486181613085,0.06299212598425197,0.09245411284840245,0.9335608189482135,0.6661983139301485,4982.0,0.9320416425679584,0.937007874015748,0.06299212598425197,0.06795835743204165,0.9380107634044249,0.3009766792904126,5017.0,0.9075458871515976,0.9506486181613085,0.049351381838691484,0.09245411284840245,None
