Accuracy,Selection rate,Count,tpr,tnr,fpr,fnr,generation
0.9357935793579358,0.4829482948294829,9999.0,0.9247311827956989,0.9465483234714004,0.053451676528599605,0.07526881720430108,None
