difference_Accuracy,difference_Selection rate,difference_Count,difference_tpr,difference_tnr,difference_fpr,difference_fnr,ratio_Accuracy,ratio_Selection rate,ratio_Count,ratio_tpr,ratio_tnr,ratio_fpr,ratio_fnr,group_min_Accuracy,group_min_Selection rate,group_min_Count,group_min_tpr,group_min_tnr,group_min_fpr,group_min_fnr,group_max_Accuracy,group_max_Selection rate,group_max_Count,group_max_tpr,group_max_tnr,group_max_fpr,group_max_fnr,group_0_Accuracy,group_0_Selection rate,group_0_Count,group_0_tpr,group_0_tnr,group_0_fpr,group_0_fnr,group_1_Accuracy,group_1_Selection rate,group_1_Count,group_1_tpr,group_1_tnr,group_1_fpr,group_1_fnr,generation
0.011280118687311491,0.3557839683887711,46.0,0.018611491880855868,0.01575767282045315,0.015757672820453088,0.018611491880855896,0.9878931546653065,0.456328888341752,0.9908421262193908,0.9796863456352806,0.9833362843439902,0.7753072579305763,0.81825690814332,0.9204339963833634,0.29862631893290864,4977.0,0.8975945017182131,0.9298701298701298,0.05437219730941704,0.08379400640093104,0.9317141150706749,0.6544102873216797,5023.0,0.916205993599069,0.945627802690583,0.07012987012987013,0.10240549828178694,0.9204339963833634,0.6544102873216797,4977.0,0.916205993599069,0.9298701298701298,0.07012987012987013,0.08379400640093104,0.9317141150706749,0.29862631893290864,5023.0,0.8975945017182131,0.945627802690583,0.05437219730941704,0.10240549828178694,None
