generation,epoch,gen_loss
0,0,76709.05653101084
0,10,27643.42354910714
0,20,26744.30003388074
