difference_Accuracy,difference_Selection rate,difference_Count,difference_tpr,difference_tnr,difference_fpr,difference_fnr,ratio_Accuracy,ratio_Selection rate,ratio_Count,ratio_tpr,ratio_tnr,ratio_fpr,ratio_fnr,group_min_Accuracy,group_min_Selection rate,group_min_Count,group_min_tpr,group_min_tnr,group_min_fpr,group_min_fnr,group_max_Accuracy,group_max_Selection rate,group_max_Count,group_max_tpr,group_max_tnr,group_max_fpr,group_max_fnr,generation
0.01745172927859162,0.3665856769529244,46.0,0.0007790698953274999,0.052626521460602205,0.05262652146060218,0.000779069895327486,0.9813924779948279,0.4622761820823152,0.9908421262193908,0.9991683443156996,0.9439153439153439,0.539517937219731,0.9878288034989064,0.9204339963833634,0.31515030858052956,4977.0,0.9359906895548443,0.8857142857142857,0.061659192825112105,0.06323024054982818,0.937885725661955,0.6817359855334539,5023.0,0.9367697594501718,0.9383408071748879,0.11428571428571428,0.06400931044515566,None
