Accuracy,Selection rate,Count,tpr,tnr,fpr,fnr,generation
0.9292,0.4976,10000.0,0.9362224039247752,0.9224745497259201,0.07752545027407988,0.06377759607522486,None
