Accuracy,Selection rate,Count,tpr,tnr,fpr,fnr,generation
0.9382938293829383,0.5072507250725072,9999.0,0.9519172245891662,0.9250493096646942,0.07495069033530571,0.04808277541083384,None
