difference_Accuracy,difference_Selection rate,difference_Count,difference_tpr,difference_tnr,difference_fpr,difference_fnr,ratio_Accuracy,ratio_Selection rate,ratio_Count,ratio_tpr,ratio_tnr,ratio_fpr,ratio_fnr,group_min_Accuracy,group_min_Selection rate,group_min_Count,group_min_tpr,group_min_tnr,group_min_fpr,group_min_fnr,group_max_Accuracy,group_max_Selection rate,group_max_Count,group_max_tpr,group_max_tnr,group_max_fpr,group_max_fnr,generation
0.011433226588011047,0.37799318527364245,35.0,0.005106829197136453,0.057017777600135044,0.057017777600135,0.005106829197136543,0.9878884084053946,0.4576146172139151,0.9930237193541958,0.9946437927316658,0.9394836757347863,0.5034566110708243,0.9011559769870019,0.932557205941389,0.31891568666533787,4982.0,0.9483344663494222,0.8851706036745407,0.05781161872532431,0.0465587044534413,0.9439904325294001,0.6969088719389803,5017.0,0.9534412955465587,0.9421883812746757,0.11482939632545931,0.05166553365057784,None
