Accuracy,Selection rate,Count,tpr,tnr,fpr,fnr,generation
0.6981844242713808,0.5419015766841854,20930.0,0.6982248520710059,0.698122350090854,0.30187764990914595,0.30177514792899407,None
0.8889632107023412,0.6073100812231247,20930.0,0.9100023683587274,0.8567106377828876,0.14328936221711244,0.0899976316412726,None
0.8903487816531295,0.6074534161490683,20930.0,0.9110059171597633,0.8586311326468806,0.14136886735311932,0.08899408284023669,None
0.8951266125179169,0.6132345914954611,20930.0,0.9190956357334173,0.8581835842642059,0.14181641573579407,0.08090436426658264,None
0.9024366937410415,0.6248447204968944,20930.0,0.9346935560107137,0.8527197668771248,0.1472802331228752,0.06530644398928628,None
