Accuracy,Selection rate,Count,tpr,tnr,fpr,fnr,generation
0.5078365089121082,0.5015749846342963,26032.0,0.507646214343674,0.5081410448506642,0.49185895514933575,0.4923537856563261,None
0.871120159803319,0.6106714812538414,26032.0,0.8909113576860741,0.8393393393393394,0.16066066066066065,0.10908864231392594,None
0.8723110018438844,0.6113245236631838,26032.0,0.8915775068424981,0.8412012856568903,0.1587987143431097,0.10842249315750187,None
0.8765749846342963,0.6150507068223725,26032.0,0.8977004350528278,0.8423858378595857,0.1576141621404144,0.10229956494717216,None
0.8899815611555009,0.6387523048555623,26032.0,0.9277190801740212,0.8289076644538322,0.17109233554616776,0.07228091982597887,None
