difference_Accuracy,difference_Selection rate,difference_Count,difference_tpr,difference_tnr,difference_fpr,difference_fnr,ratio_Accuracy,ratio_Selection rate,ratio_Count,ratio_tpr,ratio_tnr,ratio_fpr,ratio_fnr,group_min_Accuracy,group_min_Selection rate,group_min_Count,group_min_tpr,group_min_tnr,group_min_fpr,group_min_fnr,group_max_Accuracy,group_max_Selection rate,group_max_Count,group_max_tpr,group_max_tnr,group_max_fpr,group_max_fnr,generation
0.011647952161366715,0.38061378146897895,35.0,0.007232561348987754,0.06497839419818718,0.06497839419818716,0.007232561348987698,0.9876348336873515,0.45713774426611703,0.9930237193541958,0.992425742839249,0.930848323581401,0.48153365048148045,0.8618298994238843,0.930349257326375,0.32051026509866454,4982.0,0.947654656696125,0.8746719160104987,0.06034968979131416,0.045112781954887216,0.9419972094877417,0.7011240465676435,5017.0,0.9548872180451128,0.9396503102086858,0.12532808398950132,0.052345343303874914,None
