difference_Accuracy,difference_Selection rate,difference_Count,difference_tpr,difference_tnr,difference_fpr,difference_fnr,ratio_Accuracy,ratio_Selection rate,ratio_Count,ratio_tpr,ratio_tnr,ratio_fpr,ratio_fnr,group_min_Accuracy,group_min_Selection rate,group_min_Count,group_min_tpr,group_min_tnr,group_min_fpr,group_min_fnr,group_max_Accuracy,group_max_Selection rate,group_max_Count,group_max_tpr,group_max_tnr,group_max_fpr,group_max_fnr,generation
0.019472012027774488,0.3718133875712811,46.0,0.0023412090180939815,0.06579115951313264,0.0657911595131326,0.0023412090180939815,0.9792119199967032,0.45907184158366976,0.9908421262193908,0.9975033399332334,0.9298017771701982,0.4882909815645242,0.963761073177375,0.9172192083584488,0.31554847700577343,4977.0,0.9353951890034364,0.8714285714285714,0.06278026905829596,0.0622636019784696,0.9366912203862233,0.6873618645770545,5023.0,0.9377363980215304,0.9372197309417041,0.12857142857142856,0.06460481099656358,None
