Accuracy,Selection rate,Count,tpr,tnr,fpr,fnr,generation
0.9361936193619362,0.5101510151015102,9999.0,0.952728748224792,0.9201183431952663,0.07988165680473373,0.047271251775207954,None
