Accuracy,Selection rate,Count,tpr,tnr,fpr,fnr,generation
0.927,0.5006,10000.0,0.9370400654129191,0.9173844949099452,0.08261550509005482,0.06295993458708095,None
