difference_Accuracy,difference_Selection rate,difference_Count,difference_tpr,difference_tnr,difference_fpr,difference_fnr,ratio_Accuracy,ratio_Selection rate,ratio_Count,ratio_tpr,ratio_tnr,ratio_fpr,ratio_fnr,group_min_Accuracy,group_min_Selection rate,group_min_Count,group_min_tpr,group_min_tnr,group_min_fpr,group_min_fnr,group_max_Accuracy,group_max_Selection rate,group_max_Count,group_max_tpr,group_max_tnr,group_max_fpr,group_max_fnr,group_0_Accuracy,group_0_Selection rate,group_0_Count,group_0_tpr,group_0_tnr,group_0_fpr,group_0_fnr,group_1_Accuracy,group_1_Selection rate,group_1_Count,group_1_tpr,group_1_tnr,group_1_fpr,group_1_fnr,generation
0.013253732972286048,0.3822223628742964,35.0,0.00684193619540141,0.07060189811298967,0.07060189811298968,0.006841936195401438,0.9859301780952267,0.4563997111505153,0.9930237193541958,0.9928369920182567,0.9248410895500866,0.4620135363790186,0.8675725244284801,0.9287434765154556,0.3209089097069962,4982.0,0.9483344663494222,0.868766404199475,0.06063169768753525,0.0448235974551764,0.9419972094877417,0.7031312725812926,5017.0,0.9551764025448236,0.9393683023124647,0.13123359580052493,0.05166553365057784,0.9287434765154556,0.7031312725812926,4982.0,0.9551764025448236,0.868766404199475,0.13123359580052493,0.0448235974551764,0.9419972094877417,0.3209089097069962,5017.0,0.9483344663494222,0.9393683023124647,0.06063169768753525,0.05166553365057784,None
