difference_Accuracy,difference_Selection rate,difference_Count,difference_tpr,difference_tnr,difference_fpr,difference_fnr,ratio_Accuracy,ratio_Selection rate,ratio_Count,ratio_tpr,ratio_tnr,ratio_fpr,ratio_fnr,group_min_Accuracy,group_min_Selection rate,group_min_Count,group_min_tpr,group_min_tnr,group_min_fpr,group_min_fnr,group_max_Accuracy,group_max_Selection rate,group_max_Count,group_max_tpr,group_max_tnr,group_max_fpr,group_max_fnr,group_0_Accuracy,group_0_Selection rate,group_0_Count,group_0_tpr,group_0_tnr,group_0_fpr,group_0_fnr,group_1_Accuracy,group_1_Selection rate,group_1_Count,group_1_tpr,group_1_tnr,group_1_fpr,group_1_fnr,generation
0.02046743309088428,0.3720198319396439,46.0,0.00017397094685189796,0.06737012987012991,0.06737012987012986,0.00017397094685187714,0.9781724168969189,0.45940359020040655,0.9908421262193908,0.9998145928234635,0.928138528138528,0.48125000000000007,0.9971874696925613,0.9172192083584488,0.31614572964363924,4977.0,0.9381443298969072,0.8701298701298701,0.0625,0.06168169915624091,0.9376866414493331,0.6881655615832831,5023.0,0.9383183008437591,0.9375,0.12987012987012986,0.061855670103092786,0.9172192083584488,0.6881655615832831,4977.0,0.9383183008437591,0.8701298701298701,0.12987012987012986,0.06168169915624091,0.9376866414493331,0.31614572964363924,5023.0,0.9381443298969072,0.9375,0.0625,0.061855670103092786,None
