Accuracy,Selection rate,Count,tpr,tnr,fpr,fnr,generation
0.9275,0.5013,10000.0,0.9382665576451349,0.9171887235708692,0.08281127642913078,0.06173344235486509,None
