difference_Accuracy,difference_Selection rate,difference_Count,difference_tpr,difference_tnr,difference_fpr,difference_fnr,ratio_Accuracy,ratio_Selection rate,ratio_Count,ratio_tpr,ratio_tnr,ratio_fpr,ratio_fnr,group_min_Accuracy,group_min_Selection rate,group_min_Count,group_min_tpr,group_min_tnr,group_min_fpr,group_min_fnr,group_max_Accuracy,group_max_Selection rate,group_max_Count,group_max_tpr,group_max_tnr,group_max_fpr,group_max_fnr,generation
0.00943315960565727,0.3620623012382942,46.0,0.014918508609062298,0.024007774736474308,0.024007774736474287,0.014918508609062284,0.9899207060839786,0.4564150608558099,0.9908421262193908,0.9839414612936589,0.9745892197390269,0.696951040211718,0.826348559790515,0.9264617239300783,0.30400159267370097,4977.0,0.9140893470790378,0.9207792207792208,0.05521300448430493,0.07099214431189992,0.9358948835357356,0.6660638939119952,5023.0,0.9290078556881001,0.9447869955156951,0.07922077922077922,0.0859106529209622,None
