Accuracy,Selection rate,Count,tpr,tnr,fpr,fnr,generation
0.9375937593759376,0.49114911491149116,9999.0,0.9348752282410225,0.9402366863905326,0.059763313609467454,0.06512477175897748,None
