difference_Accuracy,difference_Selection rate,difference_Count,difference_tpr,difference_tnr,difference_fpr,difference_fnr,ratio_Accuracy,ratio_Selection rate,ratio_Count,ratio_tpr,ratio_tnr,ratio_fpr,ratio_fnr,group_min_Accuracy,group_min_Selection rate,group_min_Count,group_min_tpr,group_min_tnr,group_min_fpr,group_min_fnr,group_max_Accuracy,group_max_Selection rate,group_max_Count,group_max_tpr,group_max_tnr,group_max_fpr,group_max_fnr,generation
0.003637251970358246,0.37568021436869764,35.0,0.02829604471881475,0.03088541597274963,0.030885415972749596,0.028296044718814757,0.9961281364024428,0.4472419291243793,0.9930237193541958,0.9700037637530161,0.9674726210159281,0.6204082746574969,0.6670121457489879,0.9357687675632276,0.30396651385290013,4982.0,0.9150237933378654,0.9186351706036745,0.05047941342357586,0.05668016194331984,0.9394060195335858,0.6796467282215978,5017.0,0.9433198380566802,0.9495205865764241,0.08136482939632546,0.0849762066621346,None
