Accuracy,Selection rate,Count,tpr,tnr,fpr,fnr,generation
0.9312,0.4842,10000.0,0.9245707277187244,0.937548942834769,0.06245105716523101,0.07542927228127555,None
