difference_Accuracy,difference_Selection rate,difference_Count,difference_tpr,difference_tnr,difference_fpr,difference_fnr,ratio_Accuracy,ratio_Selection rate,ratio_Count,ratio_tpr,ratio_tnr,ratio_fpr,ratio_fnr,group_min_Accuracy,group_min_Selection rate,group_min_Count,group_min_tpr,group_min_tnr,group_min_fpr,group_min_fnr,group_max_Accuracy,group_max_Selection rate,group_max_Count,group_max_tpr,group_max_tnr,group_max_fpr,group_max_fnr,group_0_Accuracy,group_0_Selection rate,group_0_Count,group_0_tpr,group_0_tnr,group_0_fpr,group_0_fnr,group_1_Accuracy,group_1_Selection rate,group_1_Count,group_1_tpr,group_1_tnr,group_1_fpr,group_1_fnr,generation
0.009234075393035335,0.36226506552878657,46.0,0.015209460020176646,0.02437685632752895,0.02437685632752897,0.015209460020176632,0.990131327510805,0.4564385796994963,0.9908421262193908,0.9836334019757836,0.9741909129446221,0.6947938313463853,0.822961885365144,0.9264617239300783,0.3042006768863229,4977.0,0.9140893470790378,0.9201298701298701,0.0554932735426009,0.07070119290078557,0.9356957993231136,0.6664657424151095,5023.0,0.9292988070992144,0.9445067264573991,0.07987012987012987,0.0859106529209622,0.9264617239300783,0.6664657424151095,4977.0,0.9292988070992144,0.9201298701298701,0.07987012987012987,0.07070119290078557,0.9356957993231136,0.3042006768863229,5023.0,0.9140893470790378,0.9445067264573991,0.0554932735426009,0.0859106529209622,None
