Accuracy,Selection rate,Count,tpr,tnr,fpr,fnr,generation
0.9378937893789379,0.49124912491249123,9999.0,0.9352809900588355,0.9404339250493097,0.059566074950690336,0.06471900994116454,None
