difference_Accuracy,difference_Selection rate,difference_Count,difference_tpr,difference_tnr,difference_fpr,difference_fnr,ratio_Accuracy,ratio_Selection rate,ratio_Count,ratio_tpr,ratio_tnr,ratio_fpr,ratio_fnr,group_min_Accuracy,group_min_Selection rate,group_min_Count,group_min_tpr,group_min_tnr,group_min_fpr,group_min_fnr,group_max_Accuracy,group_max_Selection rate,group_max_Count,group_max_tpr,group_max_tnr,group_max_fpr,group_max_fnr,group_0_Accuracy,group_0_Selection rate,group_0_Count,group_0_tpr,group_0_tnr,group_0_fpr,group_0_fnr,group_1_Accuracy,group_1_Selection rate,group_1_Count,group_1_tpr,group_1_tnr,group_1_fpr,group_1_fnr,generation
0.0034351290717942184,0.3738807124424088,35.0,0.025967431259212748,0.02835289624329962,0.028352896243299536,0.025967431259212727,0.9963440724325007,0.44923899781547,0.9930237193541958,0.9724638524089673,0.9701220296942822,0.6428941002083596,0.6869008903090007,0.9361702127659575,0.3049631253737293,4982.0,0.9170632222977566,0.9206036745406824,0.05104342921601805,0.05696934644303065,0.9396053418377517,0.6788438378161381,5017.0,0.9430306535569694,0.948956570783982,0.07939632545931759,0.08293677770224338,0.9361702127659575,0.6788438378161381,4982.0,0.9430306535569694,0.9206036745406824,0.07939632545931759,0.05696934644303065,0.9396053418377517,0.3049631253737293,5017.0,0.9170632222977566,0.948956570783982,0.05104342921601805,0.08293677770224338,None
