Accuracy,Selection rate,Count,tpr,tnr,fpr,fnr,generation
0.9311,0.4845,10000.0,0.9247751430907605,0.9371574001566171,0.06284259984338293,0.07522485690923958,None
