difference_Accuracy,difference_Selection rate,difference_Count,difference_tpr,difference_tnr,difference_fpr,difference_fnr,ratio_Accuracy,ratio_Selection rate,ratio_Count,ratio_tpr,ratio_tnr,ratio_fpr,ratio_fnr,group_min_Accuracy,group_min_Selection rate,group_min_Count,group_min_tpr,group_min_tnr,group_min_fpr,group_min_fnr,group_max_Accuracy,group_max_Selection rate,group_max_Count,group_max_tpr,group_max_tnr,group_max_fpr,group_max_fnr,group_0_Accuracy,group_0_Selection rate,group_0_Count,group_0_tpr,group_0_tnr,group_0_fpr,group_0_fnr,group_1_Accuracy,group_1_Selection rate,group_1_Count,group_1_tpr,group_1_tnr,group_1_fpr,group_1_fnr,generation
0.001668875313401652,0.3726064043515161,46.0,0.04732629650848308,0.025231494962436707,0.025231494962436665,0.04732629650848308,0.9982018960319141,0.43990876639761534,0.9908421262193908,0.9490252331245201,0.9733650964420195,0.6761958146487295,0.6019666969951278,0.9264617239300783,0.29265379255425045,4977.0,0.8810996563573883,0.922077922077922,0.052690582959641255,0.0715740471341286,0.92813059924348,0.6652601969057665,5023.0,0.9284259528658714,0.9473094170403588,0.07792207792207792,0.11890034364261168,0.9264617239300783,0.6652601969057665,4977.0,0.9284259528658714,0.922077922077922,0.07792207792207792,0.0715740471341286,0.92813059924348,0.29265379255425045,5023.0,0.8810996563573883,0.9473094170403588,0.052690582959641255,0.11890034364261168,None
