Accuracy,Selection rate,Count,tpr,tnr,fpr,fnr,generation
0.9273,0.4781,10000.0,0.9143499591169256,0.9397024275646045,0.060297572435395456,0.0856500408830744,None
