difference_Accuracy,difference_Selection rate,difference_Count,difference_tpr,difference_tnr,difference_fpr,difference_fnr,ratio_Accuracy,ratio_Selection rate,ratio_Count,ratio_tpr,ratio_tnr,ratio_fpr,ratio_fnr,group_min_Accuracy,group_min_Selection rate,group_min_Count,group_min_tpr,group_min_tnr,group_min_fpr,group_min_fnr,group_max_Accuracy,group_max_Selection rate,group_max_Count,group_max_tpr,group_max_tnr,group_max_fpr,group_max_fnr,group_0_Accuracy,group_0_Selection rate,group_0_Count,group_0_tpr,group_0_tnr,group_0_fpr,group_0_fnr,group_1_Accuracy,group_1_Selection rate,group_1_Count,group_1_tpr,group_1_tnr,group_1_fpr,group_1_fnr,generation
0.00033659143816688886,0.3832726657905874,35.0,0.047229274357257545,0.037539247949336274,0.037539247949336274,0.047229274357257475,0.9996396091672153,0.4382275901827872,0.9930237193541958,0.9499635935271457,0.9604415532753799,0.5762236009274927,0.5429324830294359,0.9336256727127765,0.2989834562487542,4982.0,0.8966689326988443,0.9114173228346457,0.05104342921601805,0.05610179294389821,0.9339622641509434,0.6822561220393416,5017.0,0.9438982070561018,0.948956570783982,0.08858267716535433,0.10333106730115568,0.9339622641509434,0.6822561220393416,4982.0,0.9438982070561018,0.9114173228346457,0.08858267716535433,0.05610179294389821,0.9336256727127765,0.2989834562487542,5017.0,0.8966689326988443,0.948956570783982,0.05104342921601805,0.10333106730115568,None
