Accuracy,Selection rate,Count,tpr,tnr,fpr,fnr,generation
0.9337933793379338,0.48994899489948995,9999.0,0.9298032055183607,0.9376725838264299,0.06232741617357002,0.07019679448163928,None
