generation,epoch,gen_loss
0,0,77578.81389508929
0,10,27217.69450035874
0,20,26295.36845304528
