Accuracy,Selection rate,Count,tpr,tnr,fpr,fnr,generation
0.9296,0.489,10000.0,0.9278413736713,0.9312842599843383,0.0687157400156617,0.07215862632869992,None
