difference_Accuracy,difference_Selection rate,difference_Count,difference_tpr,difference_tnr,difference_fpr,difference_fnr,ratio_Accuracy,ratio_Selection rate,ratio_Count,ratio_tpr,ratio_tnr,ratio_fpr,ratio_fnr,group_min_Accuracy,group_min_Selection rate,group_min_Count,group_min_tpr,group_min_tnr,group_min_fpr,group_min_fnr,group_max_Accuracy,group_max_Selection rate,group_max_Count,group_max_tpr,group_max_tnr,group_max_fpr,group_max_fnr,generation
0.00824785452460175,0.3609064367802023,46.0,0.011747838111035525,0.02712422107040946,0.02712422107040941,0.011747838111035469,0.9911665302181077,0.4615613501633493,0.9908421262193908,0.9873860294946488,0.9711279174286334,0.6905829596412556,0.8539050901576358,0.9254571026722925,0.30937686641449336,4977.0,0.9195876288659793,0.9123376623376623,0.06053811659192825,0.06866453302298516,0.9337049571968943,0.6702833031946956,5023.0,0.9313354669770149,0.9394618834080718,0.08766233766233766,0.08041237113402062,None
