difference_Accuracy,difference_Selection rate,difference_Count,difference_tpr,difference_tnr,difference_fpr,difference_fnr,ratio_Accuracy,ratio_Selection rate,ratio_Count,ratio_tpr,ratio_tnr,ratio_fpr,ratio_fnr,group_min_Accuracy,group_min_Selection rate,group_min_Count,group_min_tpr,group_min_tnr,group_min_fpr,group_min_fnr,group_max_Accuracy,group_max_Selection rate,group_max_Count,group_max_tpr,group_max_tnr,group_max_fpr,group_max_fnr,generation
0.009037158046423799,0.3687137358032869,35.0,0.008393820927364182,0.03349898521568051,0.03349898521568053,0.008393820927364168,0.9904084150795625,0.45861130805423655,0.9930237193541958,0.9910936383041345,0.9645728000075148,0.6190115412783797,0.8727081383077042,0.9331593737454837,0.31233805062786524,4982.0,0.9340584636301835,0.9120734908136483,0.05442752397067118,0.05754771544245228,0.9421965317919075,0.6810517864311522,5017.0,0.9424522845575477,0.9455724760293288,0.08792650918635171,0.06594153636981645,None
