Accuracy,Selection rate,Count,tpr,tnr,fpr,fnr,generation
0.9376937693769377,0.49604960496049605,9999.0,0.9399472509636844,0.9355029585798816,0.06449704142011835,0.06005274903631568,None
