difference_Accuracy,difference_Selection rate,difference_Count,difference_tpr,difference_tnr,difference_fpr,difference_fnr,ratio_Accuracy,ratio_Selection rate,ratio_Count,ratio_tpr,ratio_tnr,ratio_fpr,ratio_fnr,group_min_Accuracy,group_min_Selection rate,group_min_Count,group_min_tpr,group_min_tnr,group_min_fpr,group_min_fnr,group_max_Accuracy,group_max_Selection rate,group_max_Count,group_max_tpr,group_max_tnr,group_max_fpr,group_max_fnr,generation
0.00882663336466527,0.36851441349912106,35.0,0.00683132031301914,0.03172033698833332,0.03172033698833332,0.006831320313019126,0.9906457077333067,0.4589039764065367,0.9930237193541958,0.9927604334531351,0.9664838155659625,0.6281400494598464,0.891947610962891,0.9347651545564031,0.3125373729320311,4982.0,0.9367777022433719,0.9146981627296588,0.05358150028200789,0.05639097744360902,0.9435917879210683,0.6810517864311522,5017.0,0.943609022556391,0.9464184997179921,0.08530183727034121,0.06322229775662815,None
