difference_Accuracy,difference_Selection rate,difference_Count,difference_tpr,difference_tnr,difference_fpr,difference_fnr,ratio_Accuracy,ratio_Selection rate,ratio_Count,ratio_tpr,ratio_tnr,ratio_fpr,ratio_fnr,group_min_Accuracy,group_min_Selection rate,group_min_Count,group_min_tpr,group_min_tnr,group_min_fpr,group_min_fnr,group_max_Accuracy,group_max_Selection rate,group_max_Count,group_max_tpr,group_max_tnr,group_max_fpr,group_max_fnr,generation
0.007643241730995065,0.360696312333969,46.0,0.012831457146656566,0.024718274998544065,0.02471827499854406,0.01283145714665651,0.9918158168376064,0.46090524129544636,0.9908421262193908,0.9862182130584192,0.973712427661757,0.7071835115557088,0.8431111752236536,0.9262607996785212,0.3083814453513836,4977.0,0.9182130584192439,0.9155844155844156,0.05969730941704036,0.0689554844340995,0.9339040414095162,0.6690777576853526,5023.0,0.9310445155659005,0.9403026905829597,0.08441558441558442,0.08178694158075601,None
