Accuracy,Selection rate,Count,tpr,tnr,fpr,fnr,generation
0.9301,0.4879,10000.0,0.9272281275551921,0.932850430696946,0.06714956930305403,0.07277187244480784,None
