Accuracy,Selection rate,Count,tpr,tnr,fpr,fnr,generation
0.9391939193919392,0.4961496149614962,9999.0,0.9415702982349361,0.9368836291913215,0.0631163708086785,0.05842970176506391,None
