Accuracy,Selection rate,Count,tpr,tnr,fpr,fnr,generation
0.8720421020282729,0.6224646588813768,26032.0,0.9017539479433244,0.8244930576365997,0.17550694236340025,0.09824605205667561,None
0.8746926859250154,0.6310310387215734,26032.0,0.9099968857053877,0.8178811265911596,0.18211887340884034,0.09000311429461227,None
0.8517977873386601,0.6470113706207744,26032.0,0.9050976477194734,0.766416791604198,0.2335832083958021,0.09490235228052661,None
0.8681622618315918,0.633720036877689,26032.0,0.9075934360766207,0.8049975012493753,0.1950024987506247,0.0924065639233793,None
