Accuracy,Selection rate,Count,tpr,tnr,fpr,fnr,generation
0.8991399904443382,0.6277114190157669,20930.0,0.9349901380670611,0.8440944881889764,0.15590551181102363,0.06500986193293885,None
0.8972766364070712,0.6269947443860487,20930.0,0.9322461199086111,0.8433895835862572,0.15661041641374288,0.06775388009138895,None
0.8885809842331581,0.636359292881032,20930.0,0.9317092337917485,0.8216940889701402,0.17830591102985985,0.06829076620825147,None
0.8986622073578595,0.6257047300525561,20930.0,0.931237721021611,0.8481413772090189,0.1518586227909811,0.068762278978389,None
