Accuracy,Selection rate,Count,tpr,tnr,fpr,fnr,generation
0.9307,0.4803,10000.0,0.9200735895339329,0.9408770555990603,0.0591229444009397,0.07992641046606705,None
