difference_Accuracy,difference_Selection rate,difference_Count,difference_tpr,difference_tnr,difference_fpr,difference_fnr,ratio_Accuracy,ratio_Selection rate,ratio_Count,ratio_tpr,ratio_tnr,ratio_fpr,ratio_fnr,group_min_Accuracy,group_min_Selection rate,group_min_Count,group_min_tpr,group_min_tnr,group_min_fpr,group_min_fnr,group_max_Accuracy,group_max_Selection rate,group_max_Count,group_max_tpr,group_max_tnr,group_max_fpr,group_max_fnr,group_0_Accuracy,group_0_Selection rate,group_0_Count,group_0_tpr,group_0_tnr,group_0_fpr,group_0_fnr,group_1_Accuracy,group_1_Selection rate,group_1_Count,group_1_tpr,group_1_tnr,group_1_fpr,group_1_fnr,generation
0.010437780863443047,0.3622264247111469,46.0,0.018299943909367178,0.022265010773979355,0.022265010773979382,0.018299943909367136,0.9888472722235536,0.45303370273441196,0.9908421262193908,0.9802273161846919,0.9765035319604974,0.7018424644180152,0.8027672711990431,0.9254571026722925,0.3000199084212622,4977.0,0.9072164948453608,0.9253246753246753,0.05241031390134529,0.07448356124527204,0.9358948835357356,0.6622463331324091,5023.0,0.925516438754728,0.9475896860986547,0.07467532467532467,0.09278350515463918,0.9254571026722925,0.6622463331324091,4977.0,0.925516438754728,0.9253246753246753,0.07467532467532467,0.07448356124527204,0.9358948835357356,0.3000199084212622,5023.0,0.9072164948453608,0.9475896860986547,0.05241031390134529,0.09278350515463918,None
