difference_Accuracy,difference_Selection rate,difference_Count,difference_tpr,difference_tnr,difference_fpr,difference_fnr,ratio_Accuracy,ratio_Selection rate,ratio_Count,ratio_tpr,ratio_tnr,ratio_fpr,ratio_fnr,group_min_Accuracy,group_min_Selection rate,group_min_Count,group_min_tpr,group_min_tnr,group_min_fpr,group_min_fnr,group_max_Accuracy,group_max_Selection rate,group_max_Count,group_max_tpr,group_max_tnr,group_max_fpr,group_max_fnr,group_0_Accuracy,group_0_Selection rate,group_0_Count,group_0_tpr,group_0_tnr,group_0_fpr,group_0_fnr,group_1_Accuracy,group_1_Selection rate,group_1_Count,group_1_tpr,group_1_tnr,group_1_fpr,group_1_fnr,generation
0.0018391503412683585,0.3722623289566978,35.0,0.02909243248790283,0.022729392328497022,0.02272939232849701,0.02909243248790281,0.9980397243972502,0.4488526232207226,0.9930237193541958,0.9690741987263548,0.9760551321459149,0.6907179115300943,0.6708079370022689,0.9363709353673224,0.3031692246362368,4982.0,0.91162474507138,0.926509186351706,0.050761421319796954,0.05928282244071718,0.9382100857085908,0.6754315535929346,5017.0,0.9407171775592829,0.949238578680203,0.07349081364829396,0.08837525492861999,0.9363709353673224,0.6754315535929346,4982.0,0.9407171775592829,0.926509186351706,0.07349081364829396,0.05928282244071718,0.9382100857085908,0.3031692246362368,5017.0,0.91162474507138,0.949238578680203,0.050761421319796954,0.08837525492861999,None
