Accuracy,Selection rate,Count,tpr,tnr,fpr,fnr,generation
0.9372937293729373,0.4886488648864887,9999.0,0.9320348955163319,0.9424063116370809,0.05759368836291913,0.06796510448366809,None
