Accuracy,Selection rate,Count,tpr,tnr,fpr,fnr,generation
0.9283,0.4979,10000.0,0.9356091578086672,0.9212999216914644,0.07870007830853563,0.06439084219133279,None
