difference_Accuracy,difference_Selection rate,difference_Count,difference_tpr,difference_tnr,difference_fpr,difference_fnr,ratio_Accuracy,ratio_Selection rate,ratio_Count,ratio_tpr,ratio_tnr,ratio_fpr,ratio_fnr,group_min_Accuracy,group_min_Selection rate,group_min_Count,group_min_tpr,group_min_tnr,group_min_fpr,group_min_fnr,group_max_Accuracy,group_max_Selection rate,group_max_Count,group_max_tpr,group_max_tnr,group_max_fpr,group_max_fnr,generation
0.013659929044098518,0.3695885004926704,46.0,0.008130442216149891,0.052804146526119644,0.052804146526119616,0.008130442216149905,0.9853919898683188,0.4593057122422044,0.9908421262193908,0.9913324038781305,0.9436587336108867,0.5431551367964932,0.8840216330931557,0.9214386176411493,0.31395580330479794,4977.0,0.9298969072164949,0.8844155844155844,0.06278026905829596,0.06197265056735525,0.9350985466852478,0.6835443037974683,5023.0,0.9380273494326448,0.9372197309417041,0.11558441558441558,0.07010309278350516,None
