difference_Accuracy,difference_Selection rate,difference_Count,difference_tpr,difference_tnr,difference_fpr,difference_fnr,ratio_Accuracy,ratio_Selection rate,ratio_Count,ratio_tpr,ratio_tnr,ratio_fpr,ratio_fnr,group_min_Accuracy,group_min_Selection rate,group_min_Count,group_min_tpr,group_min_tnr,group_min_fpr,group_min_fnr,group_max_Accuracy,group_max_Selection rate,group_max_Count,group_max_tpr,group_max_tnr,group_max_fpr,group_max_fnr,generation
0.01045621922796891,0.37539359353629215,35.0,0.006293842119810766,0.05597634686527131,0.055976346865271275,0.00629384211981085,0.9888787678891838,0.46041232458228293,0.9930237193541958,0.9933787325675979,0.9403569332980012,0.5234192590912099,0.8870946127043687,0.9297470895222802,0.32031094279449873,4982.0,0.9442556084296397,0.8825459317585301,0.06147772137619854,0.04945054945054945,0.9402033087502492,0.6957045363307909,5017.0,0.9505494505494505,0.9385222786238014,0.11745406824146981,0.0557443915703603,None
