Accuracy,Selection rate,Count,tpr,tnr,fpr,fnr,generation
0.934993499349935,0.5073507350735074,9999.0,0.9486711300466626,0.9216962524654833,0.07830374753451677,0.051328869953337394,None
