Accuracy,Selection rate,Count,tpr,tnr,fpr,fnr,generation
0.9360936093609361,0.49764976497649765,9999.0,0.9399472509636844,0.9323471400394477,0.06765285996055227,0.06005274903631568,None
0.9360936093609361,0.49764976497649765,9999.0,0.9399472509636844,0.9323471400394477,0.06765285996055227,0.06005274903631568,None
0.9360936093609361,0.49764976497649765,9999.0,0.9399472509636844,0.9323471400394477,0.06765285996055227,0.06005274903631568,None
0.9360936093609361,0.49764976497649765,9999.0,0.9399472509636844,0.9323471400394477,0.06765285996055227,0.06005274903631568,None
0.9360936093609361,0.49764976497649765,9999.0,0.9399472509636844,0.9323471400394477,0.06765285996055227,0.06005274903631568,None
0.9360936093609361,0.49764976497649765,9999.0,0.9399472509636844,0.9323471400394477,0.06765285996055227,0.06005274903631568,None
0.9360936093609361,0.49764976497649765,9999.0,0.9399472509636844,0.9323471400394477,0.06765285996055227,0.06005274903631568,None
0.9363936393639364,0.4955495549554956,9999.0,0.9381213227835261,0.9347140039447732,0.06528599605522682,0.06187867721647393,None
