Accuracy,Selection rate,Count,tpr,tnr,fpr,fnr,generation
0.9276,0.4906,10000.0,0.9274325429272281,0.927760375880971,0.07223962411902897,0.07256745707277187,None
0.9276,0.4906,10000.0,0.9274325429272281,0.927760375880971,0.07223962411902897,0.07256745707277187,None
0.9276,0.4906,10000.0,0.9274325429272281,0.927760375880971,0.07223962411902897,0.07256745707277187,None
0.9276,0.4906,10000.0,0.9274325429272281,0.927760375880971,0.07223962411902897,0.07256745707277187,None
0.9276,0.4906,10000.0,0.9274325429272281,0.927760375880971,0.07223962411902897,0.07256745707277187,None
0.9276,0.4906,10000.0,0.9274325429272281,0.927760375880971,0.07223962411902897,0.07256745707277187,None
0.9276,0.4906,10000.0,0.9274325429272281,0.927760375880971,0.07223962411902897,0.07256745707277187,None
0.9274,0.4894,10000.0,0.9260016353229763,0.9287392325763508,0.07126076742364917,0.07399836467702371,None
