Accuracy,Selection rate,Count,tpr,tnr,fpr,fnr,generation
0.9256925692569257,0.47224722472247227,9999.0,0.9036315682694258,0.9471400394477317,0.05285996055226824,0.09636843173057415,None
