Accuracy,Selection rate,Count,tpr,tnr,fpr,fnr,generation
0.9202,0.4658,10000.0,0.8945216680294358,0.9447924823805794,0.05520751761942052,0.1054783319705642,None
