difference_Accuracy,difference_Selection rate,difference_Count,difference_tpr,difference_tnr,difference_fpr,difference_fnr,ratio_Accuracy,ratio_Selection rate,ratio_Count,ratio_tpr,ratio_tnr,ratio_fpr,ratio_fnr,group_min_Accuracy,group_min_Selection rate,group_min_Count,group_min_tpr,group_min_tnr,group_min_fpr,group_min_fnr,group_max_Accuracy,group_max_Selection rate,group_max_Count,group_max_tpr,group_max_tnr,group_max_fpr,group_max_fnr,group_0_Accuracy,group_0_Selection rate,group_0_Count,group_0_tpr,group_0_tnr,group_0_fpr,group_0_fnr,group_1_Accuracy,group_1_Selection rate,group_1_Count,group_1_tpr,group_1_tnr,group_1_fpr,group_1_fnr,generation
0.002880171287554023,0.38014840269698846,35.0,0.07194009968706738,0.021992174836013567,0.02199217483601352,0.07194009968706737,0.996893480546743,0.42661236989512674,0.9930237193541958,0.9222354283470212,0.9769413802576865,0.6777300533645711,0.5100745988903884,0.9242575244169823,0.2828383496113215,4982.0,0.8531611148878314,0.931758530183727,0.046249294980259446,0.07489878542510121,0.9271376957045363,0.66298675230831,5017.0,0.9251012145748988,0.9537507050197406,0.06824146981627296,0.14683888511216858,0.9271376957045363,0.66298675230831,4982.0,0.9251012145748988,0.931758530183727,0.06824146981627296,0.07489878542510121,0.9242575244169823,0.2828383496113215,5017.0,0.8531611148878314,0.9537507050197406,0.046249294980259446,0.14683888511216858,None
