difference_Accuracy,difference_Selection rate,difference_Count,difference_tpr,difference_tnr,difference_fpr,difference_fnr,ratio_Accuracy,ratio_Selection rate,ratio_Count,ratio_tpr,ratio_tnr,ratio_fpr,ratio_fnr,group_min_Accuracy,group_min_Selection rate,group_min_Count,group_min_tpr,group_min_tnr,group_min_fpr,group_min_fnr,group_max_Accuracy,group_max_Selection rate,group_max_Count,group_max_tpr,group_max_tnr,group_max_fpr,group_max_fnr,group_0_Accuracy,group_0_Selection rate,group_0_Count,group_0_tpr,group_0_tnr,group_0_fpr,group_0_fnr,group_1_Accuracy,group_1_Selection rate,group_1_Count,group_1_tpr,group_1_tnr,group_1_fpr,group_1_fnr,generation
0.0011341839993334046,0.3722932377249103,46.0,0.06703760472001175,0.01950381457107908,0.019503814571079144,0.06703760472001177,0.9987682148694808,0.42970038653220116,0.9908421262193908,0.9266916171101875,0.9794841950502329,0.7166426939673407,0.5606319150107337,0.9196302993771348,0.2805096555843122,4977.0,0.8474226804123711,0.9311688311688312,0.04932735426008968,0.0855397148676171,0.9207644833764682,0.6528028933092225,5023.0,0.9144602851323829,0.9506726457399103,0.06883116883116883,0.15257731958762888,0.9196302993771348,0.6528028933092225,4977.0,0.9144602851323829,0.9311688311688312,0.06883116883116883,0.0855397148676171,0.9207644833764682,0.2805096555843122,5023.0,0.8474226804123711,0.9506726457399103,0.04932735426008968,0.15257731958762888,None
