difference_Accuracy,difference_Selection rate,difference_Count,difference_tpr,difference_tnr,difference_fpr,difference_fnr,ratio_Accuracy,ratio_Selection rate,ratio_Count,ratio_tpr,ratio_tnr,ratio_fpr,ratio_fnr,group_min_Accuracy,group_min_Selection rate,group_min_Count,group_min_tpr,group_min_tnr,group_min_fpr,group_min_fnr,group_max_Accuracy,group_max_Selection rate,group_max_Count,group_max_tpr,group_max_tnr,group_max_fpr,group_max_fnr,generation
0.018686715410898058,0.3758171522909424,46.0,0.009399630261746283,0.07135504629899247,0.07135504629899247,0.009399630261746283,0.9800078015955397,0.4551581803227438,0.9908421262193908,0.9899855768104086,0.9238424154367918,0.4691460323649835,0.8672188152345549,0.9160136628491059,0.31395580330479794,4977.0,0.9292096219931272,0.8655844155844156,0.06306053811659193,0.06139074774512657,0.934700378260004,0.6897729555957404,5023.0,0.9386092522548735,0.936939461883408,0.1344155844155844,0.07079037800687285,None
