Accuracy,Selection rate,Count,tpr,tnr,fpr,fnr,generation
0.9254,0.501,10000.0,0.9358135731807032,0.9154267815191856,0.08457321848081441,0.06418642681929682,None
