difference_Accuracy,difference_Selection rate,difference_Count,difference_tpr,difference_tnr,difference_fpr,difference_fnr,ratio_Accuracy,ratio_Selection rate,ratio_Count,ratio_tpr,ratio_tnr,ratio_fpr,ratio_fnr,group_min_Accuracy,group_min_Selection rate,group_min_Count,group_min_tpr,group_min_tnr,group_min_fpr,group_min_fnr,group_max_Accuracy,group_max_Selection rate,group_max_Count,group_max_tpr,group_max_tnr,group_max_fpr,group_max_fnr,generation
0.014060824269342964,0.3794024443747941,35.0,0.00619240146593536,0.06657273805241348,0.06657273805241348,0.0061924014659354085,0.9850639095152882,0.4571559512133187,0.9930237193541958,0.9934894118974751,0.9291728385436969,0.47431682491254834,0.8875429314025804,0.9273384183059012,0.31951365357783534,4982.0,0.9449354180829368,0.8733595800524935,0.06006768189509306,0.04887218045112782,0.9413992425752442,0.6989160979526294,5017.0,0.9511278195488722,0.939932318104907,0.12664041994750655,0.055064581917063225,None
