Accuracy,Selection rate,Count,tpr,tnr,fpr,fnr,generation
0.9343934393439344,0.5085508550855086,9999.0,0.949279772773382,0.9199211045364891,0.08007889546351085,0.050720227226617974,None
