difference_Accuracy,difference_Selection rate,difference_Count,difference_tpr,difference_tnr,difference_fpr,difference_fnr,ratio_Accuracy,ratio_Selection rate,ratio_Count,ratio_tpr,ratio_tnr,ratio_fpr,ratio_fnr,group_min_Accuracy,group_min_Selection rate,group_min_Count,group_min_tpr,group_min_tnr,group_min_fpr,group_min_fnr,group_max_Accuracy,group_max_Selection rate,group_max_Count,group_max_tpr,group_max_tnr,group_max_fpr,group_max_fnr,generation
0.01043226074663739,0.3598760549773233,46.0,0.009420226822120736,0.023905130743695824,0.02390513074369577,0.009420226822120709,0.9888602793940562,0.4600231758751468,0.9908421262193908,0.9898599061736207,0.974660277334074,0.7031136988282944,0.8828510254172168,0.926059875426964,0.3065896874377862,4977.0,0.9195876288659793,0.9194805194805195,0.05661434977578475,0.07099214431189992,0.9364921361736014,0.6664657424151095,5023.0,0.9290078556881001,0.9433856502242153,0.08051948051948052,0.08041237113402062,None
