Accuracy,Selection rate,Count,tpr,tnr,fpr,fnr,generation
0.937993799379938,0.49254925492549256,9999.0,0.9367011564211808,0.939250493096647,0.060749506903353054,0.06329884357881924,None
