Accuracy,Selection rate,Count,tpr,tnr,fpr,fnr,generation
0.9313,0.4857,10000.0,0.9262060506950123,0.9361785434612373,0.06382145653876273,0.07379394930498774,None
