difference_Accuracy,difference_Selection rate,difference_Count,difference_tpr,difference_tnr,difference_fpr,difference_fnr,ratio_Accuracy,ratio_Selection rate,ratio_Count,ratio_tpr,ratio_tnr,ratio_fpr,ratio_fnr,group_min_Accuracy,group_min_Selection rate,group_min_Count,group_min_tpr,group_min_tnr,group_min_fpr,group_min_fnr,group_max_Accuracy,group_max_Selection rate,group_max_Count,group_max_tpr,group_max_tnr,group_max_fpr,group_max_fnr,generation
0.004434541187021579,0.3728897021103759,35.0,0.02217775783914111,0.029475376491644223,0.029475376491644126,0.022177757839141075,0.9952834231216267,0.45134775667043925,0.9930237193541958,0.9764896730203096,0.9689114559668738,0.6377381147317286,0.7187630880915817,0.9357687675632276,0.30675702611122185,4982.0,0.9211420802175391,0.9186351706036745,0.05188945290468133,0.05668016194331984,0.9402033087502492,0.6796467282215978,5017.0,0.9433198380566802,0.9481105470953187,0.08136482939632546,0.07885791978246091,None
