Accuracy,Selection rate,Count,tpr,tnr,fpr,fnr,generation
0.9217,0.4687,10000.0,0.8990188062142274,0.9434220830070478,0.05657791699295223,0.1009811937857727,None
