difference_Accuracy,difference_Selection rate,difference_Count,difference_tpr,difference_tnr,difference_fpr,difference_fnr,ratio_Accuracy,ratio_Selection rate,ratio_Count,ratio_tpr,ratio_tnr,ratio_fpr,ratio_fnr,group_min_Accuracy,group_min_Selection rate,group_min_Count,group_min_tpr,group_min_tnr,group_min_fpr,group_min_fnr,group_max_Accuracy,group_max_Selection rate,group_max_Count,group_max_tpr,group_max_tnr,group_max_fpr,group_max_fnr,generation
0.00812416427262519,0.38581064445117835,35.0,0.0703730774931891,0.02489330331170536,0.02489330331170532,0.07037307749318913,0.9913200543842551,0.4281140640714756,0.9930237193541958,0.9251230455472468,0.9738531831921483,0.6582216734501,0.46083959899749366,0.9278453258919673,0.2888180187362966,4982.0,0.8694765465669613,0.9271653543307087,0.047941342357586014,0.06015037593984962,0.9359694901645925,0.6746286631874749,5017.0,0.9398496240601504,0.952058657642414,0.07283464566929133,0.13052345343303876,None
