difference_Accuracy,difference_Selection rate,difference_Count,difference_tpr,difference_tnr,difference_fpr,difference_fnr,ratio_Accuracy,ratio_Selection rate,ratio_Count,ratio_tpr,ratio_tnr,ratio_fpr,ratio_fnr,group_min_Accuracy,group_min_Selection rate,group_min_Count,group_min_tpr,group_min_tnr,group_min_fpr,group_min_fnr,group_max_Accuracy,group_max_Selection rate,group_max_Count,group_max_tpr,group_max_tnr,group_max_fpr,group_max_fnr,generation
0.007879806736710515,0.38412016798275456,46.0,0.08811208528175796,0.02404926911653371,0.02404926911653369,0.08811208528175796,0.9914873457502479,0.4194454673397603,0.9908421262193908,0.9047669065681125,0.9747028914481745,0.672248898765824,0.4590587169411062,0.9177782201871392,0.2775233923949831,4977.0,0.8371134020618557,0.9266233766233766,0.04932735426008968,0.07477451265638638,0.9256580269238497,0.6616435603777376,5023.0,0.9252254873436137,0.9506726457399103,0.07337662337662337,0.16288659793814433,None
