Accuracy,Selection rate,Count,tpr,tnr,fpr,fnr,generation
0.931893189318932,0.48104810481048105,9999.0,0.9188476364374112,0.9445759368836292,0.05542406311637081,0.08115236356258876,None
