Accuracy,Selection rate,Count,tpr,tnr,fpr,fnr,generation
0.9368936893689369,0.5098509850985099,9999.0,0.953134510042605,0.9211045364891519,0.07889546351084813,0.04686548995739501,None
