Accuracy,Selection rate,Count,tpr,tnr,fpr,fnr,generation
0.9277,0.5007,10000.0,0.937857726901063,0.9179718089271731,0.08202819107282694,0.06214227309893704,None
