difference_Accuracy,difference_Selection rate,difference_Count,difference_tpr,difference_tnr,difference_fpr,difference_fnr,ratio_Accuracy,ratio_Selection rate,ratio_Count,ratio_tpr,ratio_tnr,ratio_fpr,ratio_fnr,group_min_Accuracy,group_min_Selection rate,group_min_Count,group_min_tpr,group_min_tnr,group_min_fpr,group_min_fnr,group_max_Accuracy,group_max_Selection rate,group_max_Count,group_max_tpr,group_max_tnr,group_max_fpr,group_max_fnr,generation
0.021665618444486334,0.3724143202870173,46.0,0.0004079318753767991,0.06849120610331372,0.06849120610331372,0.00040793187537681297,0.9769142126757202,0.4585141478035393,0.9908421262193908,0.9995651715174555,0.9270299721180582,0.47261771300448435,0.9934483090856537,0.9168173598553345,0.3153493927931515,4977.0,0.9377363980215304,0.8701298701298701,0.06137892376681614,0.061855670103092786,0.9384829782998209,0.6877637130801688,5023.0,0.9381443298969072,0.9386210762331838,0.12987012987012986,0.0622636019784696,None
