difference_Accuracy,difference_Selection rate,difference_Count,difference_tpr,difference_tnr,difference_fpr,difference_fnr,ratio_Accuracy,ratio_Selection rate,ratio_Count,ratio_tpr,ratio_tnr,ratio_fpr,ratio_fnr,group_min_Accuracy,group_min_Selection rate,group_min_Count,group_min_tpr,group_min_tnr,group_min_fpr,group_min_fnr,group_max_Accuracy,group_max_Selection rate,group_max_Count,group_max_tpr,group_max_tnr,group_max_fpr,group_max_fnr,generation
0.011843073573935325,0.3808117034759458,35.0,0.00684193619540141,0.06451208192884517,0.0645120819288452,0.006841936195401438,0.9874383297842635,0.4566999121657612,0.9930237193541958,0.9928369920182567,0.9314063440720585,0.47980733936740705,0.8675725244284801,0.9309514251304697,0.32011162049033287,4982.0,0.9483344663494222,0.8759842519685039,0.05950366610265088,0.0448235974551764,0.942794498704405,0.7009233239662787,5017.0,0.9551764025448236,0.9404963338973491,0.12401574803149606,0.05166553365057784,None
