difference_Accuracy,difference_Selection rate,difference_Count,difference_tpr,difference_tnr,difference_fpr,difference_fnr,ratio_Accuracy,ratio_Selection rate,ratio_Count,ratio_tpr,ratio_tnr,ratio_fpr,ratio_fnr,group_min_Accuracy,group_min_Selection rate,group_min_Count,group_min_tpr,group_min_tnr,group_min_fpr,group_min_fnr,group_max_Accuracy,group_max_Selection rate,group_max_Count,group_max_tpr,group_max_tnr,group_max_fpr,group_max_fnr,generation
0.013461457059646298,0.3783988313679696,35.0,0.006293842119810766,0.06432222621918449,0.06432222621918454,0.00629384211981085,0.9856945286870905,0.4578133512006832,0.9930237193541958,0.9933787325675979,0.9315466344017923,0.48406803811559357,0.8870946127043687,0.9275391409072662,0.31951365357783534,4982.0,0.9442556084296397,0.8753280839895013,0.06034968979131416,0.04945054945054945,0.9410005979669125,0.6979124849458049,5017.0,0.9505494505494505,0.9396503102086858,0.12467191601049869,0.0557443915703603,None
