Accuracy,Selection rate,Count,tpr,tnr,fpr,fnr,generation
0.9342934293429342,0.508050805080508,9999.0,0.9486711300466626,0.9203155818540434,0.0796844181459566,0.051328869953337394,None
