difference_Accuracy,difference_Selection rate,difference_Count,difference_tpr,difference_tnr,difference_fpr,difference_fnr,ratio_Accuracy,ratio_Selection rate,ratio_Count,ratio_tpr,ratio_tnr,ratio_fpr,ratio_fnr,group_min_Accuracy,group_min_Selection rate,group_min_Count,group_min_tpr,group_min_tnr,group_min_fpr,group_min_fnr,group_max_Accuracy,group_max_Selection rate,group_max_Count,group_max_tpr,group_max_tnr,group_max_fpr,group_max_fnr,generation
0.016275624392212085,0.37301157292488313,46.0,0.008316011226125242,0.06365165103954351,0.0636516510395434,0.008316011226125242,0.9825873351816653,0.4576457497963356,0.9908421262193908,0.99114281667673,0.9320236184049413,0.4998798846893018,0.8802000362969087,0.9184247538677919,0.3147521401552857,4977.0,0.9305841924398626,0.8727272727272727,0.06362107623318386,0.06109979633401222,0.934700378260004,0.6877637130801688,5023.0,0.9389002036659878,0.9363789237668162,0.12727272727272726,0.06941580756013746,None
