Accuracy,Selection rate,Count,tpr,tnr,fpr,fnr,generation
0.9266,0.5004,10000.0,0.9364268192968112,0.9171887235708692,0.08281127642913078,0.06357318070318888,None
