Accuracy,Selection rate,Count,tpr,tnr,fpr,fnr,generation
0.922,0.4704,10000.0,0.9010629599345871,0.9420516836335161,0.05794831636648395,0.09893704006541292,None
