difference_Accuracy,difference_Selection rate,difference_Count,difference_tpr,difference_tnr,difference_fpr,difference_fnr,ratio_Accuracy,ratio_Selection rate,ratio_Count,ratio_tpr,ratio_tnr,ratio_fpr,ratio_fnr,group_min_Accuracy,group_min_Selection rate,group_min_Count,group_min_tpr,group_min_tnr,group_min_fpr,group_min_fnr,group_max_Accuracy,group_max_Selection rate,group_max_Count,group_max_tpr,group_max_tnr,group_max_fpr,group_max_fnr,generation
0.007524797062928634,0.38281380840269535,35.0,0.06542666607427416,0.022452935768815685,0.022452935768815706,0.06542666607427422,0.9919587003501693,0.43171084819361494,0.9930237193541958,0.9303217088743948,0.9763884607840391,0.6860708797094024,0.4825665279824872,0.9282439705002989,0.290811241777955,4982.0,0.8735554044867437,0.928477690288714,0.049069373942470386,0.06101792943898207,0.9357687675632276,0.6736250501806503,5017.0,0.9389820705610179,0.9509306260575296,0.07152230971128609,0.1264445955132563,None
