Accuracy,Selection rate,Count,tpr,tnr,fpr,fnr,generation
0.931993199319932,0.4815481548154815,9999.0,0.9194562791641306,0.9441814595660749,0.05581854043392505,0.08054372083586935,None
