difference_Accuracy,difference_Selection rate,difference_Count,difference_tpr,difference_tnr,difference_fpr,difference_fnr,ratio_Accuracy,ratio_Selection rate,ratio_Count,ratio_tpr,ratio_tnr,ratio_fpr,ratio_fnr,group_min_Accuracy,group_min_Selection rate,group_min_Count,group_min_tpr,group_min_tnr,group_min_fpr,group_min_fnr,group_max_Accuracy,group_max_Selection rate,group_max_Count,group_max_tpr,group_max_tnr,group_max_fpr,group_max_fnr,generation
0.006482537170486524,0.3791357025114651,46.0,0.07830452314463487,0.021157766000815315,0.02115776600081532,0.07830452314463486,0.9929937920743732,0.4262820336273755,0.9908421262193908,0.9152871746779635,0.9776918117343649,0.7090807174887893,0.491370173323912,0.9187736412502489,0.2817041608600438,4977.0,0.8460481099656357,0.9272727272727272,0.0515695067264574,0.07564736688972941,0.9252561784207354,0.6608398633715089,5023.0,0.9243526331102706,0.9484304932735426,0.07272727272727272,0.15395189003436427,None
