difference_Accuracy,difference_Selection rate,difference_Count,difference_tpr,difference_tnr,difference_fpr,difference_fnr,ratio_Accuracy,ratio_Selection rate,ratio_Count,ratio_tpr,ratio_tnr,ratio_fpr,ratio_fnr,group_min_Accuracy,group_min_Selection rate,group_min_Count,group_min_tpr,group_min_tnr,group_min_fpr,group_min_fnr,group_max_Accuracy,group_max_Selection rate,group_max_Count,group_max_tpr,group_max_tnr,group_max_fpr,group_max_fnr,generation
0.006830609728608827,0.3676975201216707,35.0,0.011214500194427934,0.02675300105253342,0.026753001052533414,0.011214500194427927,0.992748800463726,0.4578665151683447,0.9930237193541958,0.988093416741685,0.9717407978158226,0.6658067737372055,0.8382693158234953,0.9351665997591329,0.3105441498903727,4982.0,0.9306594153636981,0.9199475065616798,0.0532994923857868,0.058126084441873914,0.9419972094877417,0.6782416700120434,5017.0,0.941873915558126,0.9467005076142132,0.08005249343832022,0.06934058463630184,None
