Accuracy,Selection rate,Count,tpr,tnr,fpr,fnr,generation
0.9385938593859386,0.49374937493749377,9999.0,0.938527084601339,0.9386587771203155,0.061341222879684416,0.06147291539866099,None
