difference_Accuracy,difference_Selection rate,difference_Count,difference_tpr,difference_tnr,difference_fpr,difference_fnr,ratio_Accuracy,ratio_Selection rate,ratio_Count,ratio_tpr,ratio_tnr,ratio_fpr,ratio_fnr,group_min_Accuracy,group_min_Selection rate,group_min_Count,group_min_tpr,group_min_tnr,group_min_fpr,group_min_fnr,group_max_Accuracy,group_max_Selection rate,group_max_Count,group_max_tpr,group_max_tnr,group_max_fpr,group_max_fnr,generation
0.008242334407796092,0.35847510533322885,46.0,0.01158746489336282,0.020644546036922673,0.020644546036922715,0.011587464893362806,0.9911780852907821,0.4614758227457048,0.9908421262193908,0.9875192363401792,0.9780709317476213,0.7394049106814674,0.8606631287616291,0.926059875426964,0.307186940075652,4977.0,0.9168384879725086,0.9207792207792208,0.058576233183856505,0.0715740471341286,0.9343022098347601,0.6656620454088809,5023.0,0.9284259528658714,0.9414237668161435,0.07922077922077922,0.0831615120274914,None
