Accuracy,Selection rate,Count,tpr,tnr,fpr,fnr,generation
0.9302,0.4856,10000.0,0.9249795584627964,0.9351996867658575,0.06480031323414252,0.0750204415372036,None
