difference_Accuracy,difference_Selection rate,difference_Count,difference_tpr,difference_tnr,difference_fpr,difference_fnr,ratio_Accuracy,ratio_Selection rate,ratio_Count,ratio_tpr,ratio_tnr,ratio_fpr,ratio_fnr,group_min_Accuracy,group_min_Selection rate,group_min_Count,group_min_tpr,group_min_tnr,group_min_fpr,group_min_fnr,group_max_Accuracy,group_max_Selection rate,group_max_Count,group_max_tpr,group_max_tnr,group_max_fpr,group_max_fnr,generation
0.014060824269342964,0.3801997335914574,35.0,0.0075520207725294775,0.06713675384485562,0.06713675384485568,0.007552020772529561,0.9850639095152882,0.4560152002433541,0.9930237193541958,0.9920599307292773,0.928615613453116,0.46986314580538835,0.8661563547422773,0.9273384183059012,0.318716364361172,4982.0,0.9435757987763427,0.8733595800524935,0.05950366610265088,0.04887218045112782,0.9413992425752442,0.6989160979526294,5017.0,0.9511278195488722,0.9404963338973491,0.12664041994750655,0.05642420122365738,None
