Accuracy,Selection rate,Count,tpr,tnr,fpr,fnr,generation
0.926,0.4996,10000.0,0.9349959116925592,0.9173844949099452,0.08261550509005482,0.06500408830744071,None
