Accuracy,Selection rate,Count,tpr,tnr,fpr,fnr,generation
0.9343934393439344,0.5081508150815082,9999.0,0.9488740109555691,0.9203155818540434,0.0796844181459566,0.05112598904443092,None
