difference_Accuracy,difference_Selection rate,difference_Count,difference_tpr,difference_tnr,difference_fpr,difference_fnr,ratio_Accuracy,ratio_Selection rate,ratio_Count,ratio_tpr,ratio_tnr,ratio_fpr,ratio_fnr,group_min_Accuracy,group_min_Selection rate,group_min_Count,group_min_tpr,group_min_tnr,group_min_fpr,group_min_fnr,group_max_Accuracy,group_max_Selection rate,group_max_Count,group_max_tpr,group_max_tnr,group_max_fpr,group_max_fnr,generation
0.017881178365734218,0.37180418737660487,46.0,0.006279351348324802,0.06393192009783943,0.06393192009783936,0.00627935134832483,0.980873688472938,0.45829348929351216,0.9908421262193908,0.9932974749738533,0.9317447364125999,0.4976777706598335,0.9095400375068057,0.9170182841068917,0.31455305594266375,4977.0,0.9305841924398626,0.8727272727272727,0.0633408071748879,0.06313645621181263,0.9348994624726259,0.6863572433192686,5023.0,0.9368635437881874,0.9366591928251121,0.12727272727272726,0.06941580756013746,None
