difference_Accuracy,difference_Selection rate,difference_Count,difference_tpr,difference_tnr,difference_fpr,difference_fnr,ratio_Accuracy,ratio_Selection rate,ratio_Count,ratio_tpr,ratio_tnr,ratio_fpr,ratio_fnr,group_min_Accuracy,group_min_Selection rate,group_min_Count,group_min_tpr,group_min_tnr,group_min_fpr,group_min_fnr,group_max_Accuracy,group_max_Selection rate,group_max_Count,group_max_tpr,group_max_tnr,group_max_fpr,group_max_fnr,group_0_Accuracy,group_0_Selection rate,group_0_Count,group_0_tpr,group_0_tnr,group_0_fpr,group_0_fnr,group_1_Accuracy,group_1_Selection rate,group_1_Count,group_1_tpr,group_1_tnr,group_1_fpr,group_1_fnr,generation
0.013134437924706477,0.3547149457682524,46.0,0.02846484637065616,0.015210966163881068,0.015210966163880957,0.02846484637065609,0.9858272219772716,0.45122278983879627,0.9908421262193908,0.968562443131123,0.9839382280933034,0.7769058295964126,0.7686237348083541,0.9136025718304199,0.29165837149114077,4977.0,0.8769759450171821,0.9318181818181818,0.05297085201793722,0.09455920861216177,0.9267370097551264,0.6463733172593932,5023.0,0.9054407913878383,0.9470291479820628,0.06818181818181818,0.12302405498281786,0.9136025718304199,0.6463733172593932,4977.0,0.9054407913878383,0.9318181818181818,0.06818181818181818,0.09455920861216177,0.9267370097551264,0.29165837149114077,5023.0,0.8769759450171821,0.9470291479820628,0.05297085201793722,0.12302405498281786,None
