Accuracy,Selection rate,Count,tpr,tnr,fpr,fnr,generation
0.9255925592559255,0.47514751475147515,9999.0,0.9064719009941165,0.9441814595660749,0.05581854043392505,0.09352809900588355,None
