Accuracy,Selection rate,Count,tpr,tnr,fpr,fnr,generation
0.9202,0.4682,10000.0,0.8969746524938675,0.942443226311668,0.05755677368833203,0.10302534750613246,None
