difference_Accuracy,difference_Selection rate,difference_Count,difference_tpr,difference_tnr,difference_fpr,difference_fnr,ratio_Accuracy,ratio_Selection rate,ratio_Count,ratio_tpr,ratio_tnr,ratio_fpr,ratio_fnr,group_min_Accuracy,group_min_Selection rate,group_min_Count,group_min_tpr,group_min_tnr,group_min_fpr,group_min_fnr,group_max_Accuracy,group_max_Selection rate,group_max_Count,group_max_tpr,group_max_tnr,group_max_fpr,group_max_fnr,group_0_Accuracy,group_0_Selection rate,group_0_Count,group_0_tpr,group_0_tnr,group_0_fpr,group_0_fnr,group_1_Accuracy,group_1_Selection rate,group_1_Count,group_1_tpr,group_1_tnr,group_1_fpr,group_1_fnr,generation
0.004121314707833612,0.36796733738768717,35.0,0.04594986393977407,0.018700232267920835,0.01870023226792083,0.04594986393977413,0.9955572333714652,0.44228376182979695,0.9930237193541958,0.9500645413250349,0.9803114537939289,0.728579485939892,0.6346364872680662,0.9235246888799679,0.2918078532987841,4982.0,0.8742352141400408,0.9311023622047244,0.050197405527354765,0.07981492192018508,0.9276460035878015,0.6597751906864713,5017.0,0.9201850780798149,0.9498025944726453,0.0688976377952756,0.1257647858599592,0.9235246888799679,0.6597751906864713,4982.0,0.9201850780798149,0.9311023622047244,0.0688976377952756,0.07981492192018508,0.9276460035878015,0.2918078532987841,5017.0,0.8742352141400408,0.9498025944726453,0.050197405527354765,0.1257647858599592,None
