Accuracy,Selection rate,Count,tpr,tnr,fpr,fnr,generation
0.9383938393839384,0.4969496949694969,9999.0,0.9415702982349361,0.9353057199211046,0.06469428007889547,0.05842970176506391,None
