Accuracy,Selection rate,Count,tpr,tnr,fpr,fnr,generation
0.9301,0.4905,10000.0,0.9298855273916599,0.9303054032889585,0.0696945967110415,0.07011447260834015,None
