difference_Accuracy,difference_Selection rate,difference_Count,difference_tpr,difference_tnr,difference_fpr,difference_fnr,ratio_Accuracy,ratio_Selection rate,ratio_Count,ratio_tpr,ratio_tnr,ratio_fpr,ratio_fnr,group_min_Accuracy,group_min_Selection rate,group_min_Count,group_min_tpr,group_min_tnr,group_min_fpr,group_min_fnr,group_max_Accuracy,group_max_Selection rate,group_max_Count,group_max_tpr,group_max_tnr,group_max_fpr,group_max_fnr,generation
0.008432189647930799,0.3681199697823866,35.0,0.00683132031301914,0.03227880144423578,0.032278801444235714,0.006831320313019126,0.9910542830484946,0.4599606332579947,0.9930237193541958,0.9927604334531351,0.9658428439506833,0.6301286210449983,0.891947610962891,0.9341629867523084,0.3135339844528603,4982.0,0.9367777022433719,0.9127296587926509,0.05499153976311337,0.05639097744360902,0.9425951764002392,0.6816539542352469,5017.0,0.943609022556391,0.9450084602368867,0.08727034120734908,0.06322229775662815,None
