difference_Accuracy,difference_Selection rate,difference_Count,difference_tpr,difference_tnr,difference_fpr,difference_fnr,ratio_Accuracy,ratio_Selection rate,ratio_Count,ratio_tpr,ratio_tnr,ratio_fpr,ratio_fnr,group_min_Accuracy,group_min_Selection rate,group_min_Count,group_min_tpr,group_min_tnr,group_min_fpr,group_min_fnr,group_max_Accuracy,group_max_Selection rate,group_max_Count,group_max_tpr,group_max_tnr,group_max_fpr,group_max_fnr,generation
0.008043250195174156,0.36312028362520143,46.0,0.012700878953214811,0.030370974317162736,0.03037097431716266,0.012700878953214811,0.9913893338170588,0.460361405911428,0.9908421262193908,0.9863967214203181,0.9676719461922325,0.6659192825112108,0.8393062706354126,0.926059875426964,0.30977503483973723,4977.0,0.9209621993127147,0.9090909090909091,0.06053811659192825,0.06633692173407041,0.9341031256221382,0.6728953184649387,5023.0,0.9336630782659295,0.9394618834080718,0.09090909090909091,0.07903780068728522,None
