difference_Accuracy,difference_Selection rate,difference_Count,difference_tpr,difference_tnr,difference_fpr,difference_fnr,ratio_Accuracy,ratio_Selection rate,ratio_Count,ratio_tpr,ratio_tnr,ratio_fpr,ratio_fnr,group_min_Accuracy,group_min_Selection rate,group_min_Count,group_min_tpr,group_min_tnr,group_min_fpr,group_min_fnr,group_max_Accuracy,group_max_Selection rate,group_max_Count,group_max_tpr,group_max_tnr,group_max_fpr,group_max_fnr,group_0_Accuracy,group_0_Selection rate,group_0_Count,group_0_tpr,group_0_tnr,group_0_fpr,group_0_fnr,group_1_Accuracy,group_1_Selection rate,group_1_Count,group_1_tpr,group_1_tnr,group_1_fpr,group_1_fnr,generation
0.007643302214462078,0.37535718580911615,35.0,0.013005635460821674,0.04614492985331142,0.04614492985331149,0.013005635460821688,0.9918740311061758,0.45638677334272776,0.9930237193541958,0.9862969264401215,0.9510383239797001,0.5549058664781854,0.7964756408205457,0.9329586511441188,0.31512856288618696,4982.0,0.9360978925900748,0.8963254593175853,0.05752961082910321,0.05089647194910353,0.9406019533585809,0.6904857486953031,5017.0,0.9491035280508965,0.9424703891708968,0.1036745406824147,0.06390210740992522,0.9329586511441188,0.6904857486953031,4982.0,0.9491035280508965,0.8963254593175853,0.1036745406824147,0.05089647194910353,0.9406019533585809,0.31512856288618696,5017.0,0.9360978925900748,0.9424703891708968,0.05752961082910321,0.06390210740992522,None
