difference_Accuracy,difference_Selection rate,difference_Count,difference_tpr,difference_tnr,difference_fpr,difference_fnr,ratio_Accuracy,ratio_Selection rate,ratio_Count,ratio_tpr,ratio_tnr,ratio_fpr,ratio_fnr,group_min_Accuracy,group_min_Selection rate,group_min_Count,group_min_tpr,group_min_tnr,group_min_fpr,group_min_fnr,group_max_Accuracy,group_max_Selection rate,group_max_Count,group_max_tpr,group_max_tnr,group_max_fpr,group_max_fnr,group_0_Accuracy,group_0_Selection rate,group_0_Count,group_0_tpr,group_0_tnr,group_0_fpr,group_0_fnr,group_1_Accuracy,group_1_Selection rate,group_1_Count,group_1_tpr,group_1_tnr,group_1_fpr,group_1_fnr,generation
0.009453400033944681,0.36493964212282737,46.0,0.012199162739822356,0.037042105876186615,0.0370421058761866,0.012199162739822453,0.989875388407142,0.4600759218652462,0.9908421262193908,0.9869462881890506,0.960523825039954,0.6247049799386357,0.8429222850757374,0.9242515571629496,0.31096954011546885,4977.0,0.9223367697594502,0.9012987012987013,0.061659192825112105,0.06546406750072738,0.9337049571968943,0.6759091822382962,5023.0,0.9345359324992726,0.9383408071748879,0.0987012987012987,0.07766323024054983,0.9242515571629496,0.6759091822382962,4977.0,0.9345359324992726,0.9012987012987013,0.0987012987012987,0.06546406750072738,0.9337049571968943,0.31096954011546885,5023.0,0.9223367697594502,0.9383408071748879,0.061659192825112105,0.07766323024054983,None
