Accuracy,Selection rate,Count,tpr,tnr,fpr,fnr,generation
0.929,0.4926,10000.0,0.9309076042518397,0.9271730618637432,0.07282693813625685,0.06909239574816026,None
