Accuracy,Selection rate,Count,tpr,tnr,fpr,fnr,generation
0.9367936793679368,0.5021502150215021,9999.0,0.9452221545952526,0.9285996055226824,0.07140039447731755,0.054777845404747415,None
