generation,epoch,gen_loss
0,0,78311.64000717475
0,10,27401.357302295917
0,20,26456.97969148597
