Accuracy,Selection rate,Count,tpr,tnr,fpr,fnr,generation
0.9306930693069307,0.47784778477847784,9999.0,0.9143842564414688,0.9465483234714004,0.053451676528599605,0.08561574355853115,None
0.9306930693069307,0.47784778477847784,9999.0,0.9143842564414688,0.9465483234714004,0.053451676528599605,0.08561574355853115,None
0.9306930693069307,0.47784778477847784,9999.0,0.9143842564414688,0.9465483234714004,0.053451676528599605,0.08561574355853115,None
0.9306930693069307,0.47784778477847784,9999.0,0.9143842564414688,0.9465483234714004,0.053451676528599605,0.08561574355853115,None
0.9306930693069307,0.47784778477847784,9999.0,0.9143842564414688,0.9465483234714004,0.053451676528599605,0.08561574355853115,None
0.9306930693069307,0.47784778477847784,9999.0,0.9143842564414688,0.9465483234714004,0.053451676528599605,0.08561574355853115,None
0.9306930693069307,0.47784778477847784,9999.0,0.9143842564414688,0.9465483234714004,0.053451676528599605,0.08561574355853115,None
0.9323932393239324,0.47934793479347937,9999.0,0.9176303509839724,0.9467455621301775,0.05325443786982249,0.08236964901602759,None
