Accuracy,Selection rate,Count,tpr,tnr,fpr,fnr,generation
0.9242,0.4688,10000.0,0.901676206050695,0.9457713390759592,0.054228660924040724,0.09832379394930499,None
0.9242,0.4688,10000.0,0.901676206050695,0.9457713390759592,0.054228660924040724,0.09832379394930499,None
0.9242,0.4688,10000.0,0.901676206050695,0.9457713390759592,0.054228660924040724,0.09832379394930499,None
0.9242,0.4688,10000.0,0.901676206050695,0.9457713390759592,0.054228660924040724,0.09832379394930499,None
0.9242,0.4688,10000.0,0.901676206050695,0.9457713390759592,0.054228660924040724,0.09832379394930499,None
0.9242,0.4688,10000.0,0.901676206050695,0.9457713390759592,0.054228660924040724,0.09832379394930499,None
0.9242,0.4688,10000.0,0.901676206050695,0.9457713390759592,0.054228660924040724,0.09832379394930499,None
0.9243,0.4689,10000.0,0.901880621422731,0.9457713390759592,0.054228660924040724,0.09811937857726902,None
