Accuracy,Selection rate,Count,tpr,tnr,fpr,fnr,generation
0.9766055505460375,0.38673479611261397,19962.0,0.9700583279325988,0.9807299746876786,0.019270025312321384,0.029941672067401167,None
0.9766055505460375,0.3859332732191163,19962.0,0.9690213869086196,0.9813831958847065,0.018616804115293543,0.030978613091380426,None
0.9766055505460375,0.3859332732191163,19962.0,0.9690213869086196,0.9813831958847065,0.018616804115293543,0.030978613091380426,None
0.9766055505460375,0.3859332732191163,19962.0,0.9690213869086196,0.9813831958847065,0.018616804115293543,0.030978613091380426,None
0.9766055505460375,0.3859332732191163,19962.0,0.9690213869086196,0.9813831958847065,0.018616804115293543,0.030978613091380426,None
0.9766055505460375,0.3859332732191163,19962.0,0.9690213869086196,0.9813831958847065,0.018616804115293543,0.030978613091380426,None
