Accuracy,Selection rate,Count,tpr,tnr,fpr,fnr,generation
0.9819298333920572,0.42779483565711984,19867.0,0.9812012296051076,0.9824699798404768,0.017530020159523183,0.01879877039489241,None
0.9827351890068958,0.4292042079830875,19867.0,0.9838023173327027,0.9819440792356912,0.01805592076430888,0.016197682667297233,None
0.9827351890068958,0.4292042079830875,19867.0,0.9838023173327027,0.9819440792356912,0.01805592076430888,0.016197682667297233,None
0.9827351890068958,0.4292042079830875,19867.0,0.9838023173327027,0.9819440792356912,0.01805592076430888,0.016197682667297233,None
0.9827351890068958,0.4292042079830875,19867.0,0.9838023173327027,0.9819440792356912,0.01805592076430888,0.016197682667297233,None
0.9827351890068958,0.4292042079830875,19867.0,0.9838023173327027,0.9819440792356912,0.01805592076430888,0.016197682667297233,None
