Accuracy,Selection rate,Count,tpr,tnr,fpr,fnr,generation
0.8195571586013426,0.5151788397956116,19962.0,0.8375429379672661,0.8018680445151033,0.19813195548489665,0.16245706203273388,None
0.8183047790802525,0.5158300771465785,19962.0,0.8369367548999798,0.7999801271860095,0.20001987281399047,0.1630632451000202,None
0.8183047790802525,0.5158300771465785,19962.0,0.8369367548999798,0.7999801271860095,0.20001987281399047,0.1630632451000202,None
0.8183047790802525,0.5158300771465785,19962.0,0.8369367548999798,0.7999801271860095,0.20001987281399047,0.1630632451000202,None
0.8183047790802525,0.5158300771465785,19962.0,0.8369367548999798,0.7999801271860095,0.20001987281399047,0.1630632451000202,None
0.8183047790802525,0.5158300771465785,19962.0,0.8369367548999798,0.7999801271860095,0.20001987281399047,0.1630632451000202,None
