Accuracy,Selection rate,Count,tpr,tnr,fpr,fnr,generation
0.810036744349927,0.5291186389490109,19867.0,0.8260743321718932,0.7926586261143157,0.20734137388568433,0.17392566782810684,None
0.808476367846177,0.5299743292897771,19867.0,0.8253968253968254,0.7901415836392239,0.2098584163607761,0.1746031746031746,None
0.808476367846177,0.5299743292897771,19867.0,0.8253968253968254,0.7901415836392239,0.2098584163607761,0.1746031746031746,None
0.808476367846177,0.5299743292897771,19867.0,0.8253968253968254,0.7901415836392239,0.2098584163607761,0.1746031746031746,None
0.808476367846177,0.5299743292897771,19867.0,0.8253968253968254,0.7901415836392239,0.2098584163607761,0.1746031746031746,None
0.808476367846177,0.5299743292897771,19867.0,0.8253968253968254,0.7901415836392239,0.2098584163607761,0.1746031746031746,None
