generation,epoch,gen_loss
0,0,0.5515543605499672
0,0,0.5516210496659923
0,10,0.5267829878150292
0,20,0.5251126535260265
