Accuracy,Selection rate,Count,tpr,tnr,fpr,fnr,generation
0.977306883077848,0.3903416491333534,19962.0,0.9756318859364873,0.9783620478484527,0.02163795215154732,0.02436811406351264,None
