Accuracy,Selection rate,Count,tpr,tnr,fpr,fnr,generation
0.819757539324717,0.5459372808335838,19962.0,0.8687613659325116,0.7715620031796503,0.22843799682034976,0.13123863406748837,None
