Accuracy,Selection rate,Count,tpr,tnr,fpr,fnr,generation
0.9821311722957669,0.4314189359238939,19867.0,0.9856940174982265,0.9794898764133578,0.020510123586642125,0.014305982501773468,None
