Accuracy,Selection rate,Count,tpr,tnr,fpr,fnr,generation
0.8090803845573061,0.5592691397795339,19867.0,0.8541424699961285,0.7602517042475092,0.23974829575249082,0.14585753000387147,None
