difference_Accuracy,difference_Selection rate,difference_Count,difference_tpr,difference_tnr,difference_fpr,difference_fnr,ratio_Accuracy,ratio_Selection rate,ratio_Count,ratio_tpr,ratio_tnr,ratio_fpr,ratio_fnr,group_min_Accuracy,group_min_Selection rate,group_min_Count,group_min_tpr,group_min_tnr,group_min_fpr,group_min_fnr,group_max_Accuracy,group_max_Selection rate,group_max_Count,group_max_tpr,group_max_tnr,group_max_fpr,group_max_fnr,group_0_Accuracy,group_0_Selection rate,group_0_Count,group_0_tpr,group_0_tnr,group_0_fpr,group_0_fnr,group_1_Accuracy,group_1_Selection rate,group_1_Count,group_1_tpr,group_1_tnr,group_1_fpr,group_1_fnr,generation
0.002730161911965401,0.95399393378494,4532.0,0.9756318859364873,0.9783620478484527,0.02163795215154732,0.02436811406351264,0.9972094564400067,0.022178397880853934,0.6299501918837266,0.0,0.0,0.0,0.0,0.9756318859364873,0.02163795215154732,7715.0,0.0,0.0,0.0,0.0,0.9783620478484527,0.9756318859364873,12247.0,0.9756318859364873,0.9783620478484527,0.02163795215154732,0.02436811406351264,0.9783620478484527,0.02163795215154732,12247.0,0.0,0.9783620478484527,0.02163795215154732,0.0,0.9756318859364873,0.9756318859364873,7715.0,0.9756318859364873,0.0,0.0,0.02436811406351264,None
