difference_Accuracy,difference_Selection rate,difference_Count,difference_tpr,difference_tnr,difference_fpr,difference_fnr,ratio_Accuracy,ratio_Selection rate,ratio_Count,ratio_tpr,ratio_tnr,ratio_fpr,ratio_fnr,group_min_Accuracy,group_min_Selection rate,group_min_Count,group_min_tpr,group_min_tnr,group_min_fpr,group_min_fnr,group_max_Accuracy,group_max_Selection rate,group_max_Count,group_max_tpr,group_max_tnr,group_max_fpr,group_max_fnr,group_0_Accuracy,group_0_Selection rate,group_0_Count,group_0_tpr,group_0_tnr,group_0_fpr,group_0_fnr,group_1_Accuracy,group_1_Selection rate,group_1_Count,group_1_tpr,group_1_tnr,group_1_fpr,group_1_fnr,generation
0.010458383497937929,0.4655591893006109,2951.0,0.24676835869135016,0.3088490304361097,0.3088490304361098,0.24676835869135025,0.9871689864192691,0.38537783027879313,0.7413445525462354,0.7310305430526095,0.6494358249135088,0.2781259025292682,0.2506495774447085,0.8046279253221141,0.2919129817923859,8458.0,0.6706903055450774,0.572156652360515,0.11899431720337524,0.08254133576357245,0.8150863088200521,0.7574721710929968,11409.0,0.9174586642364275,0.8810056827966247,0.427843347639485,0.3293096944549227,0.8046279253221141,0.7574721710929968,11409.0,0.9174586642364275,0.572156652360515,0.427843347639485,0.08254133576357245,0.8150863088200521,0.2919129817923859,8458.0,0.6706903055450774,0.8810056827966247,0.11899431720337524,0.3293096944549227,None
