difference_Accuracy,difference_Selection rate,difference_Count,difference_tpr,difference_tnr,difference_fpr,difference_fnr,ratio_Accuracy,ratio_Selection rate,ratio_Count,ratio_tpr,ratio_tnr,ratio_fpr,ratio_fnr,group_min_Accuracy,group_min_Selection rate,group_min_Count,group_min_tpr,group_min_tnr,group_min_fpr,group_min_fnr,group_max_Accuracy,group_max_Selection rate,group_max_Count,group_max_tpr,group_max_tnr,group_max_fpr,group_max_fnr,group_0_Accuracy,group_0_Selection rate,group_0_Count,group_0_tpr,group_0_tnr,group_0_fpr,group_0_fnr,group_1_Accuracy,group_1_Selection rate,group_1_Count,group_1_tpr,group_1_tnr,group_1_fpr,group_1_fnr,generation
0.0229377374468841,0.4520985604103397,4532.0,0.2013162950770926,0.2462799028033662,0.24627990280336615,0.20131629507709253,0.9724911169900963,0.3726658656984556,0.6299501918837266,0.7782103905208352,0.718821154071575,0.3350910540527233,0.3143783117837098,0.8108924634604393,0.26856772521062866,7715.0,0.7063740856844305,0.6296035655641566,0.12411653163247716,0.09230961923847696,0.8338302009073234,0.7206662856209683,12247.0,0.9076903807615231,0.8758834683675228,0.3703964344358433,0.2936259143155695,0.8108924634604393,0.7206662856209683,12247.0,0.9076903807615231,0.6296035655641566,0.3703964344358433,0.09230961923847696,0.8338302009073234,0.26856772521062866,7715.0,0.7063740856844305,0.8758834683675228,0.12411653163247716,0.2936259143155695,None
