Accuracy,Selection rate,Count,tpr,tnr,fpr,fnr,generation
0.565975353171025,0.865043582807334,19962.0,0.9346332592442917,0.20339825119236885,0.7966017488076311,0.06536674075570822,0
0.5217914036669672,0.931269411882577,19962.0,0.9568599717114569,0.09389904610492845,0.9061009538950715,0.04314002828854314,1
0.5242460675283038,0.8934475503456567,19962.0,0.9211962012527783,0.13384340222575516,0.8661565977742448,0.07880379874722167,2
0.5038573289249574,0.9815649734495542,19962.0,0.9894928268337038,0.026232114467408585,0.9737678855325914,0.010507173166296221,3
0.5008516180743412,0.985873159002104,19962.0,0.9908062234794908,0.0189785373608903,0.9810214626391097,0.009193776520509194,4
