Accuracy,Selection rate,Count,tpr,tnr,fpr,fnr,generation
0.5840338249358232,0.8685760306035134,19867.0,0.9351529229578011,0.20356581017304667,0.7964341898269534,0.064847077042199,0
0.5446217345346555,0.9334574923239543,19867.0,0.9596399535423926,0.09491347666491871,0.9050865233350813,0.040360046457607435,1
0.5461821110384054,0.8910253183671415,19867.0,0.920344560588463,0.14074462506554797,0.859255374934452,0.07965543941153697,2
0.5295213167564302,0.9802687874364524,19867.0,0.9901277584204413,0.030414263240692185,0.9695857367593078,0.009872241579558653,3
0.5250415261488901,0.9853525947551216,19867.0,0.9907084785133565,0.02045097011012061,0.9795490298898794,0.009291521486643438,4
