proba_0,proba_1,generation
0.95290804,0.888639,0
0.95231956,0.95452136,1
0.9480642,0.8229599,2
0.94875234,0.93409884,3
0.94593763,0.8269268,4
0.95289326,0.71493876,5
