difference_Accuracy,difference_Selection rate,difference_Count,difference_tpr,difference_tnr,difference_fpr,difference_fnr,ratio_Accuracy,ratio_Selection rate,ratio_Count,ratio_tpr,ratio_tnr,ratio_fpr,ratio_fnr,group_min_Accuracy,group_min_Selection rate,group_min_Count,group_min_tpr,group_min_tnr,group_min_fpr,group_min_fnr,group_max_Accuracy,group_max_Selection rate,group_max_Count,group_max_tpr,group_max_tnr,group_max_fpr,group_max_fnr,generation
0.0062256413301159386,0.36910817952002134,35.0,0.011488547232223256,0.028439497093320165,0.028439497093320193,0.011488547232223215,0.9933938150268207,0.4575525220151191,0.9930237193541958,0.9878323441564998,0.969950400270288,0.6532656514382402,0.8292964345595925,0.9361702127659575,0.3113414391070361,4982.0,0.9326988443235894,0.9179790026246719,0.05358150028200789,0.055812608444187395,0.9423958540960734,0.6804496186270574,5017.0,0.9441873915558127,0.9464184997179921,0.08202099737532809,0.06730115567641061,None
