Accuracy,Selection rate,Count,tpr,tnr,fpr,fnr,generation
0.9392939293929393,0.49524952495249525,9999.0,0.9407587745993102,0.9378698224852071,0.0621301775147929,0.059241225400689795,None
