difference_Accuracy,difference_Selection rate,difference_Count,difference_tpr,difference_tnr,difference_fpr,difference_fnr,ratio_Accuracy,ratio_Selection rate,ratio_Count,ratio_tpr,ratio_tnr,ratio_fpr,ratio_fnr,group_min_Accuracy,group_min_Selection rate,group_min_Count,group_min_tpr,group_min_tnr,group_min_fpr,group_min_fnr,group_max_Accuracy,group_max_Selection rate,group_max_Count,group_max_tpr,group_max_tnr,group_max_fpr,group_max_fnr,generation
0.007842325943617001,0.36088803639085004,46.0,0.01362412477116326,0.024260380874730703,0.024260380874730647,0.013624124771163218,0.9916044323924151,0.4599700068799577,0.9908421262193908,0.9853576870423739,0.9742224422391188,0.708117292600897,0.8361727145285746,0.9262607996785212,0.30738602428827394,4977.0,0.9168384879725086,0.9168831168831169,0.05885650224215247,0.06953738725632819,0.9341031256221382,0.668274060679124,5023.0,0.9304626127436718,0.9411434977578476,0.08311688311688312,0.0831615120274914,None
