Accuracy,Selection rate,Count,tpr,tnr,fpr,fnr,generation
0.9302,0.487,10000.0,0.9264104660670482,0.9338292873923257,0.06617071260767424,0.07358953393295176,None
