Accuracy,Selection rate,Count,tpr,tnr,fpr,fnr,generation
0.8096340665425077,0.5458297679569135,19867.0,0.841753774680604,0.7748295752490824,0.22517042475091767,0.15824622531939606,None
