difference_Accuracy,difference_Selection rate,difference_Count,difference_tpr,difference_tnr,difference_fpr,difference_fnr,ratio_Accuracy,ratio_Selection rate,ratio_Count,ratio_tpr,ratio_tnr,ratio_fpr,ratio_fnr,group_min_Accuracy,group_min_Selection rate,group_min_Count,group_min_tpr,group_min_tnr,group_min_fpr,group_min_fnr,group_max_Accuracy,group_max_Selection rate,group_max_Count,group_max_tpr,group_max_tnr,group_max_fpr,group_max_fnr,group_0_Accuracy,group_0_Selection rate,group_0_Count,group_0_tpr,group_0_tnr,group_0_fpr,group_0_fnr,group_1_Accuracy,group_1_Selection rate,group_1_Count,group_1_tpr,group_1_tnr,group_1_fpr,group_1_fnr,generation
0.008464825583449853,0.4720094097533608,2951.0,0.2681594263446557,0.30239486382795366,0.3023948638279537,0.2681594263446557,0.9896072732203776,0.3679395122211158,0.7413445525462354,0.7055000638042178,0.6613947215100411,0.2612529145802023,0.25011535945181185,0.806030326934876,0.2747694490423268,8458.0,0.6423990946812523,0.5906652360515021,0.10693990012054418,0.08944147897409191,0.8144951525183258,0.7467788587956876,11409.0,0.9105585210259081,0.8930600998794558,0.4093347639484979,0.35760090531874766,0.806030326934876,0.7467788587956876,11409.0,0.9105585210259081,0.5906652360515021,0.4093347639484979,0.08944147897409191,0.8144951525183258,0.2747694490423268,8458.0,0.6423990946812523,0.8930600998794558,0.10693990012054418,0.35760090531874766,None
