Accuracy,Selection rate,Count,tpr,tnr,fpr,fnr,generation
0.8199579200480914,0.5291053000701332,19962.0,0.8519903010709234,0.7884538950715422,0.21154610492845788,0.1480096989290766,None
