Accuracy,Selection rate,Count,tpr,tnr,fpr,fnr,generation
0.9753030758441038,0.38603346358080354,19962.0,0.9674659753726507,0.9802400587899077,0.019759941210092266,0.03253402462734932,None
