Accuracy,Selection rate,Count,tpr,tnr,fpr,fnr,generation
0.9819801681179846,0.4271404842200634,19867.0,0.9804918420430362,0.9830835305460601,0.016916469453939872,0.019508157956963822,None
