difference_Accuracy,difference_Selection rate,difference_Count,difference_tpr,difference_tnr,difference_fpr,difference_fnr,ratio_Accuracy,ratio_Selection rate,ratio_Count,ratio_tpr,ratio_tnr,ratio_fpr,ratio_fnr,group_min_Accuracy,group_min_Selection rate,group_min_Count,group_min_tpr,group_min_tnr,group_min_fpr,group_min_fnr,group_max_Accuracy,group_max_Selection rate,group_max_Count,group_max_tpr,group_max_tnr,group_max_fpr,group_max_fnr,group_0_Accuracy,group_0_Selection rate,group_0_Count,group_0_tpr,group_0_tnr,group_0_fpr,group_0_fnr,group_1_Accuracy,group_1_Selection rate,group_1_Count,group_1_tpr,group_1_tnr,group_1_fpr,group_1_fnr,generation
0.028526694621895055,0.46691732566034794,4532.0,0.23622833441177027,0.2527953979801504,0.2527953979801504,0.23622833441177024,0.965936627610599,0.34196358028052,0.6299501918837266,0.7368428879665727,0.7177158606962748,0.29240526487893553,0.30225149372819715,0.8089327998693557,0.2426441996111471,7715.0,0.6614420062695925,0.6427398545625147,0.10446474745733494,0.10232965931863727,0.8374594944912508,0.7095615252714951,12247.0,0.8976703406813628,0.8955352525426651,0.35726014543748535,0.3385579937304075,0.8089327998693557,0.7095615252714951,12247.0,0.8976703406813628,0.6427398545625147,0.35726014543748535,0.10232965931863727,0.8374594944912508,0.2426441996111471,7715.0,0.6614420062695925,0.8955352525426651,0.10446474745733494,0.3385579937304075,None
