Accuracy,Selection rate,Count,tpr,tnr,fpr,fnr,generation
0.5306286807268334,0.9830875320883877,19867.0,0.9939024390243902,0.02863135815416885,0.9713686418458312,0.006097560975609756,0
0.5612321940907031,0.8887602557004077,19867.0,0.9326364692218351,0.1587834294703723,0.8412165705296277,0.06736353077816493,1
0.547339809734736,0.93003473096089,19867.0,0.9589624467673248,0.10131095962244363,0.8986890403775564,0.04103755323267518,2
0.5429606885790507,0.8428046509286757,19867.0,0.8708865660085172,0.18762454116413216,0.8123754588358678,0.12911343399148278,3
0.4799919464438516,0.0017617154074596065,19867.0,0.0017421602787456446,0.9982170949134767,0.0017829050865233351,0.9982578397212544,4
0.4799416117179242,0.0,19867.0,0.0,1.0,0.0,1.0,5
0.4799416117179242,0.0,19867.0,0.0,1.0,0.0,1.0,6
0.4799416117179242,0.0,19867.0,0.0,1.0,0.0,1.0,7
0.4799416117179242,0.0,19867.0,0.0,1.0,0.0,1.0,8
