Accuracy,Selection rate,Count,tpr,tnr,fpr,fnr,generation
0.5069131349564172,0.9858230638212604,19962.0,0.996868054152354,0.025039745627980923,0.974960254372019,0.003131945847645989,0
0.543632902514778,0.891894599739505,19962.0,0.9391796322489392,0.15461049284578696,0.845389507154213,0.06082036775106082,1
0.5260494940386735,0.9326219817653542,19962.0,0.9625176803394625,0.0967806041335453,0.9032193958664547,0.03748231966053748,2
0.5304077747720669,0.8537220719366797,19962.0,0.8873509799959588,0.17935214626391097,0.8206478537360891,0.11264902000404121,3
0.5040076144674882,0.002053902414587717,19962.0,0.0019195797130733482,0.9978139904610492,0.0021860095389507153,0.9980804202869267,4
0.504157900010019,0.0,19962.0,0.0,1.0,0.0,1.0,5
0.504157900010019,0.0,19962.0,0.0,1.0,0.0,1.0,6
0.504157900010019,0.0,19962.0,0.0,1.0,0.0,1.0,7
0.504157900010019,0.0,19962.0,0.0,1.0,0.0,1.0,8
