Accuracy,Selection rate,Count,tpr,tnr,fpr,fnr,generation
0.9271,0.4995,10000.0,0.9360179885527392,0.9185591229444009,0.08144087705559906,0.06398201144726083,None
