Accuracy,Selection rate,Count,tpr,tnr,fpr,fnr,generation
0.9337933793379338,0.5073507350735074,9999.0,0.9474538445932238,0.9205128205128205,0.07948717948717948,0.05254615540677622,None
