difference_Accuracy,difference_Selection rate,difference_Count,difference_tpr,difference_tnr,difference_fpr,difference_fnr,ratio_Accuracy,ratio_Selection rate,ratio_Count,ratio_tpr,ratio_tnr,ratio_fpr,ratio_fnr,group_min_Accuracy,group_min_Selection rate,group_min_Count,group_min_tpr,group_min_tnr,group_min_fpr,group_min_fnr,group_max_Accuracy,group_max_Selection rate,group_max_Count,group_max_tpr,group_max_tnr,group_max_fpr,group_max_fnr,generation
0.017671053919500856,0.372803288517585,46.0,0.006755871769414501,0.06375429503232188,0.06375429503232193,0.006755871769414515,0.9811185484284933,0.4571556562457517,0.9908421262193908,0.9927977880671596,0.9320157427748582,0.4939092043825991,0.9017020657550188,0.9182238296162347,0.31395580330479794,4977.0,0.9312714776632303,0.874025974025974,0.062219730941704035,0.06197265056735525,0.9358948835357356,0.6867590918223829,5023.0,0.9380273494326448,0.9377802690582959,0.12597402597402596,0.06872852233676977,None
