difference_Accuracy,difference_Selection rate,difference_Count,difference_tpr,difference_tnr,difference_fpr,difference_fnr,ratio_Accuracy,ratio_Selection rate,ratio_Count,ratio_tpr,ratio_tnr,ratio_fpr,ratio_fnr,group_min_Accuracy,group_min_Selection rate,group_min_Count,group_min_tpr,group_min_tnr,group_min_fpr,group_min_fnr,group_max_Accuracy,group_max_Selection rate,group_max_Count,group_max_tpr,group_max_tnr,group_max_fpr,group_max_fnr,generation
0.015265159877532408,0.3785939527805382,35.0,0.005527729274553805,0.06648058586585304,0.06648058586585306,0.005527729274553847,0.983784605736697,0.45706532160257884,0.9930237193541958,0.9941758416113934,0.9293132961078516,0.47231034968979135,0.9020326534594132,0.9261340826977118,0.318716364361172,4982.0,0.9435757987763427,0.8740157480314961,0.05950366610265088,0.05089647194910353,0.9413992425752442,0.6973103171417102,5017.0,0.9491035280508965,0.9404963338973491,0.12598425196850394,0.05642420122365738,None
