difference_Accuracy,difference_Selection rate,difference_Count,difference_tpr,difference_tnr,difference_fpr,difference_fnr,ratio_Accuracy,ratio_Selection rate,ratio_Count,ratio_tpr,ratio_tnr,ratio_fpr,ratio_fnr,group_min_Accuracy,group_min_Selection rate,group_min_Count,group_min_tpr,group_min_tnr,group_min_fpr,group_min_fnr,group_max_Accuracy,group_max_Selection rate,group_max_Count,group_max_tpr,group_max_tnr,group_max_fpr,group_max_fnr,generation
0.01586089561655124,0.3669967256507148,46.0,0.001468354784750936,0.05326204064993312,0.05326204064993302,0.0014683547847509498,0.9830562997273635,0.4627815577754096,0.9908421262193908,0.9984326908710593,0.9431191376716668,0.5443136522172397,0.9772717424275252,0.9202330721318063,0.31614572964363924,4977.0,0.9353951890034364,0.8831168831168831,0.06362107623318386,0.06313645621181263,0.9360939677483575,0.683142455294354,5023.0,0.9368635437881874,0.9363789237668162,0.11688311688311688,0.06460481099656358,None
