Accuracy,Selection rate,Count,tpr,tnr,fpr,fnr,generation
0.9375937593759376,0.5075507550755075,9999.0,0.9515114627713532,0.9240631163708086,0.07593688362919132,0.04848853722864679,None
