Accuracy,Selection rate,Count,tpr,tnr,fpr,fnr,generation
0.9282,0.4988,10000.0,0.9364268192968112,0.9203210649960846,0.07967893500391543,0.06357318070318888,None
