difference_Accuracy,difference_Selection rate,difference_Count,difference_tpr,difference_tnr,difference_fpr,difference_fnr,ratio_Accuracy,ratio_Selection rate,ratio_Count,ratio_tpr,ratio_tnr,ratio_fpr,ratio_fnr,group_min_Accuracy,group_min_Selection rate,group_min_Count,group_min_tpr,group_min_tnr,group_min_fpr,group_min_fnr,group_max_Accuracy,group_max_Selection rate,group_max_Count,group_max_tpr,group_max_tnr,group_max_fpr,group_max_fnr,generation
0.010037970458850132,0.3797954877943294,35.0,0.009373430962754337,0.05842226574470066,0.0584222657447007,0.009373430962754378,0.989350708861905,0.4559686255919065,0.9930237193541958,0.9901777805244835,0.9379558687239568,0.499800376433012,0.8297738648615841,0.932557205941389,0.31831771975284034,4982.0,0.9449354180829368,0.8832020997375328,0.0583756345177665,0.04569115095430885,0.9425951764002392,0.6981132075471698,5017.0,0.9543088490456911,0.9416243654822335,0.1167979002624672,0.055064581917063225,None
