difference_Accuracy,difference_Selection rate,difference_Count,difference_tpr,difference_tnr,difference_fpr,difference_fnr,ratio_Accuracy,ratio_Selection rate,ratio_Count,ratio_tpr,ratio_tnr,ratio_fpr,ratio_fnr,group_min_Accuracy,group_min_Selection rate,group_min_Count,group_min_tpr,group_min_tnr,group_min_fpr,group_min_fnr,group_max_Accuracy,group_max_Selection rate,group_max_Count,group_max_tpr,group_max_tnr,group_max_fpr,group_max_fnr,group_0_Accuracy,group_0_Selection rate,group_0_Count,group_0_tpr,group_0_tnr,group_0_fpr,group_0_fnr,group_1_Accuracy,group_1_Selection rate,group_1_Count,group_1_tpr,group_1_tnr,group_1_fpr,group_1_fnr,generation
0.014655350107208198,0.3765822084795314,46.0,0.015665383880891892,0.06099309882942161,0.0609930988294217,0.015665383880891885,0.9843441464082291,0.4513320692029778,0.9908421262193908,0.9833358327457056,0.9351732568890747,0.49227366379832743,0.792789695030021,0.9214386176411493,0.30977503483973723,4977.0,0.9243986254295533,0.8798701298701299,0.05913677130044843,0.059935990689554845,0.9360939677483575,0.6863572433192686,5023.0,0.9400640093104452,0.9408632286995515,0.12012987012987013,0.07560137457044673,0.9214386176411493,0.6863572433192686,4977.0,0.9400640093104452,0.8798701298701299,0.12012987012987013,0.059935990689554845,0.9360939677483575,0.30977503483973723,5023.0,0.9243986254295533,0.9408632286995515,0.05913677130044843,0.07560137457044673,None
