Accuracy,Selection rate,Count,tpr,tnr,fpr,fnr,generation
0.9288,0.4972,10000.0,0.9354047424366312,0.9224745497259201,0.07752545027407988,0.06459525756336877,None
