difference_Accuracy,difference_Selection rate,difference_Count,difference_tpr,difference_tnr,difference_fpr,difference_fnr,ratio_Accuracy,ratio_Selection rate,ratio_Count,ratio_tpr,ratio_tnr,ratio_fpr,ratio_fnr,group_min_Accuracy,group_min_Selection rate,group_min_Count,group_min_tpr,group_min_tnr,group_min_fpr,group_min_fnr,group_max_Accuracy,group_max_Selection rate,group_max_Count,group_max_tpr,group_max_tnr,group_max_fpr,group_max_fnr,group_0_Accuracy,group_0_Selection rate,group_0_Count,group_0_tpr,group_0_tnr,group_0_fpr,group_0_fnr,group_1_Accuracy,group_1_Selection rate,group_1_Count,group_1_tpr,group_1_tnr,group_1_fpr,group_1_fnr,generation
0.014477672741262548,0.38699489579668395,35.0,0.01842897522528275,0.07707697705299532,0.07707697705299527,0.018428975225282793,0.9845852113448824,0.4483523402406068,0.9930237193541958,0.9806240813836948,0.9181691734640954,0.42978003384094754,0.726171489329384,0.9247290244881574,0.31453059597368943,4982.0,0.9326988443235894,0.8648293963254593,0.0580936266215454,0.04887218045112782,0.93920669722942,0.7015254917703734,5017.0,0.9511278195488722,0.9419063733784546,0.13517060367454067,0.06730115567641061,0.9247290244881574,0.7015254917703734,4982.0,0.9511278195488722,0.8648293963254593,0.13517060367454067,0.04887218045112782,0.93920669722942,0.31453059597368943,5017.0,0.9326988443235894,0.9419063733784546,0.0580936266215454,0.06730115567641061,None
