Accuracy,Selection rate,Count,tpr,tnr,fpr,fnr,generation
0.931993199319932,0.5073507350735074,9999.0,0.9456279164130655,0.9187376725838264,0.08126232741617356,0.05437208358693447,None
