difference_Accuracy,difference_Selection rate,difference_Count,difference_tpr,difference_tnr,difference_fpr,difference_fnr,ratio_Accuracy,ratio_Selection rate,ratio_Count,ratio_tpr,ratio_tnr,ratio_fpr,ratio_fnr,group_min_Accuracy,group_min_Selection rate,group_min_Count,group_min_tpr,group_min_tnr,group_min_fpr,group_min_fnr,group_max_Accuracy,group_max_Selection rate,group_max_Count,group_max_tpr,group_max_tnr,group_max_fpr,group_max_fnr,generation
0.008634312546494938,0.36750799989789834,35.0,0.00781545192794253,0.03050015321688848,0.030500153216888502,0.007815451927942536,0.9908379132728923,0.45926613836641184,0.9930237193541958,0.9917022312659425,0.9677538630569211,0.6396726085074568,0.8814790743710982,0.9337615415495785,0.31213872832369943,4982.0,0.9340584636301835,0.9153543307086615,0.05414551607445008,0.058126084441873914,0.9423958540960734,0.6796467282215978,5017.0,0.941873915558126,0.9458544839255499,0.08464566929133858,0.06594153636981645,None
