difference_Accuracy,difference_Selection rate,difference_Count,difference_tpr,difference_tnr,difference_fpr,difference_fnr,ratio_Accuracy,ratio_Selection rate,ratio_Count,ratio_tpr,ratio_tnr,ratio_fpr,ratio_fnr,group_min_Accuracy,group_min_Selection rate,group_min_Count,group_min_tpr,group_min_tnr,group_min_fpr,group_min_fnr,group_max_Accuracy,group_max_Selection rate,group_max_Count,group_max_tpr,group_max_tnr,group_max_fpr,group_max_fnr,generation
0.00725059342255685,0.35950364709717253,46.0,0.011853220512174523,0.024335361947469547,0.024335361947469575,0.011853220512174467,0.9922279703880702,0.46284909888843356,0.9908421262193908,0.9872649206313399,0.9740732841359895,0.7160874439461883,0.8538437640236114,0.9256580269238497,0.30977503483973723,4977.0,0.9189003436426116,0.9142857142857143,0.06137892376681614,0.06924643584521385,0.9329086203464065,0.6692786819369098,5023.0,0.9307535641547862,0.9386210762331838,0.08571428571428572,0.08109965635738832,None
