Accuracy,Selection rate,Count,tpr,tnr,fpr,fnr,generation
0.9293,0.4887,10000.0,0.9272281275551921,0.9312842599843383,0.0687157400156617,0.07277187244480784,None
