Accuracy,Selection rate,Count,tpr,tnr,fpr,fnr,generation
0.9380938093809381,0.49524952495249525,9999.0,0.9395414891458713,0.9366863905325444,0.06331360946745562,0.06045851085412863,None
