difference_Accuracy,difference_Selection rate,difference_Count,difference_tpr,difference_tnr,difference_fpr,difference_fnr,ratio_Accuracy,ratio_Selection rate,ratio_Count,ratio_tpr,ratio_tnr,ratio_fpr,ratio_fnr,group_min_Accuracy,group_min_Selection rate,group_min_Count,group_min_tpr,group_min_tnr,group_min_fpr,group_min_fnr,group_max_Accuracy,group_max_Selection rate,group_max_Count,group_max_tpr,group_max_tnr,group_max_fpr,group_max_fnr,group_0_Accuracy,group_0_Selection rate,group_0_Count,group_0_tpr,group_0_tnr,group_0_fpr,group_0_fnr,group_1_Accuracy,group_1_Selection rate,group_1_Count,group_1_tpr,group_1_tnr,group_1_fpr,group_1_fnr,generation
0.006269892670928923,0.371607303210536,46.0,0.040478640067108884,0.029599324442373787,0.029599324442373766,0.04047864006710879,0.9932605026993203,0.44107296824453385,0.9908421262193908,0.9563049353295687,0.9687912560252986,0.6353363228699552,0.6452022813394983,0.9240506329113924,0.29325104519211626,4977.0,0.8859106529209622,0.9188311688311688,0.0515695067264574,0.07361070701192901,0.9303205255823214,0.6648583484026522,5023.0,0.926389292988071,0.9484304932735426,0.08116883116883117,0.1140893470790378,0.9240506329113924,0.6648583484026522,4977.0,0.926389292988071,0.9188311688311688,0.08116883116883117,0.07361070701192901,0.9303205255823214,0.29325104519211626,5023.0,0.8859106529209622,0.9484304932735426,0.0515695067264574,0.1140893470790378,None
