difference_Accuracy,difference_Selection rate,difference_Count,difference_tpr,difference_tnr,difference_fpr,difference_fnr,ratio_Accuracy,ratio_Selection rate,ratio_Count,ratio_tpr,ratio_tnr,ratio_fpr,ratio_fnr,group_min_Accuracy,group_min_Selection rate,group_min_Count,group_min_tpr,group_min_tnr,group_min_fpr,group_min_fnr,group_max_Accuracy,group_max_Selection rate,group_max_Count,group_max_tpr,group_max_tnr,group_max_fpr,group_max_fnr,group_0_Accuracy,group_0_Selection rate,group_0_Count,group_0_tpr,group_0_tnr,group_0_fpr,group_0_fnr,group_1_Accuracy,group_1_Selection rate,group_1_Count,group_1_tpr,group_1_tnr,group_1_fpr,group_1_fnr,generation
0.004330039007478859,0.3804387443190943,35.0,0.05434683031377008,0.026010232223510066,0.026010232223510135,0.05434683031377009,0.9953687732212839,0.43724886454936823,0.9930237193541958,0.9421927593894134,0.9725988462672113,0.6612000520629961,0.5241417417169297,0.930635838150289,0.29559497707793503,4982.0,0.8857919782460911,0.9232283464566929,0.050761421319796954,0.05986119144013881,0.9349658771577679,0.6760337213970293,5017.0,0.9401388085598612,0.949238578680203,0.07677165354330709,0.1142080217539089,0.9349658771577679,0.6760337213970293,4982.0,0.9401388085598612,0.9232283464566929,0.07677165354330709,0.05986119144013881,0.930635838150289,0.29559497707793503,5017.0,0.8857919782460911,0.949238578680203,0.050761421319796954,0.1142080217539089,None
