Accuracy,Selection rate,Count,tpr,tnr,fpr,fnr,generation
0.9272,0.4782,10000.0,0.9143499591169256,0.9395066562255285,0.060493343774471416,0.0856500408830744,None
