Accuracy,Selection rate,Count,tpr,tnr,fpr,fnr,generation
0.9327932793279328,0.48514851485148514,9999.0,0.923919659160073,0.9414201183431953,0.058579881656804736,0.07608034083992696,None
