Accuracy,Selection rate,Count,tpr,tnr,fpr,fnr,generation
0.8857620640229336,0.6273291925465838,20930.0,0.923629191321499,0.8276196244700181,0.17238037552998184,0.07637080867850099,None
0.9055422838031534,0.6432871476349737,20930.0,0.9531360946745562,0.832465172622653,0.16753482737734707,0.04686390532544379,None
0.8946488294314381,0.6065456282847587,20930.0,0.9154126405829242,0.8630780346820809,0.1369219653179191,0.08458735941707587,None
0.7728619206880076,0.47921643573817485,20930.0,0.7089339458260732,0.8700626204238922,0.1299373795761079,0.29106605417392684,None
0.8913521261347348,0.599617773530817,20930.0,0.9069380643117377,0.8676541425818882,0.13234585741811175,0.09306193568826232,None
