Accuracy,Selection rate,Count,tpr,tnr,fpr,fnr,generation
1.0,0.45809842331581463,20930.0,1.0,1.0,0.0,0.0,None
1.0,0.45809842331581463,20930.0,1.0,1.0,0.0,0.0,None
1.0,0.458719541328237,20930.0,1.0,1.0,0.0,0.0,None
1.0,0.458719541328237,20930.0,1.0,1.0,0.0,0.0,None
