Accuracy,Selection rate,Count,tpr,tnr,fpr,fnr,generation
0.8533343577135832,0.6382529194837123,26032.0,0.8993820610448786,0.779642393367296,0.220357606632704,0.1006179389551214,None
0.8837584511370621,0.6589966195451752,26032.0,0.9409524998439548,0.7922285485965438,0.2077714514034562,0.05904750015604519,None
0.8767670559311617,0.6152427781192379,26032.0,0.8990528414755733,0.8409455128205128,0.15905448717948717,0.10094715852442672,None
0.7158113091579594,0.4506760909649662,26032.0,0.6350324027916251,0.8456530448717948,0.15434695512820512,0.36496759720837485,None
0.8744622003687769,0.6045636140135218,26032.0,0.8885219341974078,0.8518629807692307,0.14813701923076922,0.11147806580259223,None
