Accuracy,Selection rate,Count,tpr,tnr,fpr,fnr,generation
0.9336933693369337,0.5084508450845084,9999.0,0.9484682491377562,0.9193293885601578,0.08067061143984221,0.05153175086224386,None
0.9336933693369337,0.5084508450845084,9999.0,0.9484682491377562,0.9193293885601578,0.08067061143984221,0.05153175086224386,None
0.9336933693369337,0.5084508450845084,9999.0,0.9484682491377562,0.9193293885601578,0.08067061143984221,0.05153175086224386,None
0.9336933693369337,0.5084508450845084,9999.0,0.9484682491377562,0.9193293885601578,0.08067061143984221,0.05153175086224386,None
0.9336933693369337,0.5084508450845084,9999.0,0.9484682491377562,0.9193293885601578,0.08067061143984221,0.05153175086224386,None
0.9336933693369337,0.5084508450845084,9999.0,0.9484682491377562,0.9193293885601578,0.08067061143984221,0.05153175086224386,None
0.9336933693369337,0.5084508450845084,9999.0,0.9484682491377562,0.9193293885601578,0.08067061143984221,0.05153175086224386,None
0.9314931493149315,0.5116511651165117,9999.0,0.9494826536822885,0.9140039447731756,0.08599605522682446,0.0505173463177115,None
