Accuracy,Selection rate,Count,tpr,tnr,fpr,fnr,generation
0.9265,0.5003,10000.0,0.9362224039247752,0.9171887235708692,0.08281127642913078,0.06377759607522486,None
0.9265,0.5003,10000.0,0.9362224039247752,0.9171887235708692,0.08281127642913078,0.06377759607522486,None
0.9265,0.5003,10000.0,0.9362224039247752,0.9171887235708692,0.08281127642913078,0.06377759607522486,None
0.9265,0.5003,10000.0,0.9362224039247752,0.9171887235708692,0.08281127642913078,0.06377759607522486,None
0.9265,0.5003,10000.0,0.9362224039247752,0.9171887235708692,0.08281127642913078,0.06377759607522486,None
0.9265,0.5003,10000.0,0.9362224039247752,0.9171887235708692,0.08281127642913078,0.06377759607522486,None
0.9265,0.5003,10000.0,0.9362224039247752,0.9171887235708692,0.08281127642913078,0.06377759607522486,None
0.9249,0.5025,10000.0,0.9368356500408831,0.913469068128426,0.086530931871574,0.06316434995911692,None
