generation,epoch,gen_loss
0,0,0.5521222729259317
0,10,0.5267509423290033
0,20,0.5251127391139854
