Accuracy,Selection rate,Count,tpr,tnr,fpr,fnr,generation
0.8813767670559312,0.6302627535341119,26032.0,0.9156731789526247,0.8264908600539407,0.17350913994605932,0.08432682104737532,None
0.8801090964966195,0.6162415488629379,26032.0,0.9032519817739217,0.8430726201178703,0.15692737988212965,0.09674801822607827,None
0.8445374923171481,0.6415181315304241,26032.0,0.8948879595530865,0.7639596443911697,0.2360403556088303,0.10511204044691343,None
0.8712738168408113,0.6341425937307928,26032.0,0.9104635926873401,0.808495752123938,0.19150424787606196,0.08953640731265988,None
0.6754763368162262,0.9088429625076828,26032.0,0.9745429587570974,0.19640179910044978,0.8035982008995503,0.0254570412429026,None
0.6754763368162262,0.9088429625076828,26032.0,0.9745429587570974,0.19640179910044978,0.8035982008995503,0.0254570412429026,None
0.6754763368162262,0.9088429625076828,26032.0,0.9745429587570974,0.19640179910044978,0.8035982008995503,0.0254570412429026,None
0.7214197910264291,0.8022049784880148,26032.0,0.925251138703438,0.3949025487256372,0.6050974512743628,0.07474886129656205,None
0.8671250768285187,0.6509680393362016,26032.0,0.9207587196605728,0.7812093953023488,0.2187906046976512,0.07924128033942722,None
