Accuracy,Selection rate,Count,tpr,tnr,fpr,fnr,generation
0.9055422838031534,0.6217869087434305,20930.0,0.9353846153846154,0.8597213809812235,0.1402786190187765,0.06461538461538462,None
0.9049689440993789,0.6115623506927855,20930.0,0.9264694280078896,0.8719563900666263,0.12804360993337371,0.07353057199211045,None
0.8829909221213569,0.6294314381270903,20930.0,0.9230769230769231,0.8214415505754088,0.17855844942459115,0.07692307692307693,None
0.8950310559006212,0.6287625418060201,20930.0,0.9307662082514735,0.8396099939061548,0.1603900060938452,0.06923379174852652,None
0.6975633062589585,0.8922599139990445,20930.0,0.9850687622789784,0.25167580743449114,0.7483241925655089,0.01493123772102161,None
0.6975633062589585,0.8922599139990445,20930.0,0.9850687622789784,0.25167580743449114,0.7483241925655089,0.01493123772102161,None
0.6975633062589585,0.8922599139990445,20930.0,0.9850687622789784,0.25167580743449114,0.7483241925655089,0.01493123772102161,None
0.7519350215002389,0.7979455327281414,20930.0,0.9522200392927308,0.4413162705667276,0.5586837294332724,0.047779960707269156,None
0.8919732441471572,0.6419493549928332,20930.0,0.9390962671905697,0.8188909201706277,0.18110907982937233,0.060903732809430254,None
