Accuracy,Selection rate,Count,tpr,tnr,fpr,fnr,generation
0.9224,0.4692,10000.0,0.9002452984464432,0.9436178543461238,0.056382145653876274,0.09975470155355683,None
