difference_Accuracy,difference_Selection rate,difference_Count,difference_tpr,difference_tnr,difference_fpr,difference_fnr,ratio_Accuracy,ratio_Selection rate,ratio_Count,ratio_tpr,ratio_tnr,ratio_fpr,ratio_fnr,group_min_Accuracy,group_min_Selection rate,group_min_Count,group_min_tpr,group_min_tnr,group_min_fpr,group_min_fnr,group_max_Accuracy,group_max_Selection rate,group_max_Count,group_max_tpr,group_max_tnr,group_max_fpr,group_max_fnr,generation
0.00632886323793358,0.3824151637943637,35.0,0.06270742746108593,0.023016951561257826,0.023016951561257888,0.06270742746108592,0.993236723155001,0.43230263825282483,0.9930237193541958,0.9332176519370388,0.9758096887266686,0.6781850075288347,0.49317238574034405,0.929439904325294,0.29120988638628664,4982.0,0.876274643099932,0.928477690288714,0.048505358150028204,0.06101792943898207,0.9357687675632276,0.6736250501806503,5017.0,0.9389820705610179,0.9514946418499718,0.07152230971128609,0.12372535690006799,None
