difference_Accuracy,difference_Selection rate,difference_Count,difference_tpr,difference_tnr,difference_fpr,difference_fnr,ratio_Accuracy,ratio_Selection rate,ratio_Count,ratio_tpr,ratio_tnr,ratio_fpr,ratio_fnr,group_min_Accuracy,group_min_Selection rate,group_min_Count,group_min_tpr,group_min_tnr,group_min_fpr,group_min_fnr,group_max_Accuracy,group_max_Selection rate,group_max_Count,group_max_tpr,group_max_tnr,group_max_fpr,group_max_fnr,generation
0.004486174927461506,0.3787246538136747,46.0,0.07616248086569544,0.021540679051889833,0.021540679051889812,0.07616248086569544,0.9951482632303399,0.4256817178456249,0.9908421262193908,0.9174746384819057,0.9773282764433207,0.6984304932735426,0.503065427535485,0.9201672307386024,0.2807087397969341,4977.0,0.8467353951890034,0.9285714285714286,0.04988789237668161,0.07710212394530114,0.9246534056660639,0.6594333936106088,5023.0,0.9228978760546989,0.9501121076233184,0.07142857142857142,0.15326460481099657,None
