Accuracy,Selection rate,Count,tpr,tnr,fpr,fnr,generation
0.9325932593259326,0.4817481748174817,9999.0,0.9202678027997565,0.9445759368836292,0.05542406311637081,0.07973219720024345,None
