Accuracy,Selection rate,Count,tpr,tnr,fpr,fnr,generation
0.5520897357098955,0.4168331284572833,26032.0,0.4747518881468073,0.6758565577864349,0.32414344221356506,0.5252481118531926,None
0.8633220651505839,0.5966502765826674,26032.0,0.8732078294476998,0.8474474474474475,0.15255255255255254,0.12679217055230022,None
0.869660417947142,0.6018362015980332,26032.0,0.8825582845031792,0.8489489489489489,0.15105105105105104,0.11744171549682085,None
