Accuracy,Selection rate,Count,tpr,tnr,fpr,fnr,generation
0.7123745819397993,0.4771619684663163,20930.0,0.6564891518737672,0.798182919442762,0.20181708055723804,0.3435108481262327,None
0.8887243191591018,0.6010989010989011,20930.0,0.9046416166719292,0.8643185669329461,0.135681433067054,0.09535838332807073,None
0.8904921165790731,0.598853320592451,20930.0,0.9042469213766972,0.8694020818203825,0.13059791817961752,0.0957530786233028,None
