difference_Accuracy,difference_Selection rate,difference_Count,difference_tpr,difference_tnr,difference_fpr,difference_fnr,ratio_Accuracy,ratio_Selection rate,ratio_Count,ratio_tpr,ratio_tnr,ratio_fpr,ratio_fnr,group_min_Accuracy,group_min_Selection rate,group_min_Count,group_min_tpr,group_min_tnr,group_min_fpr,group_min_fnr,group_max_Accuracy,group_max_Selection rate,group_max_Count,group_max_tpr,group_max_tnr,group_max_fpr,group_max_fnr,generation
0.016248023808183798,0.3673801737644768,46.0,0.0018646885970042826,0.05123900762914213,0.05123900762914215,0.0018646885970043103,0.9826722242911874,0.4609519089546577,0.9908421262193908,0.9980090292923567,0.9454266330684241,0.5438839783301797,0.9714408220143024,0.9214386176411493,0.3141548875174199,4977.0,0.9347079037800687,0.8876623376623377,0.06109865470852018,0.06342740762292697,0.9376866414493331,0.6815350612818967,5023.0,0.936572592377073,0.9389013452914798,0.11233766233766233,0.06529209621993128,None
