difference_Accuracy,difference_Selection rate,difference_Count,difference_tpr,difference_tnr,difference_fpr,difference_fnr,ratio_Accuracy,ratio_Selection rate,ratio_Count,ratio_tpr,ratio_tnr,ratio_fpr,ratio_fnr,group_min_Accuracy,group_min_Selection rate,group_min_Count,group_min_tpr,group_min_tnr,group_min_fpr,group_min_fnr,group_max_Accuracy,group_max_Selection rate,group_max_Count,group_max_tpr,group_max_tnr,group_max_fpr,group_max_fnr,generation
0.010036570161651048,0.37739381806394584,35.0,0.006466448503730682,0.055233578036248066,0.05523357803624801,0.006466448503730696,0.9893544455600416,0.45831863970193654,0.9930237193541958,0.9932177801255988,0.9413070818949548,0.5162300406480347,0.8780494134745147,0.932757928542754,0.31931433127366954,4982.0,0.946974847042828,0.8858267716535433,0.05893965031020869,0.0465587044534413,0.942794498704405,0.6967081493376154,5017.0,0.9534412955465587,0.9410603496897914,0.1141732283464567,0.05302515295717199,None
