Accuracy,Selection rate,Count,tpr,tnr,fpr,fnr,generation
0.9296,0.497,10000.0,0.9360179885527392,0.9234534064212999,0.07654659357870008,0.06398201144726083,None
