Accuracy,Selection rate,Count,tpr,tnr,fpr,fnr,generation
0.9377937793779378,0.5073507350735074,9999.0,0.9515114627713532,0.9244575936883629,0.07554240631163708,0.04848853722864679,None
