Accuracy,Selection rate,Count,tpr,tnr,fpr,fnr,generation
0.735212613473483,0.6334925943621595,20930.0,0.8044181459566075,0.6289521502119927,0.37104784978800726,0.1955818540433925,None
0.6980888676540851,0.543908265647396,20930.0,0.6998027613412229,0.6954572986069049,0.3045427013930951,0.3001972386587771,None
0.9019589106545628,0.5989010989010989,20930.0,0.9123593737707497,0.8858741939408687,0.11412580605913128,0.08764062622925026,None
0.8909698996655518,0.5904443382704252,20930.0,0.8990178995723112,0.878733140655106,0.12126685934489402,0.10098210042768889,None
0.894314381270903,0.5916865742952699,20930.0,0.9028195786472358,0.8813824662813102,0.11861753371868979,0.09718042135276414,None
