Accuracy,Selection rate,Count,tpr,tnr,fpr,fnr,generation
0.5971496619545175,0.6230792870313461,26032.0,0.67892141564197,0.4662870842073719,0.5337129157926281,0.3210785843580301,None
0.5107944068838353,0.5123693915181315,26032.0,0.5188190499968791,0.4979522525222255,0.5020477474777745,0.4811809500031209,None
0.8736939151813153,0.5938460356484327,26032.0,0.8783808990859914,0.8661171977083124,0.1338828022916876,0.12161910091400858,None
0.8644744929317763,0.5806699446834666,26032.0,0.8610418743768694,0.8699919871794872,0.13000801282051283,0.13895812562313062,None
0.8738859864781807,0.5914643515673018,26032.0,0.8774302093718843,0.8681891025641025,0.13181089743589744,0.12256979062811565,None
