Accuracy,Selection rate,Count,tpr,tnr,fpr,fnr,generation
0.9367936793679368,0.49114911491149116,9999.0,0.9340637046053967,0.9394477317554241,0.060552268244575935,0.06593629539460337,None
0.9367936793679368,0.49114911491149116,9999.0,0.9340637046053967,0.9394477317554241,0.060552268244575935,0.06593629539460337,None
0.9367936793679368,0.49114911491149116,9999.0,0.9340637046053967,0.9394477317554241,0.060552268244575935,0.06593629539460337,None
0.9367936793679368,0.49114911491149116,9999.0,0.9340637046053967,0.9394477317554241,0.060552268244575935,0.06593629539460337,None
0.9367936793679368,0.49114911491149116,9999.0,0.9340637046053967,0.9394477317554241,0.060552268244575935,0.06593629539460337,None
0.9367936793679368,0.49114911491149116,9999.0,0.9340637046053967,0.9394477317554241,0.060552268244575935,0.06593629539460337,None
0.9367936793679368,0.49114911491149116,9999.0,0.9340637046053967,0.9394477317554241,0.060552268244575935,0.06593629539460337,None
0.9363936393639364,0.48794879487948795,9999.0,0.9304118482450802,0.9422090729783037,0.057790927021696255,0.06958815175491986,None
