Accuracy,Selection rate,Count,tpr,tnr,fpr,fnr,generation
0.931,0.4838,10000.0,0.9239574816026165,0.937744714173845,0.06225528582615505,0.07604251839738348,None
0.931,0.4838,10000.0,0.9239574816026165,0.937744714173845,0.06225528582615505,0.07604251839738348,None
0.931,0.4838,10000.0,0.9239574816026165,0.937744714173845,0.06225528582615505,0.07604251839738348,None
0.931,0.4838,10000.0,0.9239574816026165,0.937744714173845,0.06225528582615505,0.07604251839738348,None
0.931,0.4838,10000.0,0.9239574816026165,0.937744714173845,0.06225528582615505,0.07604251839738348,None
0.931,0.4838,10000.0,0.9239574816026165,0.937744714173845,0.06225528582615505,0.07604251839738348,None
0.931,0.4838,10000.0,0.9239574816026165,0.937744714173845,0.06225528582615505,0.07604251839738348,None
0.931,0.48,10000.0,0.9200735895339329,0.9414643696162882,0.058535630383711824,0.07992641046606705,None
