Accuracy,Selection rate,Count,tpr,tnr,fpr,fnr,generation
0.9377937793779378,0.5077507750775078,9999.0,0.9519172245891662,0.9240631163708086,0.07593688362919132,0.04808277541083384,None
