difference_Accuracy,difference_Selection rate,difference_Count,difference_tpr,difference_tnr,difference_fpr,difference_fnr,ratio_Accuracy,ratio_Selection rate,ratio_Count,ratio_tpr,ratio_tnr,ratio_fpr,ratio_fnr,group_min_Accuracy,group_min_Selection rate,group_min_Count,group_min_tpr,group_min_tnr,group_min_fpr,group_min_fnr,group_max_Accuracy,group_max_Selection rate,group_max_Count,group_max_tpr,group_max_tnr,group_max_fpr,group_max_fnr,generation
0.018456350536377397,0.37039587757676956,46.0,0.002050257606979633,0.0596805660707006,0.059680566070700596,0.002050257606979647,0.9803213227034125,0.4590785555458973,0.9908421262193908,0.9978129312864094,0.9364357433611165,0.5058705819952747,0.9682646295940917,0.9194293751255777,0.3143539717300418,4977.0,0.9353951890034364,0.8792207792207792,0.06109865470852018,0.06255455338958393,0.937885725661955,0.6847498493068114,5023.0,0.9374454466104161,0.9389013452914798,0.12077922077922078,0.06460481099656358,None
