difference_Accuracy,difference_Selection rate,difference_Count,difference_tpr,difference_tnr,difference_fpr,difference_fnr,ratio_Accuracy,ratio_Selection rate,ratio_Count,ratio_tpr,ratio_tnr,ratio_fpr,ratio_fnr,group_min_Accuracy,group_min_Selection rate,group_min_Count,group_min_tpr,group_min_tnr,group_min_fpr,group_min_fnr,group_max_Accuracy,group_max_Selection rate,group_max_Count,group_max_tpr,group_max_tnr,group_max_fpr,group_max_fnr,generation
0.00923648035058966,0.3781967084694055,35.0,0.008013811656160219,0.055607738119029526,0.05560773811902953,0.008013811656160219,0.9901989378344103,0.4577910786778192,0.9930237193541958,0.991602496755454,0.9408917747691611,0.515736040609137,0.8507807981492193,0.9331593737454837,0.31931433127366954,4982.0,0.9462950373895309,0.8851706036745407,0.05922165820642978,0.04569115095430885,0.9423958540960734,0.697511039743075,5017.0,0.9543088490456911,0.9407783417935702,0.11482939632545931,0.053704962610469066,None
