Accuracy,Selection rate,Count,tpr,tnr,fpr,fnr,generation
0.9287,0.4987,10000.0,0.9368356500408831,0.9209083790133125,0.07909162098668755,0.06316434995911692,None
