Accuracy,Selection rate,Count,tpr,tnr,fpr,fnr,generation
0.9313931393139314,0.4811481148114812,9999.0,0.9184418746195983,0.9439842209072978,0.05601577909270217,0.0815581253804017,None
