difference_Accuracy,difference_Selection rate,difference_Count,difference_tpr,difference_tnr,difference_fpr,difference_fnr,ratio_Accuracy,ratio_Selection rate,ratio_Count,ratio_tpr,ratio_tnr,ratio_fpr,ratio_fnr,group_min_Accuracy,group_min_Selection rate,group_min_Count,group_min_tpr,group_min_tnr,group_min_fpr,group_min_fnr,group_max_Accuracy,group_max_Selection rate,group_max_Count,group_max_tpr,group_max_tnr,group_max_fpr,group_max_fnr,generation
0.005291711972625346,0.3783136051158842,46.0,0.07724609990131648,0.018485382330673872,0.018485382330673802,0.07724609990131649,0.9942832970506281,0.42507883582847156,0.9908421262193908,0.9162740948089484,0.9805612012508563,0.7262741462573302,0.5004752206381534,0.9203663149512243,0.27971331873382443,4977.0,0.845360824742268,0.9324675324675324,0.049047085201793725,0.07739307535641547,0.9256580269238497,0.6580269238497086,5023.0,0.9226069246435845,0.9509529147982063,0.06753246753246753,0.15463917525773196,None
