difference_Accuracy,difference_Selection rate,difference_Count,difference_tpr,difference_tnr,difference_fpr,difference_fnr,ratio_Accuracy,ratio_Selection rate,ratio_Count,ratio_tpr,ratio_tnr,ratio_fpr,ratio_fnr,group_min_Accuracy,group_min_Selection rate,group_min_Count,group_min_tpr,group_min_tnr,group_min_fpr,group_min_fnr,group_max_Accuracy,group_max_Selection rate,group_max_Count,group_max_tpr,group_max_tnr,group_max_fpr,group_max_fnr,generation
0.00632046145473919,0.38361109761935874,35.0,0.06591873188173603,0.024985455498265807,0.02498545549826576,0.06591873188173591,0.993236997644435,0.4305272680751951,0.9930237193541958,0.9297327451149682,0.973740834262937,0.6600193376843123,0.4842209861806726,0.9282439705002989,0.2900139525612916,4982.0,0.8721957851801495,0.926509186351706,0.048505358150028204,0.061885482938114515,0.9345644319550381,0.6736250501806503,5017.0,0.9381145170618855,0.9514946418499718,0.07349081364829396,0.12780421481985044,None
