Accuracy,Selection rate,Count,tpr,tnr,fpr,fnr,generation
0.923,0.468,10000.0,0.8996320523303353,0.9453797963978073,0.05462020360219264,0.10036794766966475,None
