difference_Accuracy,difference_Selection rate,difference_Count,difference_tpr,difference_tnr,difference_fpr,difference_fnr,ratio_Accuracy,ratio_Selection rate,ratio_Count,ratio_tpr,ratio_tnr,ratio_fpr,ratio_fnr,group_min_Accuracy,group_min_Selection rate,group_min_Count,group_min_tpr,group_min_tnr,group_min_fpr,group_min_fnr,group_max_Accuracy,group_max_Selection rate,group_max_Count,group_max_tpr,group_max_tnr,group_max_fpr,group_max_fnr,generation
0.006728908143464385,0.38402234490248216,35.0,0.06415334995964006,0.025359615581047268,0.025359615581047296,0.06415334995963999,0.9928107612329531,0.4314415089735019,0.9930237193541958,0.9317828154488206,0.973339698532347,0.6579818217210966,0.48148583631521746,0.9292405820211281,0.29140920869045245,4982.0,0.876274643099932,0.9258530183727034,0.048787366046249295,0.059572006940427996,0.9359694901645925,0.6754315535929346,5017.0,0.940427993059572,0.9512126339537507,0.07414698162729659,0.12372535690006799,None
