difference_Accuracy,difference_Selection rate,difference_Count,difference_tpr,difference_tnr,difference_fpr,difference_fnr,ratio_Accuracy,ratio_Selection rate,ratio_Count,ratio_tpr,ratio_tnr,ratio_fpr,ratio_fnr,group_min_Accuracy,group_min_Selection rate,group_min_Count,group_min_tpr,group_min_tnr,group_min_fpr,group_min_fnr,group_max_Accuracy,group_max_Selection rate,group_max_Count,group_max_tpr,group_max_tnr,group_max_fpr,group_max_fnr,generation
0.003894442406401355,0.37774211302311156,46.0,0.07143167091095792,0.021998573175703195,0.021998573175703216,0.07143167091095788,0.9957909576858502,0.4283908493414332,0.9908421262193908,0.9227224888508145,0.9768258313873903,0.6975196188340808,0.5143313963764312,0.921361736014334,0.28309775034839735,4977.0,0.8529209621993127,0.9272727272727272,0.05072869955156951,0.07564736688972941,0.9252561784207354,0.6608398633715089,5023.0,0.9243526331102706,0.9492713004484304,0.07272727272727272,0.1470790378006873,None
