Accuracy,Selection rate,Count,tpr,tnr,fpr,fnr,generation
0.9325932593259326,0.4827482748274827,9999.0,0.9212822073442889,0.9435897435897436,0.05641025641025641,0.07871779265571109,None
