Accuracy,Selection rate,Count,tpr,tnr,fpr,fnr,generation
0.9233,0.4711,10000.0,0.9031071136549469,0.9426389976507439,0.05736100234925607,0.09689288634505315,None
