Accuracy,Selection rate,Count,tpr,tnr,fpr,fnr,generation
0.9318,0.4866,10000.0,0.9276369582992641,0.9357870007830854,0.06421299921691465,0.07236304170073589,None
