difference_Accuracy,difference_Selection rate,difference_Count,difference_tpr,difference_tnr,difference_fpr,difference_fnr,ratio_Accuracy,ratio_Selection rate,ratio_Count,ratio_tpr,ratio_tnr,ratio_fpr,ratio_fnr,group_min_Accuracy,group_min_Selection rate,group_min_Count,group_min_tpr,group_min_tnr,group_min_fpr,group_min_fnr,group_max_Accuracy,group_max_Selection rate,group_max_Count,group_max_tpr,group_max_tnr,group_max_fpr,group_max_fnr,generation
0.009827647953030594,0.3620843817055169,46.0,0.011456886699921176,0.026133451750043668,0.026133451750043675,0.01145688669992112,0.989508124193821,0.4583426607308814,0.9908421262193908,0.9876945876288659,0.9723064580207438,0.6831061756293917,0.8575233320650835,0.9268635724331927,0.30639060322516426,4977.0,0.9195876288659793,0.9175324675324675,0.05633408071748879,0.0689554844340995,0.9366912203862233,0.6684749849306811,5023.0,0.9310445155659005,0.9436659192825112,0.08246753246753247,0.08041237113402062,None
