Accuracy,Selection rate,Count,tpr,tnr,fpr,fnr,generation
0.9377937793779378,0.49414941494149417,9999.0,0.9381213227835261,0.9374753451676529,0.06252465483234713,0.06187867721647393,None
