difference_Accuracy,difference_Selection rate,difference_Count,difference_tpr,difference_tnr,difference_fpr,difference_fnr,ratio_Accuracy,ratio_Selection rate,ratio_Count,ratio_tpr,ratio_tnr,ratio_fpr,ratio_fnr,group_min_Accuracy,group_min_Selection rate,group_min_Count,group_min_tpr,group_min_tnr,group_min_fpr,group_min_fnr,group_max_Accuracy,group_max_Selection rate,group_max_Count,group_max_tpr,group_max_tnr,group_max_fpr,group_max_fnr,generation
0.004435941484220551,0.3765013086377453,35.0,0.025171043490124667,0.035380888302667834,0.03538088830266775,0.025171043490124674,0.9952809333277493,0.44880119904988336,0.9930237193541958,0.9733818139483635,0.9626827394642296,0.5945829039604086,0.6835332908207402,0.9355680449618627,0.306557703807056,4982.0,0.920462270564242,0.9127296587926509,0.05188945290468133,0.05436668594563331,0.9400039864460833,0.6830590124448013,5017.0,0.9456333140543667,0.9481105470953187,0.08727034120734908,0.07953772943575799,None
