difference_Accuracy,difference_Selection rate,difference_Count,difference_tpr,difference_tnr,difference_fpr,difference_fnr,ratio_Accuracy,ratio_Selection rate,ratio_Count,ratio_tpr,ratio_tnr,ratio_fpr,ratio_fnr,group_min_Accuracy,group_min_Selection rate,group_min_Count,group_min_tpr,group_min_tnr,group_min_fpr,group_min_fnr,group_max_Accuracy,group_max_Selection rate,group_max_Count,group_max_tpr,group_max_tnr,group_max_fpr,group_max_fnr,group_0_Accuracy,group_0_Selection rate,group_0_Count,group_0_tpr,group_0_tnr,group_0_fpr,group_0_fnr,group_1_Accuracy,group_1_Selection rate,group_1_Count,group_1_tpr,group_1_tnr,group_1_fpr,group_1_fnr,generation
0.0016510304146951649,0.3836909145597061,35.0,0.04099440936179288,0.04110209574057044,0.0411020957405705,0.040994409361792813,0.9982368625818379,0.43992143676048756,0.9930237193541958,0.9566884608698198,0.9566999312251745,0.5525743292240755,0.5661670779050559,0.9347651545564031,0.3013753238987443,4982.0,0.9055064581917063,0.9081364829396326,0.050761421319796954,0.05349913244650087,0.9364161849710982,0.6850662384584504,5017.0,0.9465008675534992,0.949238578680203,0.09186351706036745,0.09449354180829368,0.9347651545564031,0.6850662384584504,4982.0,0.9465008675534992,0.9081364829396326,0.09186351706036745,0.05349913244650087,0.9364161849710982,0.3013753238987443,5017.0,0.9055064581917063,0.949238578680203,0.050761421319796954,0.09449354180829368,None
