difference_Accuracy,difference_Selection rate,difference_Count,difference_tpr,difference_tnr,difference_fpr,difference_fnr,ratio_Accuracy,ratio_Selection rate,ratio_Count,ratio_tpr,ratio_tnr,ratio_fpr,ratio_fnr,group_min_Accuracy,group_min_Selection rate,group_min_Count,group_min_tpr,group_min_tnr,group_min_fpr,group_min_fnr,group_max_Accuracy,group_max_Selection rate,group_max_Count,group_max_tpr,group_max_tnr,group_max_fpr,group_max_fnr,group_0_Accuracy,group_0_Selection rate,group_0_Count,group_0_tpr,group_0_tnr,group_0_fpr,group_0_fnr,group_1_Accuracy,group_1_Selection rate,group_1_Count,group_1_tpr,group_1_tnr,group_1_fpr,group_1_fnr,generation
0.009447879917139024,0.3724698814626917,46.0,0.02842825248183556,0.03830732048220831,0.038307320482208376,0.028428252481835545,0.9898877688421501,0.44580490282815644,0.9908421262193908,0.9695043995692669,0.9595380344936296,0.5816079890595681,0.7045492331352092,0.9248543299176211,0.2996217399960183,4977.0,0.9037800687285223,0.9084415584415585,0.053251121076233185,0.06779167878964212,0.9343022098347601,0.67209162145871,5023.0,0.9322083212103579,0.9467488789237668,0.09155844155844156,0.09621993127147767,0.9248543299176211,0.67209162145871,4977.0,0.9322083212103579,0.9084415584415585,0.09155844155844156,0.06779167878964212,0.9343022098347601,0.2996217399960183,5023.0,0.9037800687285223,0.9467488789237668,0.053251121076233185,0.09621993127147767,None
