Accuracy,Selection rate,Count,tpr,tnr,fpr,fnr,generation
0.9296,0.485,10000.0,0.9237530662305805,0.9351996867658575,0.06480031323414252,0.07624693376941946,None
