Accuracy,Selection rate,Count,tpr,tnr,fpr,fnr,generation
0.9355935593559356,0.49254925492549256,9999.0,0.9342665855143031,0.9368836291913215,0.0631163708086785,0.06573341448569689,None
