Accuracy,Selection rate,Count,tpr,tnr,fpr,fnr,generation
0.9340934093409341,0.48404840484048406,9999.0,0.9241225400689795,0.9437869822485208,0.05621301775147929,0.07587745993102049,None
