difference_Accuracy,difference_Selection rate,difference_Count,difference_tpr,difference_tnr,difference_fpr,difference_fnr,ratio_Accuracy,ratio_Selection rate,ratio_Count,ratio_tpr,ratio_tnr,ratio_fpr,ratio_fnr,group_min_Accuracy,group_min_Selection rate,group_min_Count,group_min_tpr,group_min_tnr,group_min_fpr,group_min_fnr,group_max_Accuracy,group_max_Selection rate,group_max_Count,group_max_tpr,group_max_tnr,group_max_fpr,group_max_fnr,generation
0.006139343014161303,0.3830313345704493,35.0,0.05948098557852033,0.02470344760204468,0.024703447602044667,0.05948098557852038,0.9934490882637499,0.4335820395280563,0.9930237193541958,0.9368482504972295,0.9740295211393861,0.663856659415035,0.4942397122196331,0.9310344827586207,0.293203109427945,4982.0,0.8823929299796057,0.926509186351706,0.048787366046249295,0.058126084441873914,0.937173825772782,0.6762344439983943,5017.0,0.941873915558126,0.9512126339537507,0.07349081364829396,0.11760707002039429,None
