difference_Accuracy,difference_Selection rate,difference_Count,difference_tpr,difference_tnr,difference_fpr,difference_fnr,ratio_Accuracy,ratio_Selection rate,ratio_Count,ratio_tpr,ratio_tnr,ratio_fpr,ratio_fnr,group_min_Accuracy,group_min_Selection rate,group_min_Count,group_min_tpr,group_min_tnr,group_min_fpr,group_min_fnr,group_max_Accuracy,group_max_Selection rate,group_max_Count,group_max_tpr,group_max_tnr,group_max_fpr,group_max_fnr,generation
0.002499012879112472,0.37635772372943416,46.0,0.06582800672287736,0.023105817948867236,0.02310581794886727,0.06582800672287728,0.997298525825512,0.4313502152394069,0.9908421262193908,0.9288295504540643,0.975637837339965,0.6905829596412557,0.5327817083815295,0.9225562412900657,0.28548676089986064,4977.0,0.8591065292096219,0.9253246753246753,0.0515695067264574,0.07506546406750073,0.9250552541691782,0.6618444846292948,5023.0,0.9249345359324993,0.9484304932735426,0.07467532467532467,0.140893470790378,None
