Accuracy,Selection rate,Count,tpr,tnr,fpr,fnr,generation
0.9238,0.4728,10000.0,0.9053556827473426,0.9414643696162882,0.058535630383711824,0.0946443172526574,None
