Accuracy,Selection rate,Count,tpr,tnr,fpr,fnr,generation
0.9322932293229323,0.47804780478047804,9999.0,0.9162101846216271,0.9479289940828403,0.05207100591715976,0.08378981537837289,None
