Accuracy,Selection rate,Count,tpr,tnr,fpr,fnr,generation
0.924,0.4682,10000.0,0.9008585445625511,0.9461628817541112,0.0538371182458888,0.0991414554374489,None
