difference_Accuracy,difference_Selection rate,difference_Count,difference_tpr,difference_tnr,difference_fpr,difference_fnr,ratio_Accuracy,ratio_Selection rate,ratio_Count,ratio_tpr,ratio_tnr,ratio_fpr,ratio_fnr,group_min_Accuracy,group_min_Selection rate,group_min_Count,group_min_tpr,group_min_tnr,group_min_fpr,group_min_fnr,group_max_Accuracy,group_max_Selection rate,group_max_Count,group_max_tpr,group_max_tnr,group_max_fpr,group_max_fnr,group_0_Accuracy,group_0_Selection rate,group_0_Count,group_0_tpr,group_0_tnr,group_0_fpr,group_0_fnr,group_1_Accuracy,group_1_Selection rate,group_1_Count,group_1_tpr,group_1_tnr,group_1_fpr,group_1_fnr,generation
0.003326426000654359,0.3797889664102309,35.0,0.05983071992589328,0.020305678795226823,0.02030567879522674,0.05983071992589327,0.9964383721609156,0.4319697896560281,0.9930237193541958,0.9359459351381613,0.9787159512243943,0.693605401149252,0.5242649242649243,0.930635838150289,0.2888180187362966,4982.0,0.8742352141400408,0.9337270341207349,0.045967287084038355,0.06593406593406594,0.9339622641509434,0.6686069851465275,5017.0,0.9340659340659341,0.9540327129159617,0.0662729658792651,0.1257647858599592,0.9339622641509434,0.6686069851465275,4982.0,0.9340659340659341,0.9337270341207349,0.0662729658792651,0.06593406593406594,0.930635838150289,0.2888180187362966,5017.0,0.8742352141400408,0.9540327129159617,0.045967287084038355,0.1257647858599592,None
