difference_Accuracy,difference_Selection rate,difference_Count,difference_tpr,difference_tnr,difference_fpr,difference_fnr,ratio_Accuracy,ratio_Selection rate,ratio_Count,ratio_tpr,ratio_tnr,ratio_fpr,ratio_fnr,group_min_Accuracy,group_min_Selection rate,group_min_Count,group_min_tpr,group_min_tnr,group_min_fpr,group_min_fnr,group_max_Accuracy,group_max_Selection rate,group_max_Count,group_max_tpr,group_max_tnr,group_max_fpr,group_max_fnr,group_0_Accuracy,group_0_Selection rate,group_0_Count,group_0_tpr,group_0_tnr,group_0_fpr,group_0_fnr,group_1_Accuracy,group_1_Selection rate,group_1_Count,group_1_tpr,group_1_tnr,group_1_fpr,group_1_fnr,generation
0.0010992232595642415,0.3711152927995956,46.0,0.05942707567836181,0.016817599440917874,0.01681759944091782,0.05942707567836171,0.9988110683822585,0.4330752571321095,0.9908421262193908,0.9353022302481693,0.9823202136696538,0.7435732362473917,0.5782127067706523,0.9234478601567209,0.2834959187736413,4977.0,0.8591065292096219,0.9344155844155844,0.04876681614349776,0.0814663951120163,0.9245470834162851,0.6546112115732369,5023.0,0.9185336048879837,0.9512331838565022,0.06558441558441558,0.140893470790378,0.9234478601567209,0.6546112115732369,4977.0,0.9185336048879837,0.9344155844155844,0.06558441558441558,0.0814663951120163,0.9245470834162851,0.2834959187736413,5023.0,0.8591065292096219,0.9512331838565022,0.04876681614349776,0.140893470790378,None
