difference_Accuracy,difference_Selection rate,difference_Count,difference_tpr,difference_tnr,difference_fpr,difference_fnr,ratio_Accuracy,ratio_Selection rate,ratio_Count,ratio_tpr,ratio_tnr,ratio_fpr,ratio_fnr,group_min_Accuracy,group_min_Selection rate,group_min_Count,group_min_tpr,group_min_tnr,group_min_fpr,group_min_fnr,group_max_Accuracy,group_max_Selection rate,group_max_Count,group_max_tpr,group_max_tnr,group_max_fpr,group_max_fnr,generation
0.018074742461550497,0.37441252256897756,46.0,0.0076287260027575465,0.06737012987012991,0.06737012987012986,0.0076287260027575465,0.9806830997054535,0.4562442005177119,0.9908421262193908,0.9918748276196226,0.928138528138528,0.48125000000000007,0.8890020366598778,0.9176210568615631,0.3141548875174199,4977.0,0.9312714776632303,0.8701298701298701,0.0625,0.06109979633401222,0.9356957993231136,0.6885674100863974,5023.0,0.9389002036659878,0.9375,0.12987012987012986,0.06872852233676977,None
