Accuracy,Selection rate,Count,tpr,tnr,fpr,fnr,generation
0.9267,0.5005,10000.0,0.9366312346688471,0.9171887235708692,0.08281127642913078,0.0633687653311529,None
