Accuracy,Selection rate,Count,tpr,tnr,fpr,fnr,generation
0.9338933893389338,0.5092509250925092,9999.0,0.9494826536822885,0.9187376725838264,0.08126232741617356,0.0505173463177115,None
