Accuracy,Selection rate,Count,tpr,tnr,fpr,fnr,generation
0.9384938493849385,0.49284928492849284,9999.0,0.9375126800568067,0.9394477317554241,0.060552268244575935,0.06248731994319334,None
