difference_Accuracy,difference_Selection rate,difference_Count,difference_tpr,difference_tnr,difference_fpr,difference_fnr,ratio_Accuracy,ratio_Selection rate,ratio_Count,ratio_tpr,ratio_tnr,ratio_fpr,ratio_fnr,group_min_Accuracy,group_min_Selection rate,group_min_Count,group_min_tpr,group_min_tnr,group_min_fpr,group_min_fnr,group_max_Accuracy,group_max_Selection rate,group_max_Count,group_max_tpr,group_max_tnr,group_max_fpr,group_max_fnr,generation
0.006846904880507321,0.3578649724228164,46.0,0.01415103677685825,0.01776687438122415,0.01776687438122415,0.014151036776858264,0.9926622566215515,0.4612540932400613,0.9908421262193908,0.9847436909027409,0.9811220346062514,0.7681272326518204,0.8365892181719938,0.9262607996785212,0.30639060322516426,4977.0,0.9134020618556701,0.9233766233766234,0.05885650224215247,0.07244690136747163,0.9331077045590285,0.6642555756479807,5023.0,0.9275530986325283,0.9411434977578476,0.07662337662337662,0.0865979381443299,None
