Accuracy,Selection rate,Count,tpr,tnr,fpr,fnr,generation
0.9297,0.4845,10000.0,0.9233442354865086,0.9357870007830854,0.06421299921691465,0.07665576451349142,None
