difference_Accuracy,difference_Selection rate,difference_Count,difference_tpr,difference_tnr,difference_fpr,difference_fnr,ratio_Accuracy,ratio_Selection rate,ratio_Count,ratio_tpr,ratio_tnr,ratio_fpr,ratio_fnr,group_min_Accuracy,group_min_Selection rate,group_min_Count,group_min_tpr,group_min_tnr,group_min_fpr,group_min_fnr,group_max_Accuracy,group_max_Selection rate,group_max_Count,group_max_tpr,group_max_tnr,group_max_fpr,group_max_fnr,generation
0.005831197613381467,0.36789124123704015,35.0,0.013644554307905343,0.025066505011746676,0.02506650501174662,0.013644554307905413,0.9938058186689954,0.45693802552801954,0.9930237193541958,0.9855089469297492,0.9735301290138018,0.6789802215302365,0.8106496284251994,0.9355680449618627,0.3095475383695436,4982.0,0.9279401767505099,0.9219160104986877,0.05301748448956571,0.05841526894158473,0.9413992425752442,0.6774387796065837,5017.0,0.9415847310584152,0.9469825155104343,0.07808398950131233,0.07205982324949015,None
