difference_Accuracy,difference_Selection rate,difference_Count,difference_tpr,difference_tnr,difference_fpr,difference_fnr,ratio_Accuracy,ratio_Selection rate,ratio_Count,ratio_tpr,ratio_tnr,ratio_fpr,ratio_fnr,group_min_Accuracy,group_min_Selection rate,group_min_Count,group_min_tpr,group_min_tnr,group_min_fpr,group_min_fnr,group_max_Accuracy,group_max_Selection rate,group_max_Count,group_max_tpr,group_max_tnr,group_max_fpr,group_max_fnr,generation
0.008441418620418029,0.3630798027686266,46.0,0.01637326566463404,0.02659134587385703,0.026591345873857086,0.016373265664634012,0.9909669267723988,0.45685356826586876,0.9908421262193908,0.9824030912791285,0.9717960992634002,0.6825529252268224,0.80941518766366,0.926059875426964,0.3053951821620545,4977.0,0.9140893470790378,0.9162337662337663,0.05717488789237668,0.06953738725632819,0.934501294047382,0.6684749849306811,5023.0,0.9304626127436718,0.9428251121076233,0.08376623376623377,0.0859106529209622,None
