difference_Accuracy,difference_Selection rate,difference_Count,difference_tpr,difference_tnr,difference_fpr,difference_fnr,ratio_Accuracy,ratio_Selection rate,ratio_Count,ratio_tpr,ratio_tnr,ratio_fpr,ratio_fnr,group_min_Accuracy,group_min_Selection rate,group_min_Count,group_min_tpr,group_min_tnr,group_min_fpr,group_min_fnr,group_max_Accuracy,group_max_Selection rate,group_max_Count,group_max_tpr,group_max_tnr,group_max_fpr,group_max_fnr,generation
0.006629887127243883,0.36909697714242873,35.0,0.013152488500443704,0.027973184823978148,0.027973184823978217,0.013152488500443704,0.9929618824127417,0.45628588405571263,0.9930237193541958,0.986044398516559,0.9704695107514658,0.653405417302904,0.8139681674600703,0.9353673223604978,0.3097468606737094,4982.0,0.929299796057104,0.9192913385826772,0.05273547659334461,0.05754771544245228,0.9419972094877417,0.6788438378161381,5017.0,0.9424522845575477,0.9472645234066553,0.08070866141732283,0.07070020394289599,None
