Accuracy,Selection rate,Count,tpr,tnr,fpr,fnr,generation
0.9386938693869387,0.49364936493649364,9999.0,0.938527084601339,0.9388560157790927,0.0611439842209073,0.06147291539866099,None
