Accuracy,Selection rate,Count,tpr,tnr,fpr,fnr,generation
0.9303,0.4861,10000.0,0.9255928045789044,0.9348081440877055,0.06519185591229444,0.07440719542109567,None
