difference_Accuracy,difference_Selection rate,difference_Count,difference_tpr,difference_tnr,difference_fpr,difference_fnr,ratio_Accuracy,ratio_Selection rate,ratio_Count,ratio_tpr,ratio_tnr,ratio_fpr,ratio_fnr,group_min_Accuracy,group_min_Selection rate,group_min_Count,group_min_tpr,group_min_tnr,group_min_fpr,group_min_fnr,group_max_Accuracy,group_max_Selection rate,group_max_Count,group_max_tpr,group_max_tnr,group_max_fpr,group_max_fnr,group_0_Accuracy,group_0_Selection rate,group_0_Count,group_0_tpr,group_0_tnr,group_0_fpr,group_0_fnr,group_1_Accuracy,group_1_Selection rate,group_1_Count,group_1_tpr,group_1_tnr,group_1_fpr,group_1_fnr,generation
0.002735460574152193,0.3836811124793126,35.0,0.04964419100881945,0.03650336855101233,0.03650336855101234,0.04964419100881944,0.9970742669428024,0.43878470276807535,0.9930237193541958,0.9475016475509181,0.9614644403447783,0.5909475465313029,0.5227019282746836,0.9322304165836157,0.2999800677695834,4982.0,0.8959891230455472,0.910761154855643,0.05273547659334461,0.05436668594563331,0.9349658771577679,0.683661180248896,5017.0,0.9456333140543667,0.9472645234066553,0.08923884514435695,0.10401087695445276,0.9349658771577679,0.683661180248896,4982.0,0.9456333140543667,0.910761154855643,0.08923884514435695,0.05436668594563331,0.9322304165836157,0.2999800677695834,5017.0,0.8959891230455472,0.9472645234066553,0.05273547659334461,0.10401087695445276,None
