difference_Accuracy,difference_Selection rate,difference_Count,difference_tpr,difference_tnr,difference_fpr,difference_fnr,ratio_Accuracy,ratio_Selection rate,ratio_Count,ratio_tpr,ratio_tnr,ratio_fpr,ratio_fnr,group_min_Accuracy,group_min_Selection rate,group_min_Count,group_min_tpr,group_min_tnr,group_min_fpr,group_min_fnr,group_max_Accuracy,group_max_Selection rate,group_max_Count,group_max_tpr,group_max_tnr,group_max_fpr,group_max_fnr,group_0_Accuracy,group_0_Selection rate,group_0_Count,group_0_tpr,group_0_tnr,group_0_fpr,group_0_fnr,group_1_Accuracy,group_1_Selection rate,group_1_Count,group_1_tpr,group_1_tnr,group_1_fpr,group_1_fnr,generation
0.0030790251521721768,0.3728257289924255,46.0,0.04486810702612665,0.030043387106167385,0.030043387106167378,0.04486810702612665,0.9966811280387637,0.44143478230123373,0.9908421262193908,0.9516880689696751,0.9682291626571413,0.6441014142807865,0.6137094927632292,0.9246534056660639,0.29464463468046986,4977.0,0.8838487972508591,0.9155844155844156,0.05437219730941704,0.07128309572301425,0.9277324308182361,0.6674703636728954,5023.0,0.9287169042769857,0.945627802690583,0.08441558441558442,0.1161512027491409,0.9246534056660639,0.6674703636728954,4977.0,0.9287169042769857,0.9155844155844156,0.08441558441558442,0.07128309572301425,0.9277324308182361,0.29464463468046986,5023.0,0.8838487972508591,0.945627802690583,0.05437219730941704,0.1161512027491409,None
