Accuracy,Selection rate,Count,tpr,tnr,fpr,fnr,generation
0.9335933593359336,0.49114911491149116,9999.0,0.9308176100628931,0.9362919132149902,0.06370808678500986,0.06918238993710692,None
