Accuracy,Selection rate,Count,tpr,tnr,fpr,fnr,generation
0.9262,0.4802,10000.0,0.9153720359771055,0.9365700861393892,0.06342991386061081,0.08462796402289452,None
