Accuracy,Selection rate,Count,tpr,tnr,fpr,fnr,generation
0.9779581204288148,0.38508165514477505,19962.0,0.9696694750486066,0.983179554176533,0.01682044582346697,0.03033052495139339,None
0.9752028854824166,0.38433022743212103,19962.0,0.9651328580686973,0.9815465011839635,0.01845349881603658,0.03486714193130266,None
0.9748021240356678,0.38503155996393146,19962.0,0.9655217109526896,0.9806483220380501,0.019351677961949865,0.034478289047310436,None
0.9748021240356678,0.38503155996393146,19962.0,0.9655217109526896,0.9806483220380501,0.019351677961949865,0.034478289047310436,None
0.9748021240356678,0.38503155996393146,19962.0,0.9655217109526896,0.9806483220380501,0.019351677961949865,0.034478289047310436,None
0.9748021240356678,0.38503155996393146,19962.0,0.9655217109526896,0.9806483220380501,0.019351677961949865,0.034478289047310436,None
0.9748021240356678,0.38503155996393146,19962.0,0.9655217109526896,0.9806483220380501,0.019351677961949865,0.034478289047310436,None
0.9748021240356678,0.38503155996393146,19962.0,0.9655217109526896,0.9806483220380501,0.019351677961949865,0.034478289047310436,None
