Accuracy,Selection rate,Count,tpr,tnr,fpr,fnr,generation
0.8074696733276288,0.5396385966678412,19867.0,0.8337204800619434,0.7790246460409019,0.22097535395909806,0.16627951993805654,None
0.8098857401721448,0.5059143302964715,19867.0,0.8036198219125048,0.8166754063974829,0.18332459360251704,0.19638017808749517,None
0.8118991292092415,0.5048069663260684,19867.0,0.8044909020518777,0.8199265862611431,0.18007341373885685,0.19550909794812235,None
0.8118991292092415,0.5048069663260684,19867.0,0.8044909020518777,0.8199265862611431,0.18007341373885685,0.19550909794812235,None
0.8118991292092415,0.5048069663260684,19867.0,0.8044909020518777,0.8199265862611431,0.18007341373885685,0.19550909794812235,None
0.8118991292092415,0.5048069663260684,19867.0,0.8044909020518777,0.8199265862611431,0.18007341373885685,0.19550909794812235,None
0.8118991292092415,0.5048069663260684,19867.0,0.8044909020518777,0.8199265862611431,0.18007341373885685,0.19550909794812235,None
0.8118991292092415,0.5048069663260684,19867.0,0.8044909020518777,0.8199265862611431,0.18007341373885685,0.19550909794812235,None
