Accuracy,Selection rate,Count,tpr,tnr,fpr,fnr,generation
0.9805707957920169,0.4238183923088539,19867.0,0.9749349728068101,0.9847488824612148,0.015251117538785169,0.02506502719318988,None
0.9809231388735088,0.4256807771681683,19867.0,0.9775360605344053,0.9834341309492506,0.01656586905074941,0.022463939465594704,None
0.9819298333920572,0.4255801077163135,19867.0,0.9786001418775124,0.9843982820580244,0.015601717941975634,0.021399858122487587,None
0.9819298333920572,0.4255801077163135,19867.0,0.9786001418775124,0.9843982820580244,0.015601717941975634,0.021399858122487587,None
0.9819298333920572,0.4255801077163135,19867.0,0.9786001418775124,0.9843982820580244,0.015601717941975634,0.021399858122487587,None
0.9819298333920572,0.4255801077163135,19867.0,0.9786001418775124,0.9843982820580244,0.015601717941975634,0.021399858122487587,None
0.9819298333920572,0.4255801077163135,19867.0,0.9786001418775124,0.9843982820580244,0.015601717941975634,0.021399858122487587,None
0.9819298333920572,0.4255801077163135,19867.0,0.9786001418775124,0.9843982820580244,0.015601717941975634,0.021399858122487587,None
