Accuracy,Selection rate,Count,tpr,tnr,fpr,fnr,generation
0.8201082055906221,0.525849113315299,19962.0,0.8488583552232775,0.7918322734499205,0.20816772655007948,0.15114164477672257,None
0.8182546838994089,0.4910329626289951,19962.0,0.8118811881188119,0.824523052464229,0.17547694753577106,0.18811881188118812,None
0.8187556357078449,0.49263600841599037,19962.0,0.814002828854314,0.8234300476947536,0.1765699523052464,0.185997171145686,None
0.8187556357078449,0.49263600841599037,19962.0,0.814002828854314,0.8234300476947536,0.1765699523052464,0.185997171145686,None
0.8187556357078449,0.49263600841599037,19962.0,0.814002828854314,0.8234300476947536,0.1765699523052464,0.185997171145686,None
0.8187556357078449,0.49263600841599037,19962.0,0.814002828854314,0.8234300476947536,0.1765699523052464,0.185997171145686,None
0.8187556357078449,0.49263600841599037,19962.0,0.814002828854314,0.8234300476947536,0.1765699523052464,0.185997171145686,None
0.8187556357078449,0.49263600841599037,19962.0,0.814002828854314,0.8234300476947536,0.1765699523052464,0.185997171145686,None
