generation,epoch,gen_loss
0,0,0.5510776060276061
0,10,0.5267884775340183
0,20,0.5251225110424577
