Accuracy,Selection rate,Count,tpr,tnr,fpr,fnr,generation
0.9287,0.4799,10000.0,0.9176206050695013,0.9393108848864526,0.060689115113547375,0.08237939493049877,None
0.9287,0.4799,10000.0,0.9176206050695013,0.9393108848864526,0.060689115113547375,0.08237939493049877,None
0.9287,0.4799,10000.0,0.9176206050695013,0.9393108848864526,0.060689115113547375,0.08237939493049877,None
0.9287,0.4799,10000.0,0.9176206050695013,0.9393108848864526,0.060689115113547375,0.08237939493049877,None
0.9287,0.4799,10000.0,0.9176206050695013,0.9393108848864526,0.060689115113547375,0.08237939493049877,None
0.9287,0.4799,10000.0,0.9176206050695013,0.9393108848864526,0.060689115113547375,0.08237939493049877,None
0.9287,0.4799,10000.0,0.9176206050695013,0.9393108848864526,0.060689115113547375,0.08237939493049877,None
0.9272,0.4762,10000.0,0.9123058053965658,0.9414643696162882,0.058535630383711824,0.08769419460343418,None
