Accuracy,Selection rate,Count,tpr,tnr,fpr,fnr,generation
0.9331933193319332,0.48754875487548754,9999.0,0.9267599918847637,0.9394477317554241,0.060552268244575935,0.07324000811523636,None
0.9331933193319332,0.48754875487548754,9999.0,0.9267599918847637,0.9394477317554241,0.060552268244575935,0.07324000811523636,None
0.9331933193319332,0.48754875487548754,9999.0,0.9267599918847637,0.9394477317554241,0.060552268244575935,0.07324000811523636,None
0.9331933193319332,0.48754875487548754,9999.0,0.9267599918847637,0.9394477317554241,0.060552268244575935,0.07324000811523636,None
0.9331933193319332,0.48754875487548754,9999.0,0.9267599918847637,0.9394477317554241,0.060552268244575935,0.07324000811523636,None
0.9331933193319332,0.48754875487548754,9999.0,0.9267599918847637,0.9394477317554241,0.060552268244575935,0.07324000811523636,None
0.9331933193319332,0.48754875487548754,9999.0,0.9267599918847637,0.9394477317554241,0.060552268244575935,0.07324000811523636,None
0.9323932393239324,0.48414841484148413,9999.0,0.9224994927977277,0.9420118343195266,0.05798816568047337,0.07750050720227226,None
