Accuracy,Selection rate,Count,tpr,tnr,fpr,fnr,generation
0.7089823220258002,0.5698041089345437,20930.0,0.7301775147928994,0.6764385221078134,0.32356147789218653,0.2698224852071006,None
0.9060200668896321,0.6269469660774009,20930.0,0.9400394477317554,0.8537855844942459,0.1462144155057541,0.05996055226824457,None
0.9085045389393216,0.6142379359770664,20930.0,0.9318702139417384,0.8726854653273629,0.12731453467263706,0.06812978605826163,None
0.9048733874820831,0.6207357859531772,20930.0,0.9342385726691402,0.859857194723466,0.14014280527653394,0.06576142733085971,None
0.9028189202102246,0.6300525561395126,20930.0,0.9402384147785584,0.8454556456492799,0.1545443543507201,0.05976158522144154,None
0.9,0.6244147157190636,20930.0,0.932330234756578,0.8501699854298203,0.1498300145701797,0.0676697652434221,None
0.8969899665551839,0.6280936454849498,20930.0,0.9328816763825429,0.8416707139388052,0.15832928606119476,0.06711832361745707,None
