Accuracy,Selection rate,Count,tpr,tnr,fpr,fnr,generation
0.5380685310387215,0.541641057160418,26032.0,0.5647587541351976,0.49535510937968236,0.5046448906203177,0.43524124586480245,None
0.8866779348494161,0.6285725261216963,26032.0,0.9186068285375445,0.8355808610528419,0.16441913894715812,0.08139317146245553,None
0.8958973570989551,0.6180854333128457,26032.0,0.9170302954743798,0.861961961961962,0.13803803803803805,0.08296970452562025,None
0.893400430239705,0.6296481253841426,26032.0,0.9243859867846902,0.8436436436436436,0.15635635635635636,0.0756140132153098,None
0.8901352181929932,0.6437461585740627,26032.0,0.9331754145368408,0.821021021021021,0.178978978978979,0.06682458546315921,None
0.8809157959434543,0.6311462814996927,26032.0,0.9142324425108763,0.8269965801649567,0.17300341983504325,0.08576755748912368,None
0.8809542102028273,0.6328749231714813,26032.0,0.9156619018023617,0.8247837457252062,0.17521625427479381,0.08433809819763828,None
