generation,epoch,gen_loss
0,0,67068.11640433986
0,0,36540.588055375156
0,10,5352.425886308069
0,0,72078.97287591686
0,10,5253.560803550963
0,20,5034.258275710575
0,0,35013.16636303293
0,10,5595.448894025061
0,20,5085.366236008175
0,0,72492.5798345813
0,10,5316.658291469284
0,20,5094.779348210192
0,0,35029.195959562196
0,10,5356.888782902277
0,20,5133.003581525061
0,0,35029.12880119193
0,10,5357.555951778347
0,20,5366.302144617207
