Accuracy,Selection rate,Count,tpr,tnr,fpr,fnr,generation
0.9287,0.4857,10000.0,0.9235486508585445,0.9336335160532498,0.0663664839467502,0.07645134914145543,None
