Accuracy,Selection rate,Count,tpr,tnr,fpr,fnr,generation
0.935993599359936,0.49354935493549357,9999.0,0.9356867518766484,0.9362919132149902,0.06370808678500986,0.0643132481233516,None
