difference_Accuracy,difference_Selection rate,difference_Count,difference_tpr,difference_tnr,difference_fpr,difference_fnr,ratio_Accuracy,ratio_Selection rate,ratio_Count,ratio_tpr,ratio_tnr,ratio_fpr,ratio_fnr,group_min_Accuracy,group_min_Selection rate,group_min_Count,group_min_tpr,group_min_tnr,group_min_fpr,group_min_fnr,group_max_Accuracy,group_max_Selection rate,group_max_Count,group_max_tpr,group_max_tnr,group_max_fpr,group_max_fnr,group_0_Accuracy,group_0_Selection rate,group_0_Count,group_0_tpr,group_0_tnr,group_0_fpr,group_0_fnr,group_1_Accuracy,group_1_Selection rate,group_1_Count,group_1_tpr,group_1_tnr,group_1_fpr,group_1_fnr,generation
0.003248409442420108,0.3808976017069863,35.0,0.03429775348269748,0.04025607205190718,0.04025607205190722,0.034297753482697486,0.9965354442660243,0.44367286669475064,0.9930237193541958,0.9637414761408841,0.9575533655973646,0.56178390137781,0.6119077278996308,0.9343637093536732,0.3037671915487343,4982.0,0.91162474507138,0.9081364829396326,0.051607445008460234,0.0540775014459225,0.9376121187960933,0.6846647932557206,5017.0,0.9459224985540775,0.9483925549915397,0.09186351706036745,0.08837525492861999,0.9343637093536732,0.6846647932557206,4982.0,0.9459224985540775,0.9081364829396326,0.09186351706036745,0.0540775014459225,0.9376121187960933,0.3037671915487343,5017.0,0.91162474507138,0.9483925549915397,0.051607445008460234,0.08837525492861999,None
