difference_Accuracy,difference_Selection rate,difference_Count,difference_tpr,difference_tnr,difference_fpr,difference_fnr,ratio_Accuracy,ratio_Selection rate,ratio_Count,ratio_tpr,ratio_tnr,ratio_fpr,ratio_fnr,group_min_Accuracy,group_min_Selection rate,group_min_Count,group_min_tpr,group_min_tnr,group_min_fpr,group_min_fnr,group_max_Accuracy,group_max_Selection rate,group_max_Count,group_max_tpr,group_max_tnr,group_max_fpr,group_max_fnr,group_0_Accuracy,group_0_Selection rate,group_0_Count,group_0_tpr,group_0_tnr,group_0_fpr,group_0_fnr,group_1_Accuracy,group_1_Selection rate,group_1_Count,group_1_tpr,group_1_tnr,group_1_fpr,group_1_fnr,generation
0.008456138931899781,0.37187630890269635,46.0,0.029115537705203254,0.0379244074311339,0.03792440743113389,0.02911553770520324,0.9909357264500784,0.4470187064808127,0.9908421262193908,0.9687671338661724,0.9598712082697848,0.5915833045877888,0.6995524300633282,0.9244524814145068,0.300617161059128,4977.0,0.9030927835051547,0.9071428571428571,0.05493273542600897,0.06779167878964212,0.9329086203464065,0.6724934699618244,5023.0,0.9322083212103579,0.945067264573991,0.09285714285714286,0.09690721649484536,0.9244524814145068,0.6724934699618244,4977.0,0.9322083212103579,0.9071428571428571,0.09285714285714286,0.06779167878964212,0.9329086203464065,0.300617161059128,5023.0,0.9030927835051547,0.945067264573991,0.05493273542600897,0.09690721649484536,None
