Accuracy,Selection rate,Count,tpr,tnr,fpr,fnr,generation
0.934993499349935,0.48974897489748975,9999.0,0.9308176100628931,0.9390532544378698,0.06094674556213018,0.06918238993710692,None
