Accuracy,Selection rate,Count,tpr,tnr,fpr,fnr,generation
0.9263,0.4821,10000.0,0.9174161896974653,0.9348081440877055,0.06519185591229444,0.08258381030253475,None
