difference_Accuracy,difference_Selection rate,difference_Count,difference_tpr,difference_tnr,difference_fpr,difference_fnr,ratio_Accuracy,ratio_Selection rate,ratio_Count,ratio_tpr,ratio_tnr,ratio_fpr,ratio_fnr,group_min_Accuracy,group_min_Selection rate,group_min_Count,group_min_tpr,group_min_tnr,group_min_fpr,group_min_fnr,group_max_Accuracy,group_max_Selection rate,group_max_Count,group_max_tpr,group_max_tnr,group_max_fpr,group_max_fnr,group_0_Accuracy,group_0_Selection rate,group_0_Count,group_0_tpr,group_0_tnr,group_0_fpr,group_0_fnr,group_1_Accuracy,group_1_Selection rate,group_1_Count,group_1_tpr,group_1_tnr,group_1_fpr,group_1_fnr,generation
5.505168416952699e-05,0.38167108587126536,35.0,0.04383022609077214,0.03482242384676537,0.03482242384676535,0.043830226090772084,0.9999411225113028,0.43975092816421807,0.9930237193541958,0.95356466855947,0.9633263097830027,0.5917740465963817,0.5613995742889406,0.9349658771577679,0.29958142316125175,4982.0,0.9000679809653297,0.9146981627296588,0.05047941342357586,0.05610179294389821,0.9350209288419374,0.6812525090325171,5017.0,0.9438982070561018,0.9495205865764241,0.08530183727034121,0.09993201903467029,0.9349658771577679,0.6812525090325171,4982.0,0.9438982070561018,0.9146981627296588,0.08530183727034121,0.05610179294389821,0.9350209288419374,0.29958142316125175,5017.0,0.9000679809653297,0.9495205865764241,0.05047941342357586,0.09993201903467029,None
