difference_Accuracy,difference_Selection rate,difference_Count,difference_tpr,difference_tnr,difference_fpr,difference_fnr,ratio_Accuracy,ratio_Selection rate,ratio_Count,ratio_tpr,ratio_tnr,ratio_fpr,ratio_fnr,group_min_Accuracy,group_min_Selection rate,group_min_Count,group_min_tpr,group_min_tnr,group_min_fpr,group_min_fnr,group_max_Accuracy,group_max_Selection rate,group_max_Count,group_max_tpr,group_max_tnr,group_max_fpr,group_max_fnr,group_0_Accuracy,group_0_Selection rate,group_0_Count,group_0_tpr,group_0_tnr,group_0_fpr,group_0_fnr,group_1_Accuracy,group_1_Selection rate,group_1_Count,group_1_tpr,group_1_tnr,group_1_fpr,group_1_fnr,generation
0.0028781009006150216,0.3734432220585787,46.0,0.04386467459934196,0.032169064119736746,0.032169064119736766,0.043864674599341916,0.9968977036858822,0.4423561607604121,0.9908421262193908,0.9528571336466735,0.9659408840417743,0.633034379671151,0.6131933239876213,0.9248543299176211,0.29623730838144535,4977.0,0.8865979381443299,0.9123376623376623,0.0554932735426009,0.06953738725632819,0.9277324308182361,0.6696805304400241,5023.0,0.9304626127436718,0.9445067264573991,0.08766233766233766,0.1134020618556701,0.9248543299176211,0.6696805304400241,4977.0,0.9304626127436718,0.9123376623376623,0.08766233766233766,0.06953738725632819,0.9277324308182361,0.29623730838144535,5023.0,0.8865979381443299,0.9445067264573991,0.0554932735426009,0.1134020618556701,None
