generation,epoch,gen_loss
0,0,77629.55272939254
0,10,27259.475869937818
0,20,26376.545978156886
