difference_Accuracy,difference_Selection rate,difference_Count,difference_tpr,difference_tnr,difference_fpr,difference_fnr,ratio_Accuracy,ratio_Selection rate,ratio_Count,ratio_tpr,ratio_tnr,ratio_fpr,ratio_fnr,group_min_Accuracy,group_min_Selection rate,group_min_Count,group_min_tpr,group_min_tnr,group_min_fpr,group_min_fnr,group_max_Accuracy,group_max_Selection rate,group_max_Count,group_max_tpr,group_max_tnr,group_max_fpr,group_max_fnr,group_0_Accuracy,group_0_Selection rate,group_0_Count,group_0_tpr,group_0_tnr,group_0_fpr,group_0_fnr,group_1_Accuracy,group_1_Selection rate,group_1_Count,group_1_tpr,group_1_tnr,group_1_fpr,group_1_fnr,generation
0.0031603674970379636,0.49361224760206296,2951.0,0.33880212437367807,0.2861849155710401,0.28618491557104014,0.33880212437367807,0.9960998774717462,0.31613574585404536,0.7413445525462354,0.6215329963184669,0.689485088803993,0.21493939275287885,0.2362547349365472,0.8071648143769212,0.2281863324663041,8458.0,0.5563938136552244,0.635461373390558,0.07835371103840193,0.10480406197109751,0.8103251818739592,0.7217985800683671,11409.0,0.8951959380289025,0.9216462889615981,0.3645386266094421,0.44360618634477555,0.8103251818739592,0.7217985800683671,11409.0,0.8951959380289025,0.635461373390558,0.3645386266094421,0.10480406197109751,0.8071648143769212,0.2281863324663041,8458.0,0.5563938136552244,0.9216462889615981,0.07835371103840193,0.44360618634477555,None
