difference_Accuracy,difference_Selection rate,difference_Count,difference_tpr,difference_tnr,difference_fpr,difference_fnr,ratio_Accuracy,ratio_Selection rate,ratio_Count,ratio_tpr,ratio_tnr,ratio_fpr,ratio_fnr,group_min_Accuracy,group_min_Selection rate,group_min_Count,group_min_tpr,group_min_tnr,group_min_fpr,group_min_fnr,group_max_Accuracy,group_max_Selection rate,group_max_Count,group_max_tpr,group_max_tnr,group_max_fpr,group_max_fnr,group_0_Accuracy,group_0_Selection rate,group_0_Count,group_0_tpr,group_0_tnr,group_0_fpr,group_0_fnr,group_1_Accuracy,group_1_Selection rate,group_1_Count,group_1_tpr,group_1_tnr,group_1_fpr,group_1_fnr,generation
0.027335592548727417,0.4725796061738716,4532.0,0.27837964329913745,0.23661915651660925,0.2366191565166092,0.2783796432991375,0.9673538550288805,0.31090815134999333,0.6299501918837266,0.6837531200767909,0.7414039700540975,0.2642542201091867,0.3007629432092531,0.809994284314526,0.21322099805573558,7715.0,0.6018808777429467,0.6783954961294862,0.0849853473539045,0.11973947895791583,0.8373298768632534,0.6858006042296072,12247.0,0.8802605210420842,0.9150146526460955,0.3216045038705137,0.3981191222570533,0.809994284314526,0.6858006042296072,12247.0,0.8802605210420842,0.6783954961294862,0.3216045038705137,0.11973947895791583,0.8373298768632534,0.21322099805573558,7715.0,0.6018808777429467,0.9150146526460955,0.0849853473539045,0.3981191222570533,None
