difference_Accuracy,difference_Selection rate,difference_Count,difference_tpr,difference_tnr,difference_fpr,difference_fnr,ratio_Accuracy,ratio_Selection rate,ratio_Count,ratio_tpr,ratio_tnr,ratio_fpr,ratio_fnr,group_min_Accuracy,group_min_Selection rate,group_min_Count,group_min_tpr,group_min_tnr,group_min_fpr,group_min_fnr,group_max_Accuracy,group_max_Selection rate,group_max_Count,group_max_tpr,group_max_tnr,group_max_fpr,group_max_fnr,group_0_Accuracy,group_0_Selection rate,group_0_Count,group_0_tpr,group_0_tnr,group_0_fpr,group_0_fnr,group_1_Accuracy,group_1_Selection rate,group_1_Count,group_1_tpr,group_1_tnr,group_1_fpr,group_1_fnr,generation
0.027150805283487567,0.9547932739522035,2951.0,0.963821234334358,0.9909720396178455,0.00902796038215444,0.036178765665641995,0.9726018452609845,0.009366841132514996,0.7413445525462354,0.0,0.0,0.0,0.0,0.963821234334358,0.00902796038215444,8458.0,0.0,0.0,0.0,0.0,0.9909720396178455,0.963821234334358,11409.0,0.963821234334358,0.9909720396178455,0.00902796038215444,0.036178765665641995,0.9909720396178455,0.00902796038215444,11409.0,0.0,0.9909720396178455,0.00902796038215444,0.0,0.963821234334358,0.963821234334358,8458.0,0.963821234334358,0.0,0.0,0.036178765665641995,None
