Accuracy,Selection rate,Count,tpr,tnr,fpr,fnr,generation
0.8205590622182146,0.503155996393147,19962.0,0.8264295817336835,0.814785373608903,0.18521462639109698,0.17357041826631642,None
