Accuracy,Selection rate,Count,tpr,tnr,fpr,fnr,generation
0.8089797151054513,0.5116524890521971,19867.0,0.8082655826558266,0.8097535395909806,0.1902464604090194,0.19173441734417343,None
