Accuracy,Selection rate,Count,tpr,tnr,fpr,fnr,generation
0.9794130970956864,0.41551316253083004,19867.0,0.963821234334358,0.9909720396178455,0.00902796038215444,0.036178765665641995,None
