Accuracy,Selection rate,Count,tpr,tnr,fpr,fnr,generation
0.9745516481314498,0.37185652740206393,19962.0,0.948152948801037,0.9911815138401241,0.008818486159875887,0.05184705119896306,None
