Accuracy,Selection rate,Count,tpr,tnr,fpr,fnr,generation
0.5497445145776976,0.9141368600340647,19962.0,0.9677712669226106,0.13861287758346583,0.8613871224165341,0.03222873307738937,0
0.5022041879571185,0.9914337240757439,19962.0,0.9977773287532835,0.014805246422893482,0.9851947535771065,0.002222671246716508,1
0.5241458771666165,0.9385332131048993,19962.0,0.966558900788038,0.0890302066772655,0.9109697933227345,0.03344109921196201,2
0.4985472397555355,0.9958921951708246,19962.0,0.9985855728429985,0.006756756756756757,0.9932432432432432,0.0014144271570014145,3
0.5011020939785593,0.9908325819056206,19962.0,0.9960598100626389,0.014308426073131956,0.985691573926868,0.003940189937361083,4
0.50125237952109,0.9916841999799619,19962.0,0.9970701151747828,0.013612877583465818,0.9863871224165341,0.0029298848252172155,5
0.5173329325718866,0.9683899408876866,19962.0,0.9897959183673469,0.05266295707472178,0.9473370429252782,0.01020408163265306,6
0.5084660855625689,0.9762548842801323,19962.0,0.9887856132552031,0.036069157392686804,0.9639308426073132,0.011214386744796929,7
0.502404568680493,0.9887285843101894,19962.0,0.9952515659729239,0.017686804451510333,0.9823131955484896,0.004748434027076177,8
