Accuracy,Selection rate,Count,tpr,tnr,fpr,fnr,generation
0.5701917753057835,0.9148336437308099,19867.0,0.9663182346109176,0.14095437860513896,0.8590456213948611,0.03368176538908246,0
0.5275582624452609,0.9900840589922988,19867.0,0.9976771196283392,0.01814368117461982,0.9818563188253802,0.0023228803716608595,1
0.5465847888458247,0.9356218855388332,19867.0,0.9636082075106466,0.09470372312532774,0.9052962768746723,0.03639179248935347,2
0.5228267982080838,0.9943121759702018,19867.0,0.9971931862175765,0.008809648662821185,0.9911903513371788,0.0028068137824235387,3
0.5250415261488901,0.9888760255700407,19867.0,0.9940960123886953,0.016780283167278448,0.9832197168327216,0.005903987611304684,4
0.5259475512155837,0.9898827200885891,19867.0,0.9959349593495935,0.016675406397482957,0.983324593602517,0.0040650406504065045,5
0.5403936175567524,0.9660743947249207,19867.0,0.9869337979094077,0.05652857891976927,0.9434714210802307,0.013066202090592335,6
0.532138722504656,0.9723159007399205,19867.0,0.9849980642663569,0.041426324069218666,0.9585736759307814,0.01500193573364305,7
0.5259475512155837,0.9874666532440731,19867.0,0.9936120789779327,0.019192448872574725,0.9808075511274252,0.006387921022067364,8
