difference_Accuracy,difference_Selection rate,difference_Count,difference_tpr,difference_tnr,difference_fpr,difference_fnr,ratio_Accuracy,ratio_Selection rate,ratio_Count,ratio_tpr,ratio_tnr,ratio_fpr,ratio_fnr,group_min_Accuracy,group_min_Selection rate,group_min_Count,group_min_tpr,group_min_tnr,group_min_fpr,group_min_fnr,group_max_Accuracy,group_max_Selection rate,group_max_Count,group_max_tpr,group_max_tnr,group_max_fpr,group_max_fnr,generation
0.0034351290717942184,0.3754864932533281,35.0,0.027124169258056052,0.030977568159310076,0.030977568159310034,0.027124169258055983,0.9963440724325007,0.4481788467881768,0.9930237193541958,0.9712724724978996,0.9673561792888815,0.622321489001692,0.6729536641098333,0.9361702127659575,0.3049631253737293,4982.0,0.9170632222977566,0.9179790026246719,0.05104342921601805,0.055812608444187395,0.9396053418377517,0.6804496186270574,5017.0,0.9441873915558127,0.948956570783982,0.08202099737532809,0.08293677770224338,None
