difference_Accuracy,difference_Selection rate,difference_Count,difference_tpr,difference_tnr,difference_fpr,difference_fnr,ratio_Accuracy,ratio_Selection rate,ratio_Count,ratio_tpr,ratio_tnr,ratio_fpr,ratio_fnr,group_min_Accuracy,group_min_Selection rate,group_min_Count,group_min_tpr,group_min_tnr,group_min_fpr,group_min_fnr,group_max_Accuracy,group_max_Selection rate,group_max_Count,group_max_tpr,group_max_tnr,group_max_fpr,group_max_fnr,generation
0.00803405000049795,0.36387429958017914,46.0,0.017642453710230432,0.025764370158988914,0.02576437015898899,0.01764245371023039,0.9914083386943792,0.4555013863467975,0.9908421262193908,0.9810509020618556,0.9727056791189809,0.6851021425012457,0.7962716654890062,0.9270644966847499,0.30439976109894484,4977.0,0.9134020618556701,0.9181818181818182,0.05605381165919283,0.0689554844340995,0.9350985466852478,0.668274060679124,5023.0,0.9310445155659005,0.9439461883408071,0.08181818181818182,0.0865979381443299,None
