Accuracy,Selection rate,Count,tpr,tnr,fpr,fnr,generation
0.9378937893789379,0.49204920492049203,9999.0,0.9360925136944613,0.9396449704142011,0.06035502958579882,0.06390748630553865,None
