Accuracy,Selection rate,Count,tpr,tnr,fpr,fnr,generation
0.9311,0.4855,10000.0,0.9257972199509403,0.9361785434612373,0.06382145653876273,0.07420278004905968,None
