Accuracy,Selection rate,Count,tpr,tnr,fpr,fnr,generation
0.9317,0.4865,10000.0,0.9274325429272281,0.9357870007830854,0.06421299921691465,0.07256745707277187,None
