Accuracy,Selection rate,Count,tpr,tnr,fpr,fnr,generation
0.9377937793779378,0.49294929492949296,9999.0,0.9369040373300872,0.9386587771203155,0.061341222879684416,0.06309596266991276,None
