difference_Accuracy,difference_Selection rate,difference_Count,difference_tpr,difference_tnr,difference_fpr,difference_fnr,ratio_Accuracy,ratio_Selection rate,ratio_Count,ratio_tpr,ratio_tnr,ratio_fpr,ratio_fnr,group_min_Accuracy,group_min_Selection rate,group_min_Count,group_min_tpr,group_min_tnr,group_min_fpr,group_min_fnr,group_max_Accuracy,group_max_Selection rate,group_max_Count,group_max_tpr,group_max_tnr,group_max_fpr,group_max_fnr,generation
0.009628563740408658,0.36148344898978063,46.0,0.011165935288806828,0.025203832042397067,0.025203832042397067,0.011165935288806772,0.9897184788120594,0.45891635319634944,0.9908421262193908,0.988003338672201,0.9732836385242802,0.691953163926258,0.8611415739725312,0.9268635724331927,0.3065896874377862,4977.0,0.9195876288659793,0.9181818181818182,0.05661434977578475,0.06924643584521385,0.9364921361736014,0.6680731364275668,5023.0,0.9307535641547862,0.9433856502242153,0.08181818181818182,0.08041237113402062,None
