difference_Accuracy,difference_Selection rate,difference_Count,difference_tpr,difference_tnr,difference_fpr,difference_fnr,ratio_Accuracy,ratio_Selection rate,ratio_Count,ratio_tpr,ratio_tnr,ratio_fpr,ratio_fnr,group_min_Accuracy,group_min_Selection rate,group_min_Count,group_min_tpr,group_min_tnr,group_min_fpr,group_min_fnr,group_max_Accuracy,group_max_Selection rate,group_max_Count,group_max_tpr,group_max_tnr,group_max_fpr,group_max_fnr,generation
0.005236031295282162,0.3740926374213663,35.0,0.022466942338851936,0.032382056303875695,0.03238205630387572,0.022466942338851895,0.9944321388282258,0.45038940736265204,0.9930237193541958,0.9761904117046429,0.9658558514262434,0.6144511421319797,0.7150959294788696,0.9351665997591329,0.306557703807056,4982.0,0.9211420802175391,0.916010498687664,0.051607445008460234,0.05639097744360902,0.940402631054415,0.6806503412284223,5017.0,0.943609022556391,0.9483925549915397,0.08398950131233596,0.07885791978246091,None
