difference_Accuracy,difference_Selection rate,difference_Count,difference_tpr,difference_tnr,difference_fpr,difference_fnr,ratio_Accuracy,ratio_Selection rate,ratio_Count,ratio_tpr,ratio_tnr,ratio_fpr,ratio_fnr,group_min_Accuracy,group_min_Selection rate,group_min_Count,group_min_tpr,group_min_tnr,group_min_fpr,group_min_fnr,group_max_Accuracy,group_max_Selection rate,group_max_Count,group_max_tpr,group_max_tnr,group_max_fpr,group_max_fnr,generation
0.008034945336798271,0.3668974303106091,35.0,0.009377952542287571,0.02778332911431758,0.027783329114317565,0.009377952542287578,0.9914703087696325,0.4587257927724446,0.9930237193541958,0.9900310605929202,0.9706437172111532,0.6585339228208067,0.863416156537574,0.9339622641509434,0.3109427944987044,4982.0,0.9313392250169953,0.9186351706036745,0.05358150028200789,0.05928282244071718,0.9419972094877417,0.6778402248093135,5017.0,0.9407171775592829,0.9464184997179921,0.08136482939632546,0.06866077498300475,None
