Accuracy,Selection rate,Count,tpr,tnr,fpr,fnr,generation
0.937993799379938,0.49374937493749377,9999.0,0.9379184418746196,0.9380670611439842,0.06193293885601578,0.0620815581253804,None
