difference_Accuracy,difference_Selection rate,difference_Count,difference_tpr,difference_tnr,difference_fpr,difference_fnr,ratio_Accuracy,ratio_Selection rate,ratio_Count,ratio_tpr,ratio_tnr,ratio_fpr,ratio_fnr,group_min_Accuracy,group_min_Selection rate,group_min_Count,group_min_tpr,group_min_tnr,group_min_fpr,group_min_fnr,group_max_Accuracy,group_max_Selection rate,group_max_Count,group_max_tpr,group_max_tnr,group_max_fpr,group_max_fnr,generation
0.0062514922815767315,0.3572916402911085,46.0,0.01177303390333817,0.019509638343719105,0.019509638343719063,0.011773033903338143,0.993294630422729,0.4642240151464757,0.9908421262193908,0.9873312719080234,0.9792083663051404,0.7596412556053811,0.8572519639220251,0.926059875426964,0.3095759506271153,4977.0,0.9175257731958762,0.9188311688311688,0.061659192825112105,0.07070119290078557,0.9323113677085407,0.6668675909182238,5023.0,0.9292988070992144,0.9383408071748879,0.08116883116883117,0.08247422680412371,None
