Accuracy,Selection rate,Count,tpr,tnr,fpr,fnr,generation
0.9292,0.4874,10000.0,0.9257972199509403,0.9324588880187941,0.06754111198120595,0.07420278004905968,None
