difference_Accuracy,difference_Selection rate,difference_Count,difference_tpr,difference_tnr,difference_fpr,difference_fnr,ratio_Accuracy,ratio_Selection rate,ratio_Count,ratio_tpr,ratio_tnr,ratio_fpr,ratio_fnr,group_min_Accuracy,group_min_Selection rate,group_min_Count,group_min_tpr,group_min_tnr,group_min_fpr,group_min_fnr,group_max_Accuracy,group_max_Selection rate,group_max_Count,group_max_tpr,group_max_tnr,group_max_fpr,group_max_fnr,group_0_Accuracy,group_0_Selection rate,group_0_Count,group_0_tpr,group_0_tnr,group_0_fpr,group_0_fnr,group_1_Accuracy,group_1_Selection rate,group_1_Count,group_1_tpr,group_1_tnr,group_1_fpr,group_1_fnr,generation
0.014494906712226086,0.36964922177753273,46.0,0.004377868895894421,0.06332988760118796,0.06332988760118805,0.004377868895894393,0.9844427529026685,0.46441217560792414,0.9908421262193908,0.9953415679891056,0.9319189397526247,0.5242535272886361,0.9322361782603581,0.9172192083584488,0.32052558232132194,4977.0,0.9353951890034364,0.8668831168831169,0.06978699551569506,0.06022694210066919,0.9317141150706749,0.6901748040988547,5023.0,0.9397730578993309,0.9302130044843049,0.1331168831168831,0.06460481099656358,0.9172192083584488,0.6901748040988547,4977.0,0.9397730578993309,0.8668831168831169,0.1331168831168831,0.06022694210066919,0.9317141150706749,0.32052558232132194,5023.0,0.9353951890034364,0.9302130044843049,0.06978699551569506,0.06460481099656358,None
