Accuracy,Selection rate,Count,tpr,tnr,fpr,fnr,generation
0.9245,0.5045,10000.0,0.9384709730171709,0.9111198120595145,0.08888018794048551,0.06152902698282911,None
