Accuracy,Selection rate,Count,tpr,tnr,fpr,fnr,generation
0.9310931093109311,0.513051305130513,9999.0,0.9504970582268208,0.9122287968441815,0.08777120315581854,0.04950294177317914,None
