generation,epoch,gen_loss
0,0,78014.31544463488
0,10,27321.34553870376
0,20,26391.554211674906
