Accuracy,Selection rate,Count,tpr,tnr,fpr,fnr,generation
0.9295929592959296,0.47694769476947696,9999.0,0.9123554473524041,0.9463510848126233,0.053648915187376724,0.08764455264759587,None
0.9295929592959296,0.47694769476947696,9999.0,0.9123554473524041,0.9463510848126233,0.053648915187376724,0.08764455264759587,None
0.9295929592959296,0.47694769476947696,9999.0,0.9123554473524041,0.9463510848126233,0.053648915187376724,0.08764455264759587,None
0.9295929592959296,0.47694769476947696,9999.0,0.9123554473524041,0.9463510848126233,0.053648915187376724,0.08764455264759587,None
0.9295929592959296,0.47694769476947696,9999.0,0.9123554473524041,0.9463510848126233,0.053648915187376724,0.08764455264759587,None
0.9295929592959296,0.47694769476947696,9999.0,0.9123554473524041,0.9463510848126233,0.053648915187376724,0.08764455264759587,None
0.9295929592959296,0.47694769476947696,9999.0,0.9123554473524041,0.9463510848126233,0.053648915187376724,0.08764455264759587,None
0.9281928192819282,0.47514751475147515,9999.0,0.9091093528099006,0.9467455621301775,0.05325443786982249,0.09089064719009941,None
