Accuracy,Selection rate,Count,tpr,tnr,fpr,fnr,generation
0.9242,0.4692,10000.0,0.9020850367947669,0.9453797963978073,0.05462020360219264,0.09791496320523303,None
0.9242,0.4692,10000.0,0.9020850367947669,0.9453797963978073,0.05462020360219264,0.09791496320523303,None
0.9242,0.4692,10000.0,0.9020850367947669,0.9453797963978073,0.05462020360219264,0.09791496320523303,None
0.9242,0.4692,10000.0,0.9020850367947669,0.9453797963978073,0.05462020360219264,0.09791496320523303,None
0.9242,0.4692,10000.0,0.9020850367947669,0.9453797963978073,0.05462020360219264,0.09791496320523303,None
0.9242,0.4692,10000.0,0.9020850367947669,0.9453797963978073,0.05462020360219264,0.09791496320523303,None
0.9242,0.4692,10000.0,0.9020850367947669,0.9453797963978073,0.05462020360219264,0.09791496320523303,None
0.9222,0.4664,10000.0,0.8971790678659035,0.9461628817541112,0.0538371182458888,0.10282093213409649,None
