generation,epoch,gen_loss
0,0,0.5512280836232804
0,0,0.5512997799746271
0,0,0.5515885186973233
0,10,0.5268292893661456
0,0,0.5515835049837453
0,10,0.5267901694952691
0,20,0.5251508003112467
