Accuracy,Selection rate,Count,tpr,tnr,fpr,fnr,generation
0.9317931793179318,0.5123512351235123,9999.0,0.9504970582268208,0.9136094674556213,0.0863905325443787,0.04950294177317914,None
0.9317931793179318,0.5123512351235123,9999.0,0.9504970582268208,0.9136094674556213,0.0863905325443787,0.04950294177317914,None
0.9317931793179318,0.5123512351235123,9999.0,0.9504970582268208,0.9136094674556213,0.0863905325443787,0.04950294177317914,None
0.9317931793179318,0.5123512351235123,9999.0,0.9504970582268208,0.9136094674556213,0.0863905325443787,0.04950294177317914,None
0.9317931793179318,0.5123512351235123,9999.0,0.9504970582268208,0.9136094674556213,0.0863905325443787,0.04950294177317914,None
0.9317931793179318,0.5123512351235123,9999.0,0.9504970582268208,0.9136094674556213,0.0863905325443787,0.04950294177317914,None
0.9317931793179318,0.5123512351235123,9999.0,0.9504970582268208,0.9136094674556213,0.0863905325443787,0.04950294177317914,None
0.9285928592859286,0.516951695169517,9999.0,0.9519172245891662,0.9059171597633137,0.0940828402366864,0.04808277541083384,None
