Accuracy,Selection rate,Count,tpr,tnr,fpr,fnr,generation
0.9247,0.5033,10000.0,0.937448896156991,0.9124902114330462,0.0875097885669538,0.06255110384300899,None
0.9247,0.5033,10000.0,0.937448896156991,0.9124902114330462,0.0875097885669538,0.06255110384300899,None
0.9247,0.5033,10000.0,0.937448896156991,0.9124902114330462,0.0875097885669538,0.06255110384300899,None
0.9247,0.5033,10000.0,0.937448896156991,0.9124902114330462,0.0875097885669538,0.06255110384300899,None
0.9247,0.5033,10000.0,0.937448896156991,0.9124902114330462,0.0875097885669538,0.06255110384300899,None
0.9247,0.5033,10000.0,0.937448896156991,0.9124902114330462,0.0875097885669538,0.06255110384300899,None
0.9247,0.5033,10000.0,0.937448896156991,0.9124902114330462,0.0875097885669538,0.06255110384300899,None
0.9202,0.5094,10000.0,0.9390842191332788,0.9021143304620204,0.09788566953797964,0.06091578086672118,None
