difference_Accuracy,difference_Selection rate,difference_Count,difference_tpr,difference_tnr,difference_fpr,difference_fnr,ratio_Accuracy,ratio_Selection rate,ratio_Count,ratio_tpr,ratio_tnr,ratio_fpr,ratio_fnr,group_min_Accuracy,group_min_Selection rate,group_min_Count,group_min_tpr,group_min_tnr,group_min_fpr,group_min_fnr,group_max_Accuracy,group_max_Selection rate,group_max_Count,group_max_tpr,group_max_tnr,group_max_fpr,group_max_fnr,group_0_Accuracy,group_0_Selection rate,group_0_Count,group_0_tpr,group_0_tnr,group_0_fpr,group_0_fnr,group_1_Accuracy,group_1_Selection rate,group_1_Count,group_1_tpr,group_1_tnr,group_1_fpr,group_1_fnr,generation
0.011073674318948568,0.3745048845233565,46.0,0.027926536268443214,0.04858045541902045,0.04858045541902044,0.027926536268443172,0.9881223433474101,0.4467465686337948,0.9908421262193908,0.9700706251466669,0.9485041399479902,0.5381857941648674,0.705557171952284,0.9212376933895922,0.3024089189727255,4977.0,0.9051546391752577,0.8948051948051948,0.05661434977578475,0.06691882455629909,0.9323113677085407,0.676913803496082,5023.0,0.933081175443701,0.9433856502242153,0.10519480519480519,0.09484536082474226,0.9212376933895922,0.676913803496082,4977.0,0.933081175443701,0.8948051948051948,0.10519480519480519,0.06691882455629909,0.9323113677085407,0.3024089189727255,5023.0,0.9051546391752577,0.9433856502242153,0.05661434977578475,0.09484536082474226,None
