Accuracy,Selection rate,Count,tpr,tnr,fpr,fnr,generation
0.9332933293329333,0.49624962496249625,9999.0,0.9356867518766484,0.9309664694280079,0.06903353057199212,0.0643132481233516,None
