Accuracy,Selection rate,Count,tpr,tnr,fpr,fnr,generation
0.9268,0.4888,10000.0,0.9247751430907605,0.9287392325763508,0.07126076742364917,0.07522485690923958,None
