difference_Accuracy,difference_Selection rate,difference_Count,difference_tpr,difference_tnr,difference_fpr,difference_fnr,ratio_Accuracy,ratio_Selection rate,ratio_Count,ratio_tpr,ratio_tnr,ratio_fpr,ratio_fnr,group_min_Accuracy,group_min_Selection rate,group_min_Count,group_min_tpr,group_min_tnr,group_min_fpr,group_min_fnr,group_max_Accuracy,group_max_Selection rate,group_max_Count,group_max_tpr,group_max_tnr,group_max_fpr,group_max_fnr,group_0_Accuracy,group_0_Selection rate,group_0_Count,group_0_tpr,group_0_tnr,group_0_fpr,group_0_fnr,group_1_Accuracy,group_1_Selection rate,group_1_Count,group_1_tpr,group_1_tnr,group_1_fpr,group_1_fnr,generation
0.009067964584803523,0.38591706703830825,35.0,0.033328759329689595,0.05797260748497801,0.05797260748497808,0.0333287593296896,0.9903307166159492,0.4406055199345791,0.9930237193541958,0.9647550918158818,0.9388727724823871,0.4709565640293018,0.619948798651369,0.9287434765154556,0.30396651385290013,4982.0,0.9123045547246771,0.8904199475065617,0.051607445008460234,0.05436668594563331,0.9378114411002592,0.6898835808912084,5017.0,0.9456333140543667,0.9483925549915397,0.10958005249343832,0.08769544527532291,0.9287434765154556,0.6898835808912084,4982.0,0.9456333140543667,0.8904199475065617,0.10958005249343832,0.05436668594563331,0.9378114411002592,0.30396651385290013,5017.0,0.9123045547246771,0.9483925549915397,0.051607445008460234,0.08769544527532291,None
