difference_Accuracy,difference_Selection rate,difference_Count,difference_tpr,difference_tnr,difference_fpr,difference_fnr,ratio_Accuracy,ratio_Selection rate,ratio_Count,ratio_tpr,ratio_tnr,ratio_fpr,ratio_fnr,group_min_Accuracy,group_min_Selection rate,group_min_Count,group_min_tpr,group_min_tnr,group_min_fpr,group_min_fnr,group_max_Accuracy,group_max_Selection rate,group_max_Count,group_max_tpr,group_max_tnr,group_max_fpr,group_max_fnr,generation
0.007431277245826484,0.364056823442384,46.0,0.020206025593725863,0.02326961155436491,0.023269611554364918,0.02020602559372585,0.9920529474971713,0.4537501325677585,0.9908421262193908,0.9782771004173801,0.9753851248070045,0.7013733183856502,0.7755742958864801,0.9276672694394213,0.3024089189727255,4977.0,0.9099656357388316,0.922077922077922,0.054652466367713,0.06982833866744254,0.9350985466852478,0.6664657424151095,5023.0,0.9301716613325575,0.945347533632287,0.07792207792207792,0.09003436426116838,None
