difference_Accuracy,difference_Selection rate,difference_Count,difference_tpr,difference_tnr,difference_fpr,difference_fnr,ratio_Accuracy,ratio_Selection rate,ratio_Count,ratio_tpr,ratio_tnr,ratio_fpr,ratio_fnr,group_min_Accuracy,group_min_Selection rate,group_min_Count,group_min_tpr,group_min_tnr,group_min_fpr,group_min_fnr,group_max_Accuracy,group_max_Selection rate,group_max_Count,group_max_tpr,group_max_tnr,group_max_fpr,group_max_fnr,generation
0.0032358067676283575,0.3756746131799013,35.0,0.029366479525698153,0.02948092782818401,0.029480927828183914,0.029366479525698104,0.9965554758002989,0.446596415475379,0.9930237193541958,0.9688594645201275,0.9689702077534162,0.6286864957838654,0.6598575481708511,0.9361702127659575,0.3031692246362368,4982.0,0.9136641740312712,0.9206036745406824,0.04991539763113367,0.05696934644303065,0.9394060195335858,0.6788438378161381,5017.0,0.9430306535569694,0.9500846023688664,0.07939632545931759,0.08633582596872875,None
