Accuracy,Selection rate,Count,tpr,tnr,fpr,fnr,generation
0.9314,0.4836,10000.0,0.9241618969746525,0.9383320281910729,0.06166797180892717,0.0758381030253475,None
