Accuracy,Selection rate,Count,tpr,tnr,fpr,fnr,generation
0.9377937793779378,0.49034903490349036,9999.0,0.9342665855143031,0.9412228796844182,0.058777120315581854,0.06573341448569689,None
