difference_Accuracy,difference_Selection rate,difference_Count,difference_tpr,difference_tnr,difference_fpr,difference_fnr,ratio_Accuracy,ratio_Selection rate,ratio_Count,ratio_tpr,ratio_tnr,ratio_fpr,ratio_fnr,group_min_Accuracy,group_min_Selection rate,group_min_Count,group_min_tpr,group_min_tnr,group_min_fpr,group_min_fnr,group_max_Accuracy,group_max_Selection rate,group_max_Count,group_max_tpr,group_max_tnr,group_max_fpr,group_max_fnr,group_0_Accuracy,group_0_Selection rate,group_0_Count,group_0_tpr,group_0_tnr,group_0_fpr,group_0_fnr,group_1_Accuracy,group_1_Selection rate,group_1_Count,group_1_tpr,group_1_tnr,group_1_fpr,group_1_fnr,generation
0.0006558191910651656,0.38348739136394305,35.0,0.043135278975559466,0.039881911969125716,0.03988191196912568,0.043135278975559486,0.9992987542878146,0.4397260458137348,0.9930237193541958,0.9543987176100628,0.957960386491522,0.5627335694895861,0.5562797526360279,0.9345644319550381,0.3009766792904126,4982.0,0.902787219578518,0.9087926509186351,0.05132543711223914,0.0540775014459225,0.9352202511461033,0.6844640706543557,5017.0,0.9459224985540775,0.9486745628877609,0.09120734908136482,0.09721278042148199,0.9345644319550381,0.6844640706543557,4982.0,0.9459224985540775,0.9087926509186351,0.09120734908136482,0.0540775014459225,0.9352202511461033,0.3009766792904126,5017.0,0.902787219578518,0.9486745628877609,0.05132543711223914,0.09721278042148199,None
