Accuracy,Selection rate,Count,tpr,tnr,fpr,fnr,generation
0.9282,0.4842,10000.0,0.9215044971381848,0.9346123727486296,0.0653876272513704,0.07849550286181521,None
