Accuracy,Selection rate,Count,tpr,tnr,fpr,fnr,generation
0.9348934893489349,0.49204920492049203,9999.0,0.9330493000608643,0.9366863905325444,0.06331360946745562,0.06695069993913573,None
