difference_Accuracy,difference_Selection rate,difference_Count,difference_tpr,difference_tnr,difference_fpr,difference_fnr,ratio_Accuracy,ratio_Selection rate,ratio_Count,ratio_tpr,ratio_tnr,ratio_fpr,ratio_fnr,group_min_Accuracy,group_min_Selection rate,group_min_Count,group_min_tpr,group_min_tnr,group_min_fpr,group_min_fnr,group_max_Accuracy,group_max_Selection rate,group_max_Count,group_max_tpr,group_max_tnr,group_max_fpr,group_max_fnr,group_0_Accuracy,group_0_Selection rate,group_0_Count,group_0_tpr,group_0_tnr,group_0_fpr,group_0_fnr,group_1_Accuracy,group_1_Selection rate,group_1_Count,group_1_tpr,group_1_tnr,group_1_fpr,group_1_fnr,generation
0.007860726332969192,0.3736625466994881,46.0,0.03403191666991612,0.03839613301496703,0.038396133014967096,0.03403191666991612,0.9915667602796873,0.4438640864463659,0.9908421262193908,0.9634704254857896,0.9594202006524282,0.5835912334996526,0.6676749076863896,0.9242515571629496,0.29822815050766477,4977.0,0.8975945017182131,0.9077922077922078,0.053811659192825115,0.06837358161187082,0.9321122834959188,0.6718906972071529,5023.0,0.9316264183881292,0.9461883408071748,0.09220779220779221,0.10240549828178694,0.9242515571629496,0.6718906972071529,4977.0,0.9316264183881292,0.9077922077922078,0.09220779220779221,0.06837358161187082,0.9321122834959188,0.29822815050766477,5023.0,0.8975945017182131,0.9461883408071748,0.053811659192825115,0.10240549828178694,None
