Accuracy,Selection rate,Count,tpr,tnr,fpr,fnr,generation
0.9265,0.4783,10000.0,0.9137367130008177,0.9387235708692248,0.06127642913077525,0.08626328699918234,None
