difference_Accuracy,difference_Selection rate,difference_Count,difference_tpr,difference_tnr,difference_fpr,difference_fnr,ratio_Accuracy,ratio_Selection rate,ratio_Count,ratio_tpr,ratio_tnr,ratio_fpr,ratio_fnr,group_min_Accuracy,group_min_Selection rate,group_min_Count,group_min_tpr,group_min_tnr,group_min_fpr,group_min_fnr,group_max_Accuracy,group_max_Selection rate,group_max_Count,group_max_tpr,group_max_tnr,group_max_fpr,group_max_fnr,group_0_Accuracy,group_0_Selection rate,group_0_Count,group_0_tpr,group_0_tnr,group_0_fpr,group_0_fnr,group_1_Accuracy,group_1_Selection rate,group_1_Count,group_1_tpr,group_1_tnr,group_1_fpr,group_1_fnr,generation
0.0012762270049634372,0.3726082443904513,46.0,0.04840991554410412,0.02568938908625007,0.02568938908625007,0.048409915544104135,0.9986234725690506,0.4400751110110881,0.9908421262193908,0.9478417304937035,0.9728576428013799,0.6757241049768434,0.5975061307618771,0.9258589511754068,0.2928528767668724,4977.0,0.8797250859106529,0.9207792207792208,0.05353139013452915,0.07186499854524295,0.9271351781803703,0.6654611211573237,5023.0,0.928135001454757,0.9464686098654709,0.07922077922077922,0.12027491408934708,0.9258589511754068,0.6654611211573237,4977.0,0.928135001454757,0.9207792207792208,0.07922077922077922,0.07186499854524295,0.9271351781803703,0.2928528767668724,5023.0,0.8797250859106529,0.9464686098654709,0.05353139013452915,0.12027491408934708,None
