Accuracy,Selection rate,Count,tpr,tnr,fpr,fnr,generation
0.9332933293329333,0.4894489448944894,9999.0,0.9287888009738283,0.9376725838264299,0.06232741617357002,0.07121119902617164,None
