difference_Accuracy,difference_Selection rate,difference_Count,difference_tpr,difference_tnr,difference_fpr,difference_fnr,ratio_Accuracy,ratio_Selection rate,ratio_Count,ratio_tpr,ratio_tnr,ratio_fpr,ratio_fnr,group_min_Accuracy,group_min_Selection rate,group_min_Count,group_min_tpr,group_min_tnr,group_min_fpr,group_min_fnr,group_max_Accuracy,group_max_Selection rate,group_max_Count,group_max_tpr,group_max_tnr,group_max_fpr,group_max_fnr,group_0_Accuracy,group_0_Selection rate,group_0_Count,group_0_tpr,group_0_tnr,group_0_fpr,group_0_fnr,group_1_Accuracy,group_1_Selection rate,group_1_Count,group_1_tpr,group_1_tnr,group_1_fpr,group_1_fnr,generation
0.0037334723921804702,0.3826690976892935,35.0,0.051597316776750834,0.03284836857321771,0.03284836857321769,0.05159731677675074,0.9960076927542728,0.43845141540852417,0.9930237193541958,0.9453526733800905,0.9653332395950506,0.6149160484185865,0.5196224495025296,0.9314331273669524,0.2987841339445884,4982.0,0.8925900747790618,0.9146981627296588,0.05245346869712352,0.055812608444187395,0.9351665997591329,0.6814532316338819,5017.0,0.9441873915558127,0.9475465313028765,0.08530183727034121,0.10740992522093813,0.9351665997591329,0.6814532316338819,4982.0,0.9441873915558127,0.9146981627296588,0.08530183727034121,0.055812608444187395,0.9314331273669524,0.2987841339445884,5017.0,0.8925900747790618,0.9475465313028765,0.05245346869712352,0.10740992522093813,None
