difference_Accuracy,difference_Selection rate,difference_Count,difference_tpr,difference_tnr,difference_fpr,difference_fnr,ratio_Accuracy,ratio_Selection rate,ratio_Count,ratio_tpr,ratio_tnr,ratio_fpr,ratio_fnr,group_min_Accuracy,group_min_Selection rate,group_min_Count,group_min_tpr,group_min_tnr,group_min_fpr,group_min_fnr,group_max_Accuracy,group_max_Selection rate,group_max_Count,group_max_tpr,group_max_tnr,group_max_fpr,group_max_fnr,group_0_Accuracy,group_0_Selection rate,group_0_Count,group_0_tpr,group_0_tnr,group_0_fpr,group_0_fnr,group_1_Accuracy,group_1_Selection rate,group_1_Count,group_1_tpr,group_1_tnr,group_1_fpr,group_1_fnr,generation
0.011475235503983328,0.38834674271267333,35.0,0.03020375810099951,0.06846574381248027,0.0684657438124803,0.030203758100999505,0.9877664138284139,0.441471284008505,0.9930237193541958,0.9681377072869871,0.9276580668775164,0.4390226152138711,0.6328121639126424,0.9265355279004416,0.30695634841538766,4982.0,0.9177430319510537,0.8779527559055118,0.05358150028200789,0.05205320994794679,0.9380107634044249,0.695303091128061,5017.0,0.9479467900520532,0.9464184997179921,0.1220472440944882,0.08225696804894629,0.9265355279004416,0.695303091128061,4982.0,0.9479467900520532,0.8779527559055118,0.1220472440944882,0.05205320994794679,0.9380107634044249,0.30695634841538766,5017.0,0.9177430319510537,0.9464184997179921,0.05358150028200789,0.08225696804894629,None
