difference_Accuracy,difference_Selection rate,difference_Count,difference_tpr,difference_tnr,difference_fpr,difference_fnr,ratio_Accuracy,ratio_Selection rate,ratio_Count,ratio_tpr,ratio_tnr,ratio_fpr,ratio_fnr,group_min_Accuracy,group_min_Selection rate,group_min_Count,group_min_tpr,group_min_tnr,group_min_fpr,group_min_fnr,group_max_Accuracy,group_max_Selection rate,group_max_Count,group_max_tpr,group_max_tnr,group_max_fpr,group_max_fnr,group_0_Accuracy,group_0_Selection rate,group_0_Count,group_0_tpr,group_0_tnr,group_0_fpr,group_0_fnr,group_1_Accuracy,group_1_Selection rate,group_1_Count,group_1_tpr,group_1_tnr,group_1_fpr,group_1_fnr,generation
0.011062634085337253,0.3717103453909085,46.0,0.022719205892616,0.04477316405567522,0.044773164055675274,0.022719205892615932,0.9881493685198018,0.45022217265659686,0.9908421262193908,0.9756590054074435,0.952511697577096,0.5608237411099368,0.7457196571249525,0.9224432388989351,0.30439976109894484,4977.0,0.9106529209621993,0.8980519480519481,0.05717488789237668,0.06662787314518476,0.9335058729842723,0.6761101064898534,5023.0,0.9333721268548153,0.9428251121076233,0.10194805194805195,0.08934707903780069,0.9224432388989351,0.6761101064898534,4977.0,0.9333721268548153,0.8980519480519481,0.10194805194805195,0.06662787314518476,0.9335058729842723,0.30439976109894484,5023.0,0.9106529209621993,0.9428251121076233,0.05717488789237668,0.08934707903780069,None
