Accuracy,Selection rate,Count,tpr,tnr,fpr,fnr,generation
0.9322932293229323,0.5004500450045004,9999.0,0.938932846419152,0.9258382642998028,0.07416173570019724,0.06106715358084804,None
