Accuracy,Selection rate,Count,tpr,tnr,fpr,fnr,generation
0.928,0.4894,10000.0,0.9266148814390842,0.9293265465935787,0.0706734534064213,0.07338511856091579,None
