difference_Accuracy,difference_Selection rate,difference_Count,difference_tpr,difference_tnr,difference_fpr,difference_fnr,ratio_Accuracy,ratio_Selection rate,ratio_Count,ratio_tpr,ratio_tnr,ratio_fpr,ratio_fnr,group_min_Accuracy,group_min_Selection rate,group_min_Count,group_min_tpr,group_min_tnr,group_min_fpr,group_min_fnr,group_max_Accuracy,group_max_Selection rate,group_max_Count,group_max_tpr,group_max_tnr,group_max_fpr,group_max_fnr,generation
0.004431740592623412,0.37328554612430936,35.0,0.02285756749243817,0.029009064222302205,0.029009064222302164,0.022857567492438148,0.9952883995437186,0.4504407237614334,0.9930237193541958,0.9757690164350549,0.9694305670929321,0.6376244764361598,0.7126198138343888,0.9361702127659575,0.3059597368945585,4982.0,0.920462270564242,0.9199475065616798,0.05104342921601805,0.05668016194331984,0.9406019533585809,0.6792452830188679,5017.0,0.9433198380566802,0.948956570783982,0.08005249343832022,0.07953772943575799,None
