Accuracy,Selection rate,Count,tpr,tnr,fpr,fnr,generation
0.9383938393839384,0.49194919491949196,9999.0,0.9364982755122743,0.9402366863905326,0.059763313609467454,0.0635017244877257,None
