difference_Accuracy,difference_Selection rate,difference_Count,difference_tpr,difference_tnr,difference_fpr,difference_fnr,ratio_Accuracy,ratio_Selection rate,ratio_Count,ratio_tpr,ratio_tnr,ratio_fpr,ratio_fnr,group_min_Accuracy,group_min_Selection rate,group_min_Count,group_min_tpr,group_min_tnr,group_min_fpr,group_min_fnr,group_max_Accuracy,group_max_Selection rate,group_max_Count,group_max_tpr,group_max_tnr,group_max_fpr,group_max_fnr,generation
0.009833168069836362,0.36326232663083147,46.0,0.01589674524354434,0.02586701415176751,0.025867014151767516,0.015896745243544327,0.9894955331316911,0.45510651005375274,0.9908421262193908,0.9828938279893357,0.9726375610751538,0.6787483726312744,0.8164304418305001,0.9262607996785212,0.30340434003583516,4977.0,0.9134020618556701,0.9194805194805195,0.054652466367713,0.07070119290078557,0.9360939677483575,0.6666666666666666,5023.0,0.9292988070992144,0.945347533632287,0.08051948051948052,0.0865979381443299,None
