Accuracy,Selection rate,Count,tpr,tnr,fpr,fnr,generation
0.933993399339934,0.5093509350935094,9999.0,0.949685534591195,0.9187376725838264,0.08126232741617356,0.050314465408805034,None
