difference_Accuracy,difference_Selection rate,difference_Count,difference_tpr,difference_tnr,difference_fpr,difference_fnr,ratio_Accuracy,ratio_Selection rate,ratio_Count,ratio_tpr,ratio_tnr,ratio_fpr,ratio_fnr,group_min_Accuracy,group_min_Selection rate,group_min_Count,group_min_tpr,group_min_tnr,group_min_fpr,group_min_fnr,group_max_Accuracy,group_max_Selection rate,group_max_Count,group_max_tpr,group_max_tnr,group_max_fpr,group_max_fnr,generation
0.017674733997371406,0.37360330544594317,46.0,0.008130442216149891,0.06505299633102324,0.06505299633102322,0.008130442216149905,0.981106578236051,0.4563088739168248,0.9908421262193908,0.9913324038781305,0.9306308754007498,0.4888693145419603,0.8840216330931557,0.9178219811131203,0.31355763487955407,4977.0,0.9298969072164949,0.8727272727272727,0.062219730941704035,0.06197265056735525,0.9354967151104917,0.6871609403254972,5023.0,0.9380273494326448,0.9377802690582959,0.12727272727272726,0.07010309278350516,None
