Accuracy,Selection rate,Count,tpr,tnr,fpr,fnr,generation
0.9267,0.4995,10000.0,0.9356091578086672,0.918167580266249,0.08183241973375098,0.06439084219133279,None
