difference_Accuracy,difference_Selection rate,difference_Count,difference_tpr,difference_tnr,difference_fpr,difference_fnr,ratio_Accuracy,ratio_Selection rate,ratio_Count,ratio_tpr,ratio_tnr,ratio_fpr,ratio_fnr,group_min_Accuracy,group_min_Selection rate,group_min_Count,group_min_tpr,group_min_tnr,group_min_fpr,group_min_fnr,group_max_Accuracy,group_max_Selection rate,group_max_Count,group_max_tpr,group_max_tnr,group_max_fpr,group_max_fnr,generation
0.016863939202456435,0.38380853952442867,35.0,0.007739764618364897,0.0761388011777715,0.07613880117777155,0.007739764618364925,0.9821052489469704,0.4532072794078628,0.9930237193541958,0.9918699556347795,0.9191410036009651,0.43397300978085923,0.8611561737364049,0.925531914893617,0.3181183974486745,4982.0,0.9442556084296397,0.865485564304462,0.0583756345177665,0.04800462695199537,0.9423958540960734,0.7019269369731032,5017.0,0.9519953730480046,0.9416243654822335,0.13451443569553806,0.0557443915703603,None
