Accuracy,Selection rate,Count,tpr,tnr,fpr,fnr,generation
0.935093509350935,0.48304830483048306,9999.0,0.9241225400689795,0.9457593688362919,0.054240631163708086,0.07587745993102049,None
