Accuracy,Selection rate,Count,tpr,tnr,fpr,fnr,generation
0.9289,0.4735,10000.0,0.911283728536386,0.9457713390759592,0.054228660924040724,0.08871627146361406,None
