difference_Accuracy,difference_Selection rate,difference_Count,difference_tpr,difference_tnr,difference_fpr,difference_fnr,ratio_Accuracy,ratio_Selection rate,ratio_Count,ratio_tpr,ratio_tnr,ratio_fpr,ratio_fnr,group_min_Accuracy,group_min_Selection rate,group_min_Count,group_min_tpr,group_min_tnr,group_min_fpr,group_min_fnr,group_max_Accuracy,group_max_Selection rate,group_max_Count,group_max_tpr,group_max_tnr,group_max_fpr,group_max_fnr,group_0_Accuracy,group_0_Selection rate,group_0_Count,group_0_tpr,group_0_tnr,group_0_fpr,group_0_fnr,group_1_Accuracy,group_1_Selection rate,group_1_Count,group_1_tpr,group_1_tnr,group_1_fpr,group_1_fnr,generation
0.0008541380735616055,0.36576393956496117,46.0,0.04296202534176796,0.010679343078446202,0.010679343078446216,0.04296202534176792,0.9990809049821122,0.4434707651437445,0.9908421262193908,0.9535074051953223,0.9887466343461618,0.8268822279915035,0.6386719833972698,0.92847096644565,0.29145928727851883,4977.0,0.8810996563573883,0.9383116883116883,0.05100896860986547,0.07593831830084376,0.9293251045192116,0.65722322684348,5023.0,0.9240616816991563,0.9489910313901345,0.06168831168831169,0.11890034364261168,0.92847096644565,0.65722322684348,4977.0,0.9240616816991563,0.9383116883116883,0.06168831168831169,0.07593831830084376,0.9293251045192116,0.29145928727851883,5023.0,0.8810996563573883,0.9489910313901345,0.05100896860986547,0.11890034364261168,None
