Accuracy,Selection rate,Count,tpr,tnr,fpr,fnr,generation
0.9372937293729373,0.489048904890489,9999.0,0.9324406573341448,0.9420118343195266,0.05798816568047337,0.06755934266585514,None
