difference_Accuracy,difference_Selection rate,difference_Count,difference_tpr,difference_tnr,difference_fpr,difference_fnr,ratio_Accuracy,ratio_Selection rate,ratio_Count,ratio_tpr,ratio_tnr,ratio_fpr,ratio_fnr,group_min_Accuracy,group_min_Selection rate,group_min_Count,group_min_tpr,group_min_tnr,group_min_fpr,group_min_fnr,group_max_Accuracy,group_max_Selection rate,group_max_Count,group_max_tpr,group_max_tnr,group_max_fpr,group_max_fnr,group_0_Accuracy,group_0_Selection rate,group_0_Count,group_0_tpr,group_0_tnr,group_0_fpr,group_0_fnr,group_1_Accuracy,group_1_Selection rate,group_1_Count,group_1_tpr,group_1_tnr,group_1_fpr,group_1_fnr,generation
0.003839374868922163,0.3718650846455651,35.0,0.025794824875292832,0.02497990416172602,0.02497990416172597,0.025794824875292874,0.9959121087187219,0.44960432213184626,0.9930237193541958,0.9725627485638996,0.9736920878653161,0.6689619657176489,0.6988556556225729,0.9353673223604978,0.3037671915487343,4982.0,0.9143439836845684,0.9245406824146981,0.05047941342357586,0.05986119144013881,0.93920669722942,0.6756322761942994,5017.0,0.9401388085598612,0.9495205865764241,0.07545931758530183,0.08565601631543168,0.9353673223604978,0.6756322761942994,4982.0,0.9401388085598612,0.9245406824146981,0.07545931758530183,0.05986119144013881,0.93920669722942,0.3037671915487343,5017.0,0.9143439836845684,0.9495205865764241,0.05047941342357586,0.08565601631543168,None
