difference_Accuracy,difference_Selection rate,difference_Count,difference_tpr,difference_tnr,difference_fpr,difference_fnr,ratio_Accuracy,ratio_Selection rate,ratio_Count,ratio_tpr,ratio_tnr,ratio_fpr,ratio_fnr,group_min_Accuracy,group_min_Selection rate,group_min_Count,group_min_tpr,group_min_tnr,group_min_fpr,group_min_fnr,group_max_Accuracy,group_max_Selection rate,group_max_Count,group_max_tpr,group_max_tnr,group_max_fpr,group_max_fnr,group_0_Accuracy,group_0_Selection rate,group_0_Count,group_0_tpr,group_0_tnr,group_0_fpr,group_0_fnr,group_1_Accuracy,group_1_Selection rate,group_1_Count,group_1_tpr,group_1_tnr,group_1_fpr,group_1_fnr,generation
0.008236814290990324,0.36245126946886197,46.0,0.01846031712703977,0.02233999184671831,0.022339991846718303,0.018460317127039785,0.991189625599735,0.4550090730675148,0.9908421262193908,0.9801165434140909,0.9763614795643265,0.7108942231601161,0.794963653283642,0.9266626481816356,0.3026080031853474,4977.0,0.9099656357388316,0.9227272727272727,0.05493273542600897,0.0715740471341286,0.9348994624726259,0.6650592726542094,5023.0,0.9284259528658714,0.945067264573991,0.07727272727272727,0.09003436426116838,0.9266626481816356,0.6650592726542094,4977.0,0.9284259528658714,0.9227272727272727,0.07727272727272727,0.0715740471341286,0.9348994624726259,0.3026080031853474,5023.0,0.9099656357388316,0.945067264573991,0.05493273542600897,0.09003436426116838,None
