Accuracy,Selection rate,Count,tpr,tnr,fpr,fnr,generation
0.9308,0.483,10000.0,0.9229354047424366,0.9383320281910729,0.06166797180892717,0.07706459525756337,None
