generation,epoch,gen_loss
0,0,80176.11940967794
0,10,27389.2482162787
0,20,26455.516442123724
