Accuracy,Selection rate,Count,tpr,tnr,fpr,fnr,generation
0.8848064978499761,0.6055422838031533,20930.0,0.9038961038961039,0.8553191489361702,0.14468085106382977,0.09610389610389611,None
0.8848064978499761,0.6055422838031533,20930.0,0.9038961038961039,0.8553191489361702,0.14468085106382977,0.09610389610389611,None
0.8848064978499761,0.6055422838031533,20930.0,0.9038961038961039,0.8553191489361702,0.14468085106382977,0.09610389610389611,None
0.8848064978499761,0.6055422838031533,20930.0,0.9038961038961039,0.8553191489361702,0.14468085106382977,0.09610389610389611,None
