Accuracy,Selection rate,Count,tpr,tnr,fpr,fnr,generation
0.8456515058389674,0.6042178856791641,26032.0,0.8651243998254038,0.8144072036018009,0.1855927963981991,0.13487560017459624,None
0.8456515058389674,0.6042178856791641,26032.0,0.8651243998254038,0.8144072036018009,0.1855927963981991,0.13487560017459624,None
0.8456515058389674,0.6042178856791641,26032.0,0.8651243998254038,0.8144072036018009,0.1855927963981991,0.13487560017459624,None
0.8456515058389674,0.6042178856791641,26032.0,0.8651243998254038,0.8144072036018009,0.1855927963981991,0.13487560017459624,None
