Accuracy,Selection rate,Count,tpr,tnr,fpr,fnr,generation
0.9263,0.4765,10000.0,0.9116925592804579,0.9402897415818324,0.05971025841816758,0.08830744071954211,None
