difference_Accuracy,difference_Selection rate,difference_Count,difference_tpr,difference_tnr,difference_fpr,difference_fnr,ratio_Accuracy,ratio_Selection rate,ratio_Count,ratio_tpr,ratio_tnr,ratio_fpr,ratio_fnr,group_min_Accuracy,group_min_Selection rate,group_min_Count,group_min_tpr,group_min_tnr,group_min_fpr,group_min_fnr,group_max_Accuracy,group_max_Selection rate,group_max_Count,group_max_tpr,group_max_tnr,group_max_fpr,group_max_fnr,generation
0.00355095365440361,0.3792442107912984,35.0,0.04821340597218082,0.023483263830599843,0.02348326383059985,0.048213405972180885,0.9962126201870608,0.4391823513914371,0.9930237193541958,0.9488269005979738,0.9752976405982476,0.6775811344339263,0.5453723065059097,0.9340243173211082,0.2969902332070959,4982.0,0.893949694085656,0.9271653543307087,0.049351381838691484,0.0578368999421631,0.9375752709755119,0.6762344439983943,5017.0,0.9421631000578369,0.9506486181613085,0.07283464566929133,0.10605030591434399,None
