Accuracy,Selection rate,Count,tpr,tnr,fpr,fnr,generation
0.9357935793579358,0.48594859485948594,9999.0,0.927774396429296,0.9435897435897436,0.05641025641025641,0.072225603570704,None
