difference_Accuracy,difference_Selection rate,difference_Count,difference_tpr,difference_tnr,difference_fpr,difference_fnr,ratio_Accuracy,ratio_Selection rate,ratio_Count,ratio_tpr,ratio_tnr,ratio_fpr,ratio_fnr,group_min_Accuracy,group_min_Selection rate,group_min_Count,group_min_tpr,group_min_tnr,group_min_fpr,group_min_fnr,group_max_Accuracy,group_max_Selection rate,group_max_Count,group_max_tpr,group_max_tnr,group_max_fpr,group_max_fnr,generation
0.0016780755080777476,0.3705916417191388,46.0,0.047456874701924834,0.022353823306738185,0.022353823306738102,0.04745687470192478,0.9981900422424147,0.4407414794311238,0.9908421262193908,0.94874001308909,0.97639584446332,0.7032337250657182,0.6098884028740081,0.9254571026722925,0.29205653991638464,4977.0,0.8783505154639175,0.9246753246753247,0.05297085201793722,0.0741926098341577,0.9271351781803703,0.6626481816355234,5023.0,0.9258073901658423,0.9470291479820628,0.07532467532467532,0.12164948453608247,None
