Accuracy,Selection rate,Count,tpr,tnr,fpr,fnr,generation
0.8212603947500251,0.5062618976054504,19962.0,0.8302687411598303,0.8124006359300477,0.1875993640699523,0.16973125884016974,None
