Accuracy,Selection rate,Count,tpr,tnr,fpr,fnr,generation
0.9743512674080753,0.37305881174231037,19962.0,0.949449125081011,0.9900383767453254,0.009961623254674614,0.050550874918988985,None
