difference_Accuracy,difference_Selection rate,difference_Count,difference_tpr,difference_tnr,difference_fpr,difference_fnr,ratio_Accuracy,ratio_Selection rate,ratio_Count,ratio_tpr,ratio_tnr,ratio_fpr,ratio_fnr,group_min_Accuracy,group_min_Selection rate,group_min_Count,group_min_tpr,group_min_tnr,group_min_fpr,group_min_fnr,group_max_Accuracy,group_max_Selection rate,group_max_Count,group_max_tpr,group_max_tnr,group_max_fpr,group_max_fnr,group_0_Accuracy,group_0_Selection rate,group_0_Count,group_0_tpr,group_0_tnr,group_0_fpr,group_0_fnr,group_1_Accuracy,group_1_Selection rate,group_1_Count,group_1_tpr,group_1_tnr,group_1_fpr,group_1_fnr,generation
0.0035336006526689445,0.48541119099657504,2951.0,0.32452134286590273,0.2882346191624583,0.2882346191624582,0.32452134286590273,0.9956169982772015,0.3332462944762913,0.7413445525462354,0.6381172423703544,0.6825154716471178,0.24221533128515924,0.24135266319443727,0.8026720264838023,0.2426105462284228,8458.0,0.5722368917389664,0.6196351931330472,0.09213018770449458,0.10324176539513084,0.8062056271364713,0.7280217372249979,11409.0,0.8967582346048691,0.9078698122955055,0.3803648068669528,0.4277631082610336,0.8062056271364713,0.7280217372249979,11409.0,0.8967582346048691,0.6196351931330472,0.3803648068669528,0.10324176539513084,0.8026720264838023,0.2426105462284228,8458.0,0.5722368917389664,0.9078698122955055,0.09213018770449458,0.4277631082610336,None
