difference_Accuracy,difference_Selection rate,difference_Count,difference_tpr,difference_tnr,difference_fpr,difference_fnr,ratio_Accuracy,ratio_Selection rate,ratio_Count,ratio_tpr,ratio_tnr,ratio_fpr,ratio_fnr,group_min_Accuracy,group_min_Selection rate,group_min_Count,group_min_tpr,group_min_tnr,group_min_fpr,group_min_fnr,group_max_Accuracy,group_max_Selection rate,group_max_Count,group_max_tpr,group_max_tnr,group_max_fpr,group_max_fnr,group_0_Accuracy,group_0_Selection rate,group_0_Count,group_0_tpr,group_0_tnr,group_0_fpr,group_0_fnr,group_1_Accuracy,group_1_Selection rate,group_1_Count,group_1_tpr,group_1_tnr,group_1_fpr,group_1_fnr,generation
0.02661499600918049,0.4772195298955857,4532.0,0.2818437292557948,0.2422489946587626,0.24224899465876265,0.28184372925579476,0.9682242813044216,0.30907819096450667,0.6299501918837266,0.6814495562884675,0.7352512400121549,0.25970791094601786,0.29019881869001163,0.8109741161100678,0.21348023331173038,7715.0,0.6029258098223615,0.6727656579873329,0.0849853473539045,0.11523046092184369,0.8375891121192482,0.6906997632073161,12247.0,0.8847695390781564,0.9150146526460955,0.32723434201266716,0.39707419017763845,0.8109741161100678,0.6906997632073161,12247.0,0.8847695390781564,0.6727656579873329,0.32723434201266716,0.11523046092184369,0.8375891121192482,0.21348023331173038,7715.0,0.6029258098223615,0.9150146526460955,0.0849853473539045,0.39707419017763845,None
