Accuracy,Selection rate,Count,tpr,tnr,fpr,fnr,generation
0.8047012634016207,0.5213670911561886,19867.0,0.8134920634920635,0.7951756685894075,0.20482433141059256,0.1865079365079365,None
