Accuracy,Selection rate,Count,tpr,tnr,fpr,fnr,generation
0.9785070720289928,0.41440579856042686,19867.0,0.9614566091274533,0.9911473398194408,0.008852660180559208,0.0385433908725467,None
