Accuracy,Selection rate,Count,tpr,tnr,fpr,fnr,generation
0.9306,0.4816,10000.0,0.9213000817661489,0.9395066562255285,0.060493343774471416,0.07869991823385118,None
