Accuracy,Selection rate,Count,tpr,tnr,fpr,fnr,generation
0.936993699369937,0.48914891489148915,9999.0,0.9322377764252384,0.9416173570019724,0.05838264299802761,0.06776222357476161,None
