difference_Accuracy,difference_Selection rate,difference_Count,difference_tpr,difference_tnr,difference_fpr,difference_fnr,ratio_Accuracy,ratio_Selection rate,ratio_Count,ratio_tpr,ratio_tnr,ratio_fpr,ratio_fnr,group_min_Accuracy,group_min_Selection rate,group_min_Count,group_min_tpr,group_min_tnr,group_min_fpr,group_min_fnr,group_max_Accuracy,group_max_Selection rate,group_max_Count,group_max_tpr,group_max_tnr,group_max_fpr,group_max_fnr,group_0_Accuracy,group_0_Selection rate,group_0_Count,group_0_tpr,group_0_tnr,group_0_fpr,group_0_fnr,group_1_Accuracy,group_1_Selection rate,group_1_Count,group_1_tpr,group_1_tnr,group_1_fpr,group_1_fnr,generation
0.012238738971716567,0.35603825376944975,46.0,0.007328576127786701,0.018443887950614468,0.018443887950614406,0.00732857612778666,0.9869340731445415,0.46090587495876134,0.9908421262193908,0.9920641726051661,0.9804840473879619,0.7486408190801223,0.9125977191317247,0.9244524814145068,0.30439976109894484,4977.0,0.9161512027491409,0.9266233766233766,0.05493273542600897,0.07652022112307244,0.9366912203862233,0.6604380148683946,5023.0,0.9234797788769276,0.945067264573991,0.07337662337662337,0.0838487972508591,0.9244524814145068,0.6604380148683946,4977.0,0.9234797788769276,0.9266233766233766,0.07337662337662337,0.07652022112307244,0.9366912203862233,0.30439976109894484,5023.0,0.9161512027491409,0.945067264573991,0.05493273542600897,0.0838487972508591,None
