difference_Accuracy,difference_Selection rate,difference_Count,difference_tpr,difference_tnr,difference_fpr,difference_fnr,ratio_Accuracy,ratio_Selection rate,ratio_Count,ratio_tpr,ratio_tnr,ratio_fpr,ratio_fnr,group_min_Accuracy,group_min_Selection rate,group_min_Count,group_min_tpr,group_min_tnr,group_min_fpr,group_min_fnr,group_max_Accuracy,group_max_Selection rate,group_max_Count,group_max_tpr,group_max_tnr,group_max_fpr,group_max_fnr,group_0_Accuracy,group_0_Selection rate,group_0_Count,group_0_tpr,group_0_tnr,group_0_fpr,group_0_fnr,group_1_Accuracy,group_1_Selection rate,group_1_Count,group_1_tpr,group_1_tnr,group_1_fpr,group_1_fnr,generation
0.003241407956424691,0.3676653132860918,35.0,0.021629663763550466,0.019725008993165205,0.019725008993165198,0.021629663763550494,0.9965465823492498,0.45419887044359075,0.9930237193541958,0.976957677974628,0.9791830708661418,0.7267189663128749,0.7392029885558788,0.9353673223604978,0.3059597368945585,4982.0,0.9170632222977566,0.9278215223097113,0.05245346869712352,0.061307113938692884,0.9386087303169225,0.6736250501806503,5017.0,0.9386928860613071,0.9475465313028765,0.07217847769028872,0.08293677770224338,0.9353673223604978,0.6736250501806503,4982.0,0.9386928860613071,0.9278215223097113,0.07217847769028872,0.061307113938692884,0.9386087303169225,0.3059597368945585,5017.0,0.9170632222977566,0.9475465313028765,0.05245346869712352,0.08293677770224338,None
