difference_Accuracy,difference_Selection rate,difference_Count,difference_tpr,difference_tnr,difference_fpr,difference_fnr,ratio_Accuracy,ratio_Selection rate,ratio_Count,ratio_tpr,ratio_tnr,ratio_fpr,ratio_fnr,group_min_Accuracy,group_min_Selection rate,group_min_Count,group_min_tpr,group_min_tnr,group_min_fpr,group_min_fnr,group_max_Accuracy,group_max_Selection rate,group_max_Count,group_max_tpr,group_max_tnr,group_max_fpr,group_max_fnr,generation
8.356176816703975e-05,0.3737751490821546,46.0,0.055704297382337176,0.023105817948867236,0.02310581794886727,0.05570429738233716,0.9999097353201069,0.4357661762263017,0.9908421262193908,0.939831656158676,0.975637837339965,0.6905829596412557,0.5711653296756584,0.9256580269238497,0.28867210830181167,4977.0,0.8701030927835052,0.9253246753246753,0.0515695067264574,0.0741926098341577,0.9257415886920167,0.6624472573839663,5023.0,0.9258073901658423,0.9484304932735426,0.07467532467532467,0.12989690721649486,None
