Accuracy,Selection rate,Count,tpr,tnr,fpr,fnr,generation
0.9348934893489349,0.48464846484648466,9999.0,0.9255427064313249,0.9439842209072978,0.05601577909270217,0.07445729356867518,None
