difference_Accuracy,difference_Selection rate,difference_Count,difference_tpr,difference_tnr,difference_fpr,difference_fnr,ratio_Accuracy,ratio_Selection rate,ratio_Count,ratio_tpr,ratio_tnr,ratio_fpr,ratio_fnr,group_min_Accuracy,group_min_Selection rate,group_min_Count,group_min_tpr,group_min_tnr,group_min_fpr,group_min_fnr,group_max_Accuracy,group_max_Selection rate,group_max_Count,group_max_tpr,group_max_tnr,group_max_fpr,group_max_fnr,generation
0.0025445400531809437,0.38063526602886194,35.0,0.05084634139340927,0.02592363137348952,0.025923631373489485,0.050846341393409274,0.9972819685795568,0.43662361991806586,0.9930237193541958,0.9459493856322135,0.9727629046369204,0.650375095458425,0.5383026654956479,0.9336256727127765,0.2949970101654375,4982.0,0.8898708361658736,0.9258530183727034,0.048223350253807105,0.05928282244071718,0.9361702127659575,0.6756322761942994,5017.0,0.9407171775592829,0.9517766497461929,0.07414698162729659,0.11012916383412645,None
