Accuracy,Selection rate,Count,tpr,tnr,fpr,fnr,generation
0.9257,0.4747,10000.0,0.9092395748160261,0.9414643696162882,0.058535630383711824,0.09076042518397383,None
