Accuracy,Selection rate,Count,tpr,tnr,fpr,fnr,generation
0.9313,0.4849,10000.0,0.9253883892068684,0.9369616288175411,0.06303837118245889,0.07461161079313164,None
