difference_Accuracy,difference_Selection rate,difference_Count,difference_tpr,difference_tnr,difference_fpr,difference_fnr,ratio_Accuracy,ratio_Selection rate,ratio_Count,ratio_tpr,ratio_tnr,ratio_fpr,ratio_fnr,group_min_Accuracy,group_min_Selection rate,group_min_Count,group_min_tpr,group_min_tnr,group_min_fpr,group_min_fnr,group_max_Accuracy,group_max_Selection rate,group_max_Count,group_max_tpr,group_max_tnr,group_max_fpr,group_max_fnr,generation
0.008432218425741822,0.3626687540708361,46.0,0.01608231425351969,0.024096587269233027,0.024096587269233007,0.016082314253519664,0.9909863730256435,0.4563245816233279,0.9908421262193908,0.9827103803286371,0.9744800761719729,0.6983028911006599,0.8128018620890312,0.9270644966847499,0.30439976109894484,4977.0,0.9140893470790378,0.9201298701298701,0.05577354260089686,0.06982833866744254,0.9354967151104917,0.6670685151697809,5023.0,0.9301716613325575,0.9442264573991032,0.07987012987012987,0.0859106529209622,None
