Accuracy,Selection rate,Count,tpr,tnr,fpr,fnr,generation
0.9385938593859386,0.49314931493149317,9999.0,0.9379184418746196,0.939250493096647,0.060749506903353054,0.0620815581253804,None
