difference_Accuracy,difference_Selection rate,difference_Count,difference_tpr,difference_tnr,difference_fpr,difference_fnr,ratio_Accuracy,ratio_Selection rate,ratio_Count,ratio_tpr,ratio_tnr,ratio_fpr,ratio_fnr,group_min_Accuracy,group_min_Selection rate,group_min_Count,group_min_tpr,group_min_tnr,group_min_fpr,group_min_fnr,group_max_Accuracy,group_max_Selection rate,group_max_Count,group_max_tpr,group_max_tnr,group_max_fpr,group_max_fnr,generation
0.005230430106485828,0.3736939928130346,35.0,0.0210058823783823,0.03135172824209154,0.03135172824209157,0.021005882378382287,0.9944428064709362,0.45097508929680374,0.9930237193541958,0.9777524222773519,0.9669520724297097,0.6207933822147019,0.7265517435522093,0.9359694901645925,0.30695634841538766,4982.0,0.9231815091774304,0.9173228346456693,0.05132543711223914,0.055812608444187395,0.9411999202710783,0.6806503412284223,5017.0,0.9441873915558127,0.9486745628877609,0.08267716535433071,0.07681849082256968,None
