Accuracy,Selection rate,Count,tpr,tnr,fpr,fnr,generation
0.9315931593159316,0.48014801480148017,9999.0,0.9176303509839724,0.9451676528599605,0.05483234714003945,0.08236964901602759,None
