difference_Accuracy,difference_Selection rate,difference_Count,difference_tpr,difference_tnr,difference_fpr,difference_fnr,ratio_Accuracy,ratio_Selection rate,ratio_Count,ratio_tpr,ratio_tnr,ratio_fpr,ratio_fnr,group_min_Accuracy,group_min_Selection rate,group_min_Count,group_min_tpr,group_min_tnr,group_min_fpr,group_min_fnr,group_max_Accuracy,group_max_Selection rate,group_max_Count,group_max_tpr,group_max_tnr,group_max_fpr,group_max_fnr,generation
0.005284351816884469,0.3799357194398233,46.0,0.07761723792126718,0.02329727447440444,0.023297274474404515,0.07761723792126717,0.9942862874228473,0.4254208217405042,0.9908421262193908,0.9160307060952486,0.9754577279820859,0.685282432538746,0.4935736270159475,0.9195699781007366,0.2813059924347999,4977.0,0.8467353951890034,0.925974025974026,0.05072869955156951,0.07564736688972941,0.9248543299176211,0.6612417118746232,5023.0,0.9243526331102706,0.9492713004484304,0.07402597402597402,0.15326460481099657,None
