Accuracy,Selection rate,Count,tpr,tnr,fpr,fnr,generation
0.9222,0.4704,10000.0,0.901267375306623,0.942247454972592,0.05775254502740799,0.09873262469337694,None
