difference_Accuracy,difference_Selection rate,difference_Count,difference_tpr,difference_tnr,difference_fpr,difference_fnr,ratio_Accuracy,ratio_Selection rate,ratio_Count,ratio_tpr,ratio_tnr,ratio_fpr,ratio_fnr,group_min_Accuracy,group_min_Selection rate,group_min_Count,group_min_tpr,group_min_tnr,group_min_fpr,group_min_fnr,group_max_Accuracy,group_max_Selection rate,group_max_Count,group_max_tpr,group_max_tnr,group_max_fpr,group_max_fnr,generation
0.0075219964685304674,0.38640441047207863,35.0,0.07154495295394792,0.025739327000368628,0.025739327000368607,0.07154495295394792,0.9919582432604681,0.4267222236533962,0.9930237193541958,0.9238058369834456,0.9729885606560204,0.6466059968598039,0.4602942266909878,0.9278453258919673,0.2876220849113016,4982.0,0.86743711760707,0.9271653543307087,0.04709531866892273,0.06101792943898207,0.9353673223604978,0.6740264953833802,5017.0,0.9389820705610179,0.9529046813310773,0.07283464566929133,0.13256288239293,None
