Accuracy,Selection rate,Count,tpr,tnr,fpr,fnr,generation
0.9299,0.4885,10000.0,0.9276369582992641,0.9320673453406422,0.06793265465935787,0.07236304170073589,None
0.9299,0.4885,10000.0,0.9276369582992641,0.9320673453406422,0.06793265465935787,0.07236304170073589,None
0.9299,0.4885,10000.0,0.9276369582992641,0.9320673453406422,0.06793265465935787,0.07236304170073589,None
0.9299,0.4885,10000.0,0.9276369582992641,0.9320673453406422,0.06793265465935787,0.07236304170073589,None
0.9299,0.4885,10000.0,0.9276369582992641,0.9320673453406422,0.06793265465935787,0.07236304170073589,None
0.9299,0.4885,10000.0,0.9276369582992641,0.9320673453406422,0.06793265465935787,0.07236304170073589,None
0.9299,0.4885,10000.0,0.9276369582992641,0.9320673453406422,0.06793265465935787,0.07236304170073589,None
0.9298,0.4896,10000.0,0.928659035159444,0.9308927173061864,0.06910728269381362,0.071340964840556,None
