Accuracy,Selection rate,Count,tpr,tnr,fpr,fnr,generation
0.9364936493649365,0.49864986498649866,9999.0,0.9413674173260296,0.9317554240631164,0.06824457593688363,0.05863258267397038,None
0.9364936493649365,0.49864986498649866,9999.0,0.9413674173260296,0.9317554240631164,0.06824457593688363,0.05863258267397038,None
0.9364936493649365,0.49864986498649866,9999.0,0.9413674173260296,0.9317554240631164,0.06824457593688363,0.05863258267397038,None
0.9364936493649365,0.49864986498649866,9999.0,0.9413674173260296,0.9317554240631164,0.06824457593688363,0.05863258267397038,None
0.9364936493649365,0.49864986498649866,9999.0,0.9413674173260296,0.9317554240631164,0.06824457593688363,0.05863258267397038,None
0.9364936493649365,0.49864986498649866,9999.0,0.9413674173260296,0.9317554240631164,0.06824457593688363,0.05863258267397038,None
0.9364936493649365,0.49864986498649866,9999.0,0.9413674173260296,0.9317554240631164,0.06824457593688363,0.05863258267397038,None
0.936993699369937,0.4971497149714971,9999.0,0.9403530127814973,0.9337278106508876,0.06627218934911243,0.05964698721850274,None
