Accuracy,Selection rate,Count,tpr,tnr,fpr,fnr,generation
0.9372937293729373,0.5004500450045004,9999.0,0.9440048691418138,0.9307692307692308,0.06923076923076923,0.05599513085818624,None
0.9372937293729373,0.5004500450045004,9999.0,0.9440048691418138,0.9307692307692308,0.06923076923076923,0.05599513085818624,None
0.9372937293729373,0.5004500450045004,9999.0,0.9440048691418138,0.9307692307692308,0.06923076923076923,0.05599513085818624,None
0.9372937293729373,0.5004500450045004,9999.0,0.9440048691418138,0.9307692307692308,0.06923076923076923,0.05599513085818624,None
0.9372937293729373,0.5004500450045004,9999.0,0.9440048691418138,0.9307692307692308,0.06923076923076923,0.05599513085818624,None
0.9372937293729373,0.5004500450045004,9999.0,0.9440048691418138,0.9307692307692308,0.06923076923076923,0.05599513085818624,None
0.9372937293729373,0.5004500450045004,9999.0,0.9440048691418138,0.9307692307692308,0.06923076923076923,0.05599513085818624,None
0.9381938193819382,0.49914991499149913,9999.0,0.9435991073240008,0.9329388560157791,0.0670611439842209,0.05640089267599919,None
