Accuracy,Selection rate,Count,tpr,tnr,fpr,fnr,generation
0.9305,0.4901,10000.0,0.9298855273916599,0.9310884886452623,0.06891151135473766,0.07011447260834015,None
0.9305,0.4901,10000.0,0.9298855273916599,0.9310884886452623,0.06891151135473766,0.07011447260834015,None
0.9305,0.4901,10000.0,0.9298855273916599,0.9310884886452623,0.06891151135473766,0.07011447260834015,None
0.9305,0.4901,10000.0,0.9298855273916599,0.9310884886452623,0.06891151135473766,0.07011447260834015,None
0.9305,0.4901,10000.0,0.9298855273916599,0.9310884886452623,0.06891151135473766,0.07011447260834015,None
0.9305,0.4901,10000.0,0.9298855273916599,0.9310884886452623,0.06891151135473766,0.07011447260834015,None
0.9305,0.4901,10000.0,0.9298855273916599,0.9310884886452623,0.06891151135473766,0.07011447260834015,None
0.9297,0.4903,10000.0,0.929272281275552,0.9301096319498825,0.06989036805011746,0.07072771872444808,None
