Accuracy,Selection rate,Count,tpr,tnr,fpr,fnr,generation
0.9318,0.4832,10000.0,0.9241618969746525,0.9391151135473766,0.060884886452623334,0.0758381030253475,None
