difference_Accuracy,difference_Selection rate,difference_Count,difference_tpr,difference_tnr,difference_fpr,difference_fnr,ratio_Accuracy,ratio_Selection rate,ratio_Count,ratio_tpr,ratio_tnr,ratio_fpr,ratio_fnr,group_min_Accuracy,group_min_Selection rate,group_min_Count,group_min_tpr,group_min_tnr,group_min_fpr,group_min_fnr,group_max_Accuracy,group_max_Selection rate,group_max_Count,group_max_tpr,group_max_tnr,group_max_fpr,group_max_fnr,generation
0.003430928180196968,0.371476242117627,35.0,0.023060448800188982,0.024415888369283878,0.02441588836928378,0.023060448800189044,0.9963508656603671,0.45132088994070035,0.9930237193541958,0.9755239312611867,0.9742708053023832,0.6764364010887958,0.7149418471842178,0.9367723805700522,0.30556109228622685,4982.0,0.9191026512576479,0.9245406824146981,0.05104342921601805,0.0578368999421631,0.9402033087502492,0.6770373344038538,5017.0,0.9421631000578369,0.948956570783982,0.07545931758530183,0.08089734874235215,None
