difference_Accuracy,difference_Selection rate,difference_Count,difference_tpr,difference_tnr,difference_fpr,difference_fnr,ratio_Accuracy,ratio_Selection rate,ratio_Count,ratio_tpr,ratio_tnr,ratio_fpr,ratio_fnr,group_min_Accuracy,group_min_Selection rate,group_min_Count,group_min_tpr,group_min_tnr,group_min_fpr,group_min_fnr,group_max_Accuracy,group_max_Selection rate,group_max_Count,group_max_tpr,group_max_tnr,group_max_fpr,group_max_fnr,generation
0.007827605632135137,0.3604530671869016,46.0,0.015314842421315644,0.01881296954166911,0.01881296954166909,0.015314842421315644,0.9916344546616565,0.45735785983387495,0.9908421262193908,0.9835096762524869,0.9800876074385418,0.7458598851388561,0.8231500339443313,0.9278681936909785,0.30380250846107903,4977.0,0.9134020618556701,0.925974025974026,0.05521300448430493,0.07128309572301425,0.9356957993231136,0.6642555756479807,5023.0,0.9287169042769857,0.9447869955156951,0.07402597402597402,0.0865979381443299,None
