Accuracy,Selection rate,Count,tpr,tnr,fpr,fnr,generation
0.9384938493849385,0.49064906490649063,9999.0,0.9352809900588355,0.9416173570019724,0.05838264299802761,0.06471900994116454,None
