Accuracy,Selection rate,Count,tpr,tnr,fpr,fnr,generation
0.9365936593659366,0.49154915491549156,9999.0,0.9342665855143031,0.9388560157790927,0.0611439842209073,0.06573341448569689,None
