Accuracy,Selection rate,Count,tpr,tnr,fpr,fnr,generation
0.9292,0.4846,10000.0,0.9229354047424366,0.9351996867658575,0.06480031323414252,0.07706459525756337,None
