difference_Accuracy,difference_Selection rate,difference_Count,difference_tpr,difference_tnr,difference_fpr,difference_fnr,ratio_Accuracy,ratio_Selection rate,ratio_Count,ratio_tpr,ratio_tnr,ratio_fpr,ratio_fnr,group_min_Accuracy,group_min_Selection rate,group_min_Count,group_min_tpr,group_min_tnr,group_min_fpr,group_min_fnr,group_max_Accuracy,group_max_Selection rate,group_max_Count,group_max_tpr,group_max_tnr,group_max_fpr,group_max_fnr,generation
0.007244657606130356,0.3676821168524808,35.0,0.014831567230579656,0.027035008948754546,0.027035008948754505,0.014831567230579726,0.9922945840131533,0.45611867394327216,0.9930237193541958,0.9841997660248477,0.9714514169945552,0.6622839865745749,0.8052032553912252,0.9329586511441188,0.3083516045445485,4982.0,0.9238613188307274,0.9199475065616798,0.05301748448956571,0.061307113938692884,0.9402033087502492,0.6760337213970293,5017.0,0.9386928860613071,0.9469825155104343,0.08005249343832022,0.07613868116927261,None
