difference_Accuracy,difference_Selection rate,difference_Count,difference_tpr,difference_tnr,difference_fpr,difference_fnr,ratio_Accuracy,ratio_Selection rate,ratio_Count,ratio_tpr,ratio_tnr,ratio_fpr,ratio_fnr,group_min_Accuracy,group_min_Selection rate,group_min_Count,group_min_tpr,group_min_tnr,group_min_fpr,group_min_fnr,group_max_Accuracy,group_max_Selection rate,group_max_Count,group_max_tpr,group_max_tnr,group_max_fpr,group_max_fnr,generation
0.0074515176741140055,0.35846590513855275,46.0,0.014547370589111597,0.019714926329276183,0.0197149263292761,0.01454737058911161,0.9920125963984049,0.4606756922991001,0.9908421262193908,0.9843114801648019,0.9790521568961116,0.7490827558092132,0.8333352424633276,0.9254571026722925,0.3061915190125423,4977.0,0.9127147766323024,0.9214285714285714,0.05885650224215247,0.07273785277858598,0.9329086203464065,0.6646574241510951,5023.0,0.927262147221414,0.9411434977578476,0.07857142857142857,0.08728522336769759,None
