difference_Accuracy,difference_Selection rate,difference_Count,difference_tpr,difference_tnr,difference_fpr,difference_fnr,ratio_Accuracy,ratio_Selection rate,ratio_Count,ratio_tpr,ratio_tnr,ratio_fpr,ratio_fnr,group_min_Accuracy,group_min_Selection rate,group_min_Count,group_min_tpr,group_min_tnr,group_min_fpr,group_min_fnr,group_max_Accuracy,group_max_Selection rate,group_max_Count,group_max_tpr,group_max_tnr,group_max_fpr,group_max_fnr,generation
0.003436529368993302,0.37508644834779736,35.0,0.026834984758345226,0.03069556026308895,0.030695560263088943,0.02683498475834517,0.9963418061013708,0.4486041057336304,0.9930237193541958,0.9715700437210913,0.967643740578801,0.6257597292724196,0.6764404706596251,0.9359694901645925,0.30516244767789513,4982.0,0.9170632222977566,0.9179790026246719,0.05132543711223914,0.05610179294389821,0.9394060195335858,0.6802488960256925,5017.0,0.9438982070561018,0.9486745628877609,0.08202099737532809,0.08293677770224338,None
