Accuracy,Selection rate,Count,tpr,tnr,fpr,fnr,generation
0.9309,0.4853,10000.0,0.9253883892068684,0.9361785434612373,0.06382145653876273,0.07461161079313164,None
