difference_Accuracy,difference_Selection rate,difference_Count,difference_tpr,difference_tnr,difference_fpr,difference_fnr,ratio_Accuracy,ratio_Selection rate,ratio_Count,ratio_tpr,ratio_tnr,ratio_fpr,ratio_fnr,group_min_Accuracy,group_min_Selection rate,group_min_Count,group_min_tpr,group_min_tnr,group_min_fpr,group_min_fnr,group_max_Accuracy,group_max_Selection rate,group_max_Count,group_max_tpr,group_max_tnr,group_max_fpr,group_max_fnr,generation
0.008835906967791463,0.36307244261288574,46.0,0.01608231425351969,0.025764370158988914,0.02576437015898899,0.016082314253519664,0.9905528393573401,0.4562107893817839,0.9908421262193908,0.9827103803286371,0.9727056791189809,0.6851021425012457,0.8128018620890312,0.9264617239300783,0.3045988453115668,4977.0,0.9140893470790378,0.9181818181818182,0.05605381165919283,0.06982833866744254,0.9352976308978698,0.6676712879244525,5023.0,0.9301716613325575,0.9439461883408071,0.08181818181818182,0.0859106529209622,None
