Accuracy,Selection rate,Count,tpr,tnr,fpr,fnr,generation
0.9376937693769377,0.49204920492049203,9999.0,0.9358896327855549,0.9394477317554241,0.060552268244575935,0.06411036721444512,None
