difference_Accuracy,difference_Selection rate,difference_Count,difference_tpr,difference_tnr,difference_fpr,difference_fnr,ratio_Accuracy,ratio_Selection rate,ratio_Count,ratio_tpr,ratio_tnr,ratio_fpr,ratio_fnr,group_min_Accuracy,group_min_Selection rate,group_min_Count,group_min_tpr,group_min_tnr,group_min_fpr,group_min_fnr,group_max_Accuracy,group_max_Selection rate,group_max_Count,group_max_tpr,group_max_tnr,group_max_fpr,group_max_fnr,generation
0.007429976938305494,0.36709815291197406,35.0,0.00956569638812288,0.02675300105253342,0.026753001052533414,0.009565696388122949,0.9921158641498564,0.45858999472840295,0.9930237193541958,0.989840854388781,0.9717407978158226,0.6658067737372055,0.8592886061307115,0.9349658771577679,0.3109427944987044,4982.0,0.9320190346702923,0.9199475065616798,0.0532994923857868,0.05841526894158473,0.9423958540960734,0.6780409474106784,5017.0,0.9415847310584152,0.9467005076142132,0.08005249343832022,0.06798096532970768,None
