difference_Accuracy,difference_Selection rate,difference_Count,difference_tpr,difference_tnr,difference_fpr,difference_fnr,ratio_Accuracy,ratio_Selection rate,ratio_Count,ratio_tpr,ratio_tnr,ratio_fpr,ratio_fnr,group_min_Accuracy,group_min_Selection rate,group_min_Count,group_min_tpr,group_min_tnr,group_min_fpr,group_min_fnr,group_max_Accuracy,group_max_Selection rate,group_max_Count,group_max_tpr,group_max_tnr,group_max_fpr,group_max_fnr,generation
0.00824601448566653,0.36128804485502913,46.0,0.014020458583416606,0.025559082173431946,0.025559082173431946,0.014020458583416565,0.9911703835511612,0.4595339347028915,0.9908421262193908,0.9849270202842656,0.9728425237656924,0.6972231804070369,0.8327887931240073,0.9256580269238497,0.307186940075652,4977.0,0.9161512027491409,0.9155844155844156,0.05885650224215247,0.06982833866744254,0.9339040414095162,0.6684749849306811,5023.0,0.9301716613325575,0.9411434977578476,0.08441558441558442,0.0838487972508591,None
