Accuracy,Selection rate,Count,tpr,tnr,fpr,fnr,generation
0.9386938693869387,0.49384938493849384,9999.0,0.9387299655102455,0.9386587771203155,0.061341222879684416,0.061270034489754516,None
