Accuracy,Selection rate,Count,tpr,tnr,fpr,fnr,generation
0.9298,0.487,10000.0,0.9260016353229763,0.9334377447141738,0.06656225528582616,0.07399836467702371,None
