Accuracy,Selection rate,Count,tpr,tnr,fpr,fnr,generation
0.9755373231992752,0.41012734685659635,19867.0,0.9529439583825964,0.9922867911298098,0.0077132088701902,0.04705604161740364,None
