difference_Accuracy,difference_Selection rate,difference_Count,difference_tpr,difference_tnr,difference_fpr,difference_fnr,ratio_Accuracy,ratio_Selection rate,ratio_Count,ratio_tpr,ratio_tnr,ratio_fpr,ratio_fnr,group_min_Accuracy,group_min_Selection rate,group_min_Count,group_min_tpr,group_min_tnr,group_min_fpr,group_min_fnr,group_max_Accuracy,group_max_Selection rate,group_max_Count,group_max_tpr,group_max_tnr,group_max_fpr,group_max_fnr,group_0_Accuracy,group_0_Selection rate,group_0_Count,group_0_tpr,group_0_tnr,group_0_fpr,group_0_fnr,group_1_Accuracy,group_1_Selection rate,group_1_Count,group_1_tpr,group_1_tnr,group_1_fpr,group_1_fnr,generation
0.005898412393247621,0.4717132357310393,2951.0,0.2605718372813014,0.31015050652941434,0.31015050652941434,0.26057183728130145,0.9927392268924337,0.37890636971085667,0.7413445525462354,0.7168691070649772,0.6483709505239537,0.2755381651994633,0.23417301481958966,0.806468577438864,0.2877748876803027,8458.0,0.6597510373443983,0.5718884120171673,0.11796108145341828,0.07967712537430022,0.8123669898321116,0.759488123411342,11409.0,0.9203228746256997,0.8820389185465817,0.4281115879828326,0.34024896265560167,0.806468577438864,0.759488123411342,11409.0,0.9203228746256997,0.5718884120171673,0.4281115879828326,0.07967712537430022,0.8123669898321116,0.2877748876803027,8458.0,0.6597510373443983,0.8820389185465817,0.11796108145341828,0.34024896265560167,None
