Accuracy,Selection rate,Count,tpr,tnr,fpr,fnr,generation
0.8190562067929065,0.5423304278128444,19962.0,0.864417053950293,0.7744435612082671,0.2255564387917329,0.135582946049707,None
