Accuracy,Selection rate,Count,tpr,tnr,fpr,fnr,generation
0.8089797151054513,0.5586651230684049,19867.0,0.8534649632210608,0.7607760880964867,0.23922391190351336,0.14653503677893923,None
