Accuracy,Selection rate,Count,tpr,tnr,fpr,fnr,generation
0.9722973649934876,0.3677988177537321,19962.0,0.9399870382372003,0.9926512615334367,0.00734873846656324,0.060012961762799744,None
