difference_Accuracy,difference_Selection rate,difference_Count,difference_tpr,difference_tnr,difference_fpr,difference_fnr,ratio_Accuracy,ratio_Selection rate,ratio_Count,ratio_tpr,ratio_tnr,ratio_fpr,ratio_fnr,group_min_Accuracy,group_min_Selection rate,group_min_Count,group_min_tpr,group_min_tnr,group_min_fpr,group_min_fnr,group_max_Accuracy,group_max_Selection rate,group_max_Count,group_max_tpr,group_max_tnr,group_max_fpr,group_max_fnr,group_0_Accuracy,group_0_Selection rate,group_0_Count,group_0_tpr,group_0_tnr,group_0_fpr,group_0_fnr,group_1_Accuracy,group_1_Selection rate,group_1_Count,group_1_tpr,group_1_tnr,group_1_fpr,group_1_fnr,generation
0.026193577317941696,0.4631211918471603,4532.0,0.21860060245883617,0.25779041145849824,0.25779041145849824,0.21860060245883617,0.9686351933869439,0.3579527692379249,0.6299501918837266,0.7589021674221097,0.708263328741563,0.3109965366472865,0.2991598775440328,0.8089327998693557,0.258198314970836,7715.0,0.6880877742946708,0.6258503401360545,0.11635924840544734,0.09331162324649299,0.8351263771872974,0.7213195068179963,12247.0,0.906688376753507,0.8836407515945527,0.3741496598639456,0.31191222570532917,0.8089327998693557,0.7213195068179963,12247.0,0.906688376753507,0.6258503401360545,0.3741496598639456,0.09331162324649299,0.8351263771872974,0.258198314970836,7715.0,0.6880877742946708,0.8836407515945527,0.11635924840544734,0.31191222570532917,None
