Accuracy,Selection rate,Count,tpr,tnr,fpr,fnr,generation
0.5297729903860674,0.9871646448885086,19867.0,0.9969996128532714,0.02349239643418983,0.9765076035658101,0.0030003871467286104,0
0.5216690995117531,0.9979866109629033,19867.0,0.9996128532713898,0.0037755637126376507,0.9962244362873623,0.00038714672861014324,1
0.5219207731413903,0.9977349373332662,19867.0,0.9996128532713898,0.004299947561615103,0.9957000524383849,0.00038714672861014324,2
0.5226254593043741,0.9971309206221373,19867.0,0.9997096399535423,0.005663345568956476,0.9943366544310436,0.00029036004645760743,3
0.5261992248452207,0.9846982433180651,19867.0,0.9911924119241192,0.022338751966439432,0.9776612480335606,0.008807588075880758,4
