Accuracy,Selection rate,Count,tpr,tnr,fpr,fnr,generation
0.5045586614567679,0.9897805831079051,19962.0,0.9984845423317842,0.018779809220985693,0.9812201907790143,0.0015154576682158013,0
0.49719466987275823,0.9982466686704738,19962.0,0.9995958779551425,0.0030802861685214626,0.9969197138314785,0.00040412204485754696,1
0.4972447650536018,0.9981965734896303,19962.0,0.9995958779551425,0.003179650238473768,0.9968203497615262,0.00040412204485754696,2
0.4974952409578199,0.9978459072237251,19962.0,0.999494847443928,0.0037758346581875995,0.9962241653418124,0.0005051525560719338,3
0.5021540927762749,0.9868750626189761,19962.0,0.9931299252374217,0.019276629570747217,0.9807233704292527,0.006870074762578299,4
