proba_0,proba_1,generation
0.9564931,0.8969902,0
0.927576,0.8502272,1
0.911338,0.85404396,2
0.89767927,0.82905173,3
0.9231784,0.89954585,4
0.8899407,0.76712036,5
