Accuracy,Selection rate,Count,tpr,tnr,fpr,fnr,generation
0.9277,0.4791,10000.0,0.9157808667211774,0.9391151135473766,0.060884886452623334,0.08421913327882256,None
