difference_Accuracy,difference_Selection rate,difference_Count,difference_tpr,difference_tnr,difference_fpr,difference_fnr,ratio_Accuracy,ratio_Selection rate,ratio_Count,ratio_tpr,ratio_tnr,ratio_fpr,ratio_fnr,group_min_Accuracy,group_min_Selection rate,group_min_Count,group_min_tpr,group_min_tnr,group_min_fpr,group_min_fnr,group_max_Accuracy,group_max_Selection rate,group_max_Count,group_max_tpr,group_max_tnr,group_max_fpr,group_max_fnr,group_0_Accuracy,group_0_Selection rate,group_0_Count,group_0_tpr,group_0_tnr,group_0_fpr,group_0_fnr,group_1_Accuracy,group_1_Selection rate,group_1_Count,group_1_tpr,group_1_tnr,group_1_fpr,group_1_fnr,generation
0.012465423768366901,0.3526151813372371,46.0,0.008277017738037795,0.015094490711082598,0.015094490711082632,0.008277017738037754,0.9866523505460442,0.46265592237739467,0.9908421262193908,0.9909860234582902,0.9840044125758411,0.7886771300448432,0.9080682381004204,0.9214386176411493,0.3036034242484571,4977.0,0.9099656357388316,0.9285714285714286,0.05633408071748879,0.08175734652313063,0.9339040414095162,0.6562186055856942,5023.0,0.9182426534768694,0.9436659192825112,0.07142857142857142,0.09003436426116838,0.9214386176411493,0.6562186055856942,4977.0,0.9182426534768694,0.9285714285714286,0.07142857142857142,0.08175734652313063,0.9339040414095162,0.3036034242484571,5023.0,0.9099656357388316,0.9436659192825112,0.05633408071748879,0.09003436426116838,None
