Accuracy,Selection rate,Count,tpr,tnr,fpr,fnr,generation
0.9372937293729373,0.48664866486648667,9999.0,0.9300060864272672,0.9443786982248521,0.05562130177514793,0.06999391357273281,None
