Accuracy,Selection rate,Count,tpr,tnr,fpr,fnr,generation
0.9385938593859386,0.49834983498349833,9999.0,0.9431933455061878,0.9341222879684418,0.06587771203155819,0.056806654493812135,None
