difference_Accuracy,difference_Selection rate,difference_Count,difference_tpr,difference_tnr,difference_fpr,difference_fnr,ratio_Accuracy,ratio_Selection rate,ratio_Count,ratio_tpr,ratio_tnr,ratio_fpr,ratio_fnr,group_min_Accuracy,group_min_Selection rate,group_min_Count,group_min_tpr,group_min_tnr,group_min_fpr,group_min_fnr,group_max_Accuracy,group_max_Selection rate,group_max_Count,group_max_tpr,group_max_tnr,group_max_fpr,group_max_fnr,generation
0.008046930273044595,0.36393134078717104,46.0,0.012886447963190162,0.03277692038902791,0.03277692038902802,0.012886447963190148,0.9913817205199354,0.4604449558838992,0.9908421262193908,0.9862108587641705,0.9650797097796203,0.6518865006958403,0.8355282299434942,0.9256580269238497,0.310571371690225,4977.0,0.9216494845360824,0.9058441558441559,0.06137892376681614,0.06546406750072738,0.9337049571968943,0.674502712477396,5023.0,0.9345359324992726,0.9386210762331838,0.09415584415584416,0.07835051546391752,None
