difference_Accuracy,difference_Selection rate,difference_Count,difference_tpr,difference_tnr,difference_fpr,difference_fnr,ratio_Accuracy,ratio_Selection rate,ratio_Count,ratio_tpr,ratio_tnr,ratio_fpr,ratio_fnr,group_min_Accuracy,group_min_Selection rate,group_min_Count,group_min_tpr,group_min_tnr,group_min_fpr,group_min_fnr,group_max_Accuracy,group_max_Selection rate,group_max_Count,group_max_tpr,group_max_tnr,group_max_fpr,group_max_fnr,generation
0.00963092406732402,0.37093008620149537,35.0,0.007206808004689869,0.03809216106869884,0.0380921610686989,0.007206808004689862,0.9897911797917252,0.45807223183112905,0.9930237193541958,0.9923765242948248,0.9597152391441676,0.5882804718532119,0.8835031365395738,0.9337615415495785,0.3135339844528603,4982.0,0.938137321549966,0.90748031496063,0.05442752397067118,0.05465587044534413,0.9433924656169025,0.6844640706543557,5017.0,0.9453441295546559,0.9455724760293288,0.09251968503937008,0.061862678450033994,None
