Accuracy,Selection rate,Count,tpr,tnr,fpr,fnr,generation
0.8184049694419396,0.5378719567177638,19962.0,0.8592644978783592,0.7782193958664547,0.2217806041335453,0.14073550212164074,None
