difference_Accuracy,difference_Selection rate,difference_Count,difference_tpr,difference_tnr,difference_fpr,difference_fnr,ratio_Accuracy,ratio_Selection rate,ratio_Count,ratio_tpr,ratio_tnr,ratio_fpr,ratio_fnr,group_min_Accuracy,group_min_Selection rate,group_min_Count,group_min_tpr,group_min_tnr,group_min_fpr,group_min_fnr,group_max_Accuracy,group_max_Selection rate,group_max_Count,group_max_tpr,group_max_tnr,group_max_fpr,group_max_fnr,group_0_Accuracy,group_0_Selection rate,group_0_Count,group_0_tpr,group_0_tnr,group_0_fpr,group_0_fnr,group_1_Accuracy,group_1_Selection rate,group_1_Count,group_1_tpr,group_1_tnr,group_1_fpr,group_1_fnr,generation
0.0242972778763495,0.45585410603022547,4532.0,0.21674684269269995,0.2460277764399782,0.24602777643997817,0.21674684269269995,0.9708425106834598,0.36159574196087235,0.6299501918837266,0.7594848099988164,0.7211941529344963,0.3233442509912084,0.31315652828836477,0.8090144525189843,0.258198314970836,7715.0,0.6844305120167189,0.636406286652592,0.11756593690742975,0.09882264529058116,0.8333117303953338,0.7140524210010615,12247.0,0.9011773547094188,0.8824340630925702,0.3635937133474079,0.3155694879832811,0.8090144525189843,0.7140524210010615,12247.0,0.9011773547094188,0.636406286652592,0.3635937133474079,0.09882264529058116,0.8333117303953338,0.258198314970836,7715.0,0.6844305120167189,0.8824340630925702,0.11756593690742975,0.3155694879832811,None
