Accuracy,Selection rate,Count,tpr,tnr,fpr,fnr,generation
0.9777076445245967,0.3829275623685002,19962.0,0.9665586519766688,0.9847309545194741,0.015269045480525843,0.03344134802333117,None
