Accuracy,Selection rate,Count,tpr,tnr,fpr,fnr,generation
0.9814768208587105,0.4239190617607087,19867.0,0.9761172854102624,0.9854500832675958,0.014549916732404243,0.023882714589737526,None
