difference_Accuracy,difference_Selection rate,difference_Count,difference_tpr,difference_tnr,difference_fpr,difference_fnr,ratio_Accuracy,ratio_Selection rate,ratio_Count,ratio_tpr,ratio_tnr,ratio_fpr,ratio_fnr,group_min_Accuracy,group_min_Selection rate,group_min_Count,group_min_tpr,group_min_tnr,group_min_fpr,group_min_fnr,group_max_Accuracy,group_max_Selection rate,group_max_Count,group_max_tpr,group_max_tnr,group_max_fpr,group_max_fnr,group_0_Accuracy,group_0_Selection rate,group_0_Count,group_0_tpr,group_0_tnr,group_0_fpr,group_0_fnr,group_1_Accuracy,group_1_Selection rate,group_1_Count,group_1_tpr,group_1_tnr,group_1_fpr,group_1_fnr,generation
0.009854947062675978,0.4697586840803727,2951.0,0.25981062777144714,0.30809405882052954,0.30809405882052965,0.2598106277714472,0.9878847176953324,0.37549792278338706,0.7413445525462354,0.7153607998983761,0.6525340455290707,0.26888946449208506,0.25135002801944945,0.8035761241125428,0.2824544809647671,8458.0,0.6529611467370804,0.5785944206008584,0.11331152057861202,0.08722822549147247,0.8134310711752187,0.7522131650451398,11409.0,0.9127717745085275,0.886688479421388,0.42140557939914164,0.34703885326291967,0.8035761241125428,0.7522131650451398,11409.0,0.9127717745085275,0.5785944206008584,0.42140557939914164,0.08722822549147247,0.8134310711752187,0.2824544809647671,8458.0,0.6529611467370804,0.886688479421388,0.11331152057861202,0.34703885326291967,None
