Accuracy,Selection rate,Count,tpr,tnr,fpr,fnr,generation
0.8077716816831932,0.5522222781496955,19867.0,0.8461091753774681,0.7662296801258521,0.23377031987414787,0.15389082462253195,None
