Accuracy,Selection rate,Count,tpr,tnr,fpr,fnr,generation
0.5430110233049781,0.961644938843308,19867.0,0.985191637630662,0.06386995280545359,0.9361300471945464,0.014808362369337979,0
0.5327930739417124,0.9713595409472996,19867.0,0.9847077042198994,0.04310435238594651,0.9568956476140534,0.015292295780100659,1
0.5218201036895355,0.9978356067851211,19867.0,0.9996128532713898,0.004090194022024121,0.9959098059779758,0.00038714672861014324,2
0.5221724467710274,0.9967785775406452,19867.0,0.9989353464963221,0.005558468799160986,0.994441531200839,0.001064653503677894,3
0.5373231992751799,0.8790456535964162,19867.0,0.9003097173828881,0.1439958049292082,0.8560041950707918,0.09969028261711188,4
0.5229274676599386,0.9941108370664922,19867.0,0.997096399535424,0.009124278972207656,0.9908757210277923,0.0029036004645760743,5
0.5275079277193335,0.9892283686515327,19867.0,0.9968060394889663,0.018982695332983746,0.9810173046670163,0.003193960511033682,6
0.5218201036895355,0.9979362762369759,19867.0,0.9997096399535423,0.003985317252228632,0.9960146827477714,0.00029036004645760743,7
0.5230784718377208,0.9952685357628228,19867.0,0.9983546264034069,0.008075511274252753,0.9919244887257472,0.0016453735965931088,8
