Accuracy,Selection rate,Count,tpr,tnr,fpr,fnr,generation
0.520188357879972,0.9626289950906722,19962.0,0.9868660335421298,0.06120826709062003,0.93879173290938,0.013133966457870277,0
0.5087666566476305,0.9699428914938383,19962.0,0.9827237825823398,0.04262718600953895,0.957372813990461,0.017276217417660132,1
0.49729486023444547,0.9982466686704738,19962.0,0.9996969084663568,0.003179650238473768,0.9968203497615262,0.0003030915336431602,2
0.4970443843302274,0.9982967638513175,19962.0,0.999494847443928,0.002881558028616852,0.9971184419713831,0.0005051525560719338,3
0.5180843602845406,0.8777677587416091,19962.0,0.899171549808042,0.14328298887122418,0.8567170111287759,0.10082845019195798,4
0.49839695421300473,0.9955415289049193,19962.0,0.9980804202869267,0.006955484896661367,0.9930445151033387,0.0019195797130733482,5
0.5019537120529005,0.9898807734695922,19962.0,0.9959587795514245,0.01609697933227345,0.9839030206677265,0.00404122044857547,6
0.496593527702635,0.99874762047891,19962.0,0.999494847443928,0.001987281399046105,0.9980127186009539,0.0005051525560719338,7
0.4984470493938483,0.9953912433623885,19962.0,0.9979793897757122,0.007154213036565978,0.9928457869634341,0.002020610224287735,8
