Accuracy,Selection rate,Count,tpr,tnr,fpr,fnr,generation
0.9289,0.4793,10000.0,0.9172117743254292,0.9400939702427564,0.05990602975724354,0.08278822567457073,None
0.9289,0.4793,10000.0,0.9172117743254292,0.9400939702427564,0.05990602975724354,0.08278822567457073,None
0.9289,0.4793,10000.0,0.9172117743254292,0.9400939702427564,0.05990602975724354,0.08278822567457073,None
0.9289,0.4793,10000.0,0.9172117743254292,0.9400939702427564,0.05990602975724354,0.08278822567457073,None
0.9289,0.4793,10000.0,0.9172117743254292,0.9400939702427564,0.05990602975724354,0.08278822567457073,None
0.9289,0.4793,10000.0,0.9172117743254292,0.9400939702427564,0.05990602975724354,0.08278822567457073,None
0.9289,0.4793,10000.0,0.9172117743254292,0.9400939702427564,0.05990602975724354,0.08278822567457073,None
0.927,0.4766,10000.0,0.9125102207686018,0.9408770555990603,0.0591229444009397,0.0874897792313982,None
