Accuracy,Selection rate,Count,tpr,tnr,fpr,fnr,generation
0.9334933493349334,0.48524852485248526,9999.0,0.9247311827956989,0.9420118343195266,0.05798816568047337,0.07526881720430108,None
0.9334933493349334,0.48524852485248526,9999.0,0.9247311827956989,0.9420118343195266,0.05798816568047337,0.07526881720430108,None
0.9334933493349334,0.48524852485248526,9999.0,0.9247311827956989,0.9420118343195266,0.05798816568047337,0.07526881720430108,None
0.9334933493349334,0.48524852485248526,9999.0,0.9247311827956989,0.9420118343195266,0.05798816568047337,0.07526881720430108,None
0.9334933493349334,0.48524852485248526,9999.0,0.9247311827956989,0.9420118343195266,0.05798816568047337,0.07526881720430108,None
0.9334933493349334,0.48524852485248526,9999.0,0.9247311827956989,0.9420118343195266,0.05798816568047337,0.07526881720430108,None
0.9334933493349334,0.48524852485248526,9999.0,0.9247311827956989,0.9420118343195266,0.05798816568047337,0.07526881720430108,None
0.9320932093209321,0.48284828482848285,9999.0,0.920876445526476,0.9429980276134122,0.057001972386587774,0.07912355447352404,None
