difference_Accuracy,difference_Selection rate,difference_Count,difference_tpr,difference_tnr,difference_fpr,difference_fnr,ratio_Accuracy,ratio_Selection rate,ratio_Count,ratio_tpr,ratio_tnr,ratio_fpr,ratio_fnr,group_min_Accuracy,group_min_Selection rate,group_min_Count,group_min_tpr,group_min_tnr,group_min_fpr,group_min_fnr,group_max_Accuracy,group_max_Selection rate,group_max_Count,group_max_tpr,group_max_tnr,group_max_fpr,group_max_fnr,group_0_Accuracy,group_0_Selection rate,group_0_Count,group_0_tpr,group_0_tnr,group_0_fpr,group_0_fnr,group_1_Accuracy,group_1_Selection rate,group_1_Count,group_1_tpr,group_1_tnr,group_1_fpr,group_1_fnr,generation
0.009049711491895152,0.3637322565745491,46.0,0.011617259917593659,0.03407562168772926,0.03407562168772932,0.01161725991759377,0.9903098058359008,0.4607401129069017,0.9908421262193908,0.9875612079947759,0.9636960829555634,0.6430172966047405,0.8504149276097439,0.9248543299176211,0.3107704559028469,4977.0,0.9223367697594502,0.9045454545454545,0.06137892376681614,0.06604597032295606,0.9339040414095162,0.674502712477396,5023.0,0.9339540296770439,0.9386210762331838,0.09545454545454546,0.07766323024054983,0.9248543299176211,0.674502712477396,4977.0,0.9339540296770439,0.9045454545454545,0.09545454545454546,0.06604597032295606,0.9339040414095162,0.3107704559028469,5023.0,0.9223367697594502,0.9386210762331838,0.06137892376681614,0.07766323024054983,None
