Accuracy,Selection rate,Count,tpr,tnr,fpr,fnr,generation
0.9294,0.4918,10000.0,0.9304987735077678,0.9283476898981989,0.07165231010180109,0.06950122649223221,None
