Accuracy,Selection rate,Count,tpr,tnr,fpr,fnr,generation
0.9366936693669367,0.5008500850085008,9999.0,0.9438019882329073,0.9297830374753452,0.07021696252465483,0.056198011767092715,None
