difference_Accuracy,difference_Selection rate,difference_Count,difference_tpr,difference_tnr,difference_fpr,difference_fnr,ratio_Accuracy,ratio_Selection rate,ratio_Count,ratio_tpr,ratio_tnr,ratio_fpr,ratio_fnr,group_min_Accuracy,group_min_Selection rate,group_min_Count,group_min_tpr,group_min_tnr,group_min_fpr,group_min_fnr,group_max_Accuracy,group_max_Selection rate,group_max_Count,group_max_tpr,group_max_tnr,group_max_fpr,group_max_fnr,group_0_Accuracy,group_0_Selection rate,group_0_Count,group_0_tpr,group_0_tnr,group_0_fpr,group_0_fnr,group_1_Accuracy,group_1_Selection rate,group_1_Count,group_1_tpr,group_1_tnr,group_1_fpr,group_1_fnr,generation
0.006643890099234606,0.37554810633008756,35.0,0.015826314727885427,0.04408427372974322,0.044084273729743176,0.015826314727885447,0.9929320617837447,0.45515996920894114,0.9930237193541958,0.9833148181923695,0.9532527408356252,0.5637374469861779,0.7648433437907122,0.9333600963468487,0.3137333067570261,4982.0,0.9326988443235894,0.8989501312335958,0.05696559503666103,0.05147484094852516,0.9400039864460833,0.6892814130871137,5017.0,0.9485251590514748,0.943034404963339,0.1010498687664042,0.06730115567641061,0.9333600963468487,0.6892814130871137,4982.0,0.9485251590514748,0.8989501312335958,0.1010498687664042,0.05147484094852516,0.9400039864460833,0.3137333067570261,5017.0,0.9326988443235894,0.943034404963339,0.05696559503666103,0.06730115567641061,None
