Accuracy,Selection rate,Count,tpr,tnr,fpr,fnr,generation
0.9325932593259326,0.5091509150915091,9999.0,0.9480624873199432,0.9175542406311638,0.08244575936883629,0.05193751268005681,None
