difference_Accuracy,difference_Selection rate,difference_Count,difference_tpr,difference_tnr,difference_fpr,difference_fnr,ratio_Accuracy,ratio_Selection rate,ratio_Count,ratio_tpr,ratio_tnr,ratio_fpr,ratio_fnr,group_min_Accuracy,group_min_Selection rate,group_min_Count,group_min_tpr,group_min_tnr,group_min_fpr,group_min_fnr,group_max_Accuracy,group_max_Selection rate,group_max_Count,group_max_tpr,group_max_tnr,group_max_fpr,group_max_fnr,group_0_Accuracy,group_0_Selection rate,group_0_Count,group_0_tpr,group_0_tnr,group_0_fpr,group_0_fnr,group_1_Accuracy,group_1_Selection rate,group_1_Count,group_1_tpr,group_1_tnr,group_1_fpr,group_1_fnr,generation
0.020091345132863037,0.37642544516241966,46.0,0.008025059815010893,0.0749708811368004,0.07497088113680041,0.008025059815010893,0.978509619548047,0.455228426701552,0.9908421262193908,0.9914500525157494,0.9199592747169049,0.45795700962125524,0.8843914650411797,0.9148081173397629,0.31455305594266375,4977.0,0.9305841924398626,0.8616883116883117,0.0633408071748879,0.06139074774512657,0.9348994624726259,0.6909785011050834,5023.0,0.9386092522548735,0.9366591928251121,0.1383116883116883,0.06941580756013746,0.9148081173397629,0.6909785011050834,4977.0,0.9386092522548735,0.8616883116883117,0.1383116883116883,0.06139074774512657,0.9348994624726259,0.31455305594266375,5023.0,0.9305841924398626,0.9366591928251121,0.0633408071748879,0.06941580756013746,None
