difference_Accuracy,difference_Selection rate,difference_Count,difference_tpr,difference_tnr,difference_fpr,difference_fnr,ratio_Accuracy,ratio_Selection rate,ratio_Count,ratio_tpr,ratio_tnr,ratio_fpr,ratio_fnr,group_min_Accuracy,group_min_Selection rate,group_min_Count,group_min_tpr,group_min_tnr,group_min_fpr,group_min_fnr,group_max_Accuracy,group_max_Selection rate,group_max_Count,group_max_tpr,group_max_tnr,group_max_fpr,group_max_fnr,group_0_Accuracy,group_0_Selection rate,group_0_Count,group_0_tpr,group_0_tnr,group_0_fpr,group_0_fnr,group_1_Accuracy,group_1_Selection rate,group_1_Count,group_1_tpr,group_1_tnr,group_1_fpr,group_1_fnr,generation
0.014873516755196103,0.38020673507745284,35.0,0.00736427692669428,0.07069405029955012,0.07069405029955012,0.007364276926694183,0.9841771769379095,0.4567852153266791,0.9930237193541958,0.9922502527046534,0.9246977764006594,0.46399137981833644,0.8710374838194388,0.9251304696908872,0.3197129758820012,4982.0,0.9428959891230455,0.8681102362204725,0.06119571347997744,0.04973973395026027,0.9400039864460833,0.699919710959454,5017.0,0.9502602660497398,0.9388042865200226,0.13188976377952755,0.05710401087695445,0.9251304696908872,0.699919710959454,4982.0,0.9502602660497398,0.8681102362204725,0.13188976377952755,0.04973973395026027,0.9400039864460833,0.3197129758820012,5017.0,0.9428959891230455,0.9388042865200226,0.06119571347997744,0.05710401087695445,None
