Accuracy,Selection rate,Count,tpr,tnr,fpr,fnr,generation
0.9249,0.5019,10000.0,0.9362224039247752,0.9140563821456539,0.08594361785434612,0.06377759607522486,None
