difference_Accuracy,difference_Selection rate,difference_Count,difference_tpr,difference_tnr,difference_fpr,difference_fnr,ratio_Accuracy,ratio_Selection rate,ratio_Count,ratio_tpr,ratio_tnr,ratio_fpr,ratio_fnr,group_min_Accuracy,group_min_Selection rate,group_min_Count,group_min_tpr,group_min_tnr,group_min_fpr,group_min_fnr,group_max_Accuracy,group_max_Selection rate,group_max_Count,group_max_tpr,group_max_tnr,group_max_fpr,group_max_fnr,generation
0.015877455966968212,0.37260236426602783,46.0,0.009505012662885282,0.0619838681497874,0.061983868149787416,0.009505012662885295,0.9830060811161131,0.45728944484869166,0.9908421262193908,0.9898670196891015,0.9338245237706638,0.5054136945561003,0.8670212170721336,0.9184247538677919,0.31395580330479794,4977.0,0.9285223367697595,0.8746753246753247,0.0633408071748879,0.06197265056735525,0.9343022098347601,0.6865581675708258,5023.0,0.9380273494326448,0.9366591928251121,0.1253246753246753,0.07147766323024055,None
