Accuracy,Selection rate,Count,tpr,tnr,fpr,fnr,generation
0.9264,0.4994,10000.0,0.9352003270645952,0.9179718089271731,0.08202819107282694,0.06479967293540474,None
