difference_Accuracy,difference_Selection rate,difference_Count,difference_tpr,difference_tnr,difference_fpr,difference_fnr,ratio_Accuracy,ratio_Selection rate,ratio_Count,ratio_tpr,ratio_tnr,ratio_fpr,ratio_fnr,group_min_Accuracy,group_min_Selection rate,group_min_Count,group_min_tpr,group_min_tnr,group_min_fpr,group_min_fnr,group_max_Accuracy,group_max_Selection rate,group_max_Count,group_max_tpr,group_max_tnr,group_max_fpr,group_max_fnr,generation
0.012469046430414354,0.37980949076632026,35.0,0.0088101994252483,0.06722335469487639,0.06722335469487634,0.008810199425248265,0.9867266696496099,0.4575083477643901,0.9930237193541958,0.9907427318102374,0.9283301215429851,0.4799573981980125,0.8457166267316643,0.9269369731031715,0.32031094279449873,4982.0,0.9428959891230455,0.8707349081364829,0.06204173716864072,0.048293811451706185,0.9394060195335858,0.700120433560819,5017.0,0.9517061885482938,0.9379582628313593,0.12926509186351706,0.05710401087695445,None
