Accuracy,Selection rate,Count,tpr,tnr,fpr,fnr,generation
0.9331933193319332,0.5095509550955095,9999.0,0.9490768918644755,0.9177514792899408,0.08224852071005917,0.05092310813552445,None
