difference_Accuracy,difference_Selection rate,difference_Count,difference_tpr,difference_tnr,difference_fpr,difference_fnr,ratio_Accuracy,ratio_Selection rate,ratio_Count,ratio_tpr,ratio_tnr,ratio_fpr,ratio_fnr,group_min_Accuracy,group_min_Selection rate,group_min_Count,group_min_tpr,group_min_tnr,group_min_fpr,group_min_fnr,group_max_Accuracy,group_max_Selection rate,group_max_Count,group_max_tpr,group_max_tnr,group_max_fpr,group_max_fnr,generation
0.015868727978826214,0.382013238489737,35.0,0.006770770465357012,0.07416474590422384,0.0741647459042239,0.00677077046535704,0.9831398965968295,0.4556092808478633,0.9930237193541958,0.9928856504803389,0.9210719720959251,0.4486484255705501,0.8770394647587629,0.9253311922922521,0.3197129758820012,4982.0,0.9449354180829368,0.865485564304462,0.06034968979131416,0.048293811451706185,0.9411999202710783,0.7017262143717382,5017.0,0.9517061885482938,0.9396503102086858,0.13451443569553806,0.055064581917063225,None
