difference_Accuracy,difference_Selection rate,difference_Count,difference_tpr,difference_tnr,difference_fpr,difference_fnr,ratio_Accuracy,ratio_Selection rate,ratio_Count,ratio_tpr,ratio_tnr,ratio_fpr,ratio_fnr,group_min_Accuracy,group_min_Selection rate,group_min_Count,group_min_tpr,group_min_tnr,group_min_fpr,group_min_fnr,group_max_Accuracy,group_max_Selection rate,group_max_Count,group_max_tpr,group_max_tnr,group_max_fpr,group_max_fnr,generation
0.018284866907783748,0.3754153037878281,46.0,0.009399630261746283,0.07005634500029112,0.07005634500029118,0.009399630261746283,0.980437723859894,0.45542350132555504,0.9908421262193908,0.9899855768104086,0.9252285255874847,0.4737230668270809,0.8672188152345549,0.9164155113522202,0.31395580330479794,4977.0,0.9292096219931272,0.8668831168831169,0.06306053811659193,0.06139074774512657,0.934700378260004,0.6893711070926261,5023.0,0.9386092522548735,0.936939461883408,0.1331168831168831,0.07079037800687285,None
