Accuracy,Selection rate,Count,tpr,tnr,fpr,fnr,generation
0.9332933293329333,0.51005100510051,9999.0,0.949685534591195,0.9173570019723866,0.0826429980276134,0.050314465408805034,None
