Accuracy,Selection rate,Count,tpr,tnr,fpr,fnr,generation
0.9256,0.5008,10000.0,0.9358135731807032,0.9158183241973376,0.08418167580266249,0.06418642681929682,None
