Accuracy,Selection rate,Count,tpr,tnr,fpr,fnr,generation
0.8894887720974678,0.6615384615384615,20930.0,0.9549506903353058,0.7889763779527559,0.2110236220472441,0.04504930966469428,None
0.8953177257525083,0.6307692307692307,20930.0,0.9333333333333333,0.8365957446808511,0.16340425531914893,0.06666666666666667,None
0.8953177257525083,0.6307692307692307,20930.0,0.9333333333333333,0.8365957446808511,0.16340425531914893,0.06666666666666667,None
0.8824653607262303,0.5860965121834687,20930.0,0.8866808611308257,0.8759849678748939,0.12401503212510608,0.11331913886917436,None
0.8968466316292403,0.6088867654085045,20930.0,0.9173566753410615,0.8653170081221966,0.13468299187780336,0.08264332465893857,None
0.8927376970855232,0.6014333492594363,20930.0,0.9078148411008595,0.8695599466602012,0.13044005333979877,0.09218515889914045,None
