Accuracy,Selection rate,Count,tpr,tnr,fpr,fnr,generation
0.8708128457283344,0.6779348494161033,26032.0,0.9458211097933962,0.7507741484367196,0.2492258515632804,0.05417889020660383,None
0.8752304855562385,0.6314535955746773,26032.0,0.9109546360917248,0.8178084935897436,0.18219150641025642,0.08904536390827518,None
0.8751536570374924,0.6323371235402582,26032.0,0.9114294612270321,0.8167785907587451,0.18322140924125488,0.08857053877296792,None
0.8634373079287031,0.5873924400737554,26032.0,0.8646079284205294,0.8615415576574763,0.13845844234252364,0.1353920715794706,None
0.8767286416717885,0.6059849416103258,26032.0,0.8903939356281844,0.8545985107667539,0.14540148923324614,0.10960606437181558,None
0.8719268592501537,0.6002612169637369,26032.0,0.8818814465018019,0.8558059971825317,0.1441940028174683,0.11811855349819808,None
