Accuracy,Selection rate,Count,tpr,tnr,fpr,fnr,generation
0.9303,0.4869,10000.0,0.9264104660670482,0.9340250587314017,0.06597494126859828,0.07358953393295176,None
