Accuracy,Selection rate,Count,tpr,tnr,fpr,fnr,generation
0.9381938193819382,0.49414941494149417,9999.0,0.938527084601339,0.9378698224852071,0.0621301775147929,0.06147291539866099,None
