difference_Accuracy,difference_Selection rate,difference_Count,difference_tpr,difference_tnr,difference_fpr,difference_fnr,ratio_Accuracy,ratio_Selection rate,ratio_Count,ratio_tpr,ratio_tnr,ratio_fpr,ratio_fnr,group_min_Accuracy,group_min_Selection rate,group_min_Count,group_min_tpr,group_min_tnr,group_min_fpr,group_min_fnr,group_max_Accuracy,group_max_Selection rate,group_max_Count,group_max_tpr,group_max_tnr,group_max_fpr,group_max_fnr,generation
0.007641401692059846,0.3606871121392929,46.0,0.01362412477116326,0.023611030225380025,0.023611030225379998,0.013624124771163218,0.9918195309677714,0.4601083437241321,0.9908421262193908,0.9853576870423739,0.974912401475832,0.7136930193142897,0.8361727145285746,0.9264617239300783,0.30738602428827394,4977.0,0.9168384879725086,0.9175324675324675,0.05885650224215247,0.06953738725632819,0.9341031256221382,0.6680731364275668,5023.0,0.9304626127436718,0.9411434977578476,0.08246753246753247,0.0831615120274914,None
