difference_Accuracy,difference_Selection rate,difference_Count,difference_tpr,difference_tnr,difference_fpr,difference_fnr,ratio_Accuracy,ratio_Selection rate,ratio_Count,ratio_tpr,ratio_tnr,ratio_fpr,ratio_fnr,group_min_Accuracy,group_min_Selection rate,group_min_Count,group_min_tpr,group_min_tnr,group_min_fpr,group_min_fnr,group_max_Accuracy,group_max_Selection rate,group_max_Count,group_max_tpr,group_max_tnr,group_max_fpr,group_max_fnr,generation
0.007633500134068494,0.3693005003381918,35.0,0.01218349434743582,0.0303158488437677,0.030315848843767618,0.012183494347435812,0.9918964726676637,0.4564682148641443,0.9930237193541958,0.9870685931696032,0.9679868969624776,0.6362098138747886,0.8260007749021546,0.9343637093536732,0.31014550528204105,4982.0,0.9299796057104011,0.9166666666666666,0.05301748448956571,0.0578368999421631,0.9419972094877417,0.6794460056202328,5017.0,0.9421631000578369,0.9469825155104343,0.08333333333333333,0.07002039428959891,None
