difference_Accuracy,difference_Selection rate,difference_Count,difference_tpr,difference_tnr,difference_fpr,difference_fnr,ratio_Accuracy,ratio_Selection rate,ratio_Count,ratio_tpr,ratio_tnr,ratio_fpr,ratio_fnr,group_min_Accuracy,group_min_Selection rate,group_min_Count,group_min_tpr,group_min_tnr,group_min_fpr,group_min_fnr,group_max_Accuracy,group_max_Selection rate,group_max_Count,group_max_tpr,group_max_tnr,group_max_fpr,group_max_fnr,generation
0.00011920252232533457,0.3759761156546072,46.0,0.05824267347352985,0.02524532642245647,0.025245326422456464,0.05824267347352993,0.9998712798972417,0.4334746813160823,0.9908421262193908,0.9371688422069925,0.9734055728741291,0.6677110881146756,0.556318901026251,0.9259406729046387,0.287676687238702,4977.0,0.8687285223367698,0.924025974025974,0.05072869955156951,0.07302880418970031,0.926059875426964,0.6636528028933092,5023.0,0.9269711958102996,0.9492713004484304,0.07597402597402597,0.13127147766323025,None
