difference_Accuracy,difference_Selection rate,difference_Count,difference_tpr,difference_tnr,difference_fpr,difference_fnr,ratio_Accuracy,ratio_Selection rate,ratio_Count,ratio_tpr,ratio_tnr,ratio_fpr,ratio_fnr,group_min_Accuracy,group_min_Selection rate,group_min_Count,group_min_tpr,group_min_tnr,group_min_fpr,group_min_fnr,group_max_Accuracy,group_max_Selection rate,group_max_Count,group_max_tpr,group_max_tnr,group_max_fpr,group_max_fnr,generation
0.0045461648780337205,0.3818396016370515,35.0,0.05394106769826834,0.025359615581047268,0.025359615581047296,0.053941067698268313,0.9951501084748685,0.43584670956233973,0.9930237193541958,0.9427652003373391,0.973339698532347,0.6579818217210966,0.5161749354624836,0.9328283834961132,0.2949970101654375,4982.0,0.8885112168592794,0.9258530183727034,0.048787366046249295,0.05754771544245228,0.9373745483741469,0.676836611802489,5017.0,0.9424522845575477,0.9512126339537507,0.07414698162729659,0.1114887831407206,None
