Accuracy,Selection rate,Count,tpr,tnr,fpr,fnr,generation
0.935093509350935,0.48524852485248526,9999.0,0.9263542300669507,0.9435897435897436,0.05641025641025641,0.0736457699330493,None
