Accuracy,Selection rate,Count,tpr,tnr,fpr,fnr,generation
0.926,0.4748,10000.0,0.9096484055600981,0.9416601409553641,0.058339859044635865,0.09035159443990189,None
