difference_Accuracy,difference_Selection rate,difference_Count,difference_tpr,difference_tnr,difference_fpr,difference_fnr,ratio_Accuracy,ratio_Selection rate,ratio_Count,ratio_tpr,ratio_tnr,ratio_fpr,ratio_fnr,group_min_Accuracy,group_min_Selection rate,group_min_Count,group_min_tpr,group_min_tnr,group_min_fpr,group_min_fnr,group_max_Accuracy,group_max_Selection rate,group_max_Count,group_max_tpr,group_max_tnr,group_max_fpr,group_max_fnr,group_0_Accuracy,group_0_Selection rate,group_0_Count,group_0_tpr,group_0_tnr,group_0_fpr,group_0_fnr,group_1_Accuracy,group_1_Selection rate,group_1_Count,group_1_tpr,group_1_tnr,group_1_fpr,group_1_fnr,generation
0.010670944801324578,0.3875536543876072,35.0,0.02864125748665447,0.06696355214481442,0.06696355214481439,0.028641257486654456,0.988626273620513,0.4430942295474303,0.9930237193541958,0.9698228310820076,0.9291819994316994,0.448365116385421,0.6399035063002675,0.9275391409072662,0.3083516045445485,4982.0,0.920462270564242,0.8786089238845144,0.05442752397067118,0.05089647194910353,0.9382100857085908,0.6959052589321557,5017.0,0.9491035280508965,0.9455724760293288,0.12139107611548557,0.07953772943575799,0.9275391409072662,0.6959052589321557,4982.0,0.9491035280508965,0.8786089238845144,0.12139107611548557,0.05089647194910353,0.9382100857085908,0.3083516045445485,5017.0,0.920462270564242,0.9455724760293288,0.05442752397067118,0.07953772943575799,None
