Accuracy,Selection rate,Count,tpr,tnr,fpr,fnr,generation
0.9328932893289329,0.5014501450145015,9999.0,0.9405558936904037,0.9254437869822485,0.07455621301775148,0.05944410630959627,None
