difference_Accuracy,difference_Selection rate,difference_Count,difference_tpr,difference_tnr,difference_fpr,difference_fnr,ratio_Accuracy,ratio_Selection rate,ratio_Count,ratio_tpr,ratio_tnr,ratio_fpr,ratio_fnr,group_min_Accuracy,group_min_Selection rate,group_min_Count,group_min_tpr,group_min_tnr,group_min_fpr,group_min_fnr,group_max_Accuracy,group_max_Selection rate,group_max_Count,group_max_tpr,group_max_tnr,group_max_fpr,group_max_fnr,group_0_Accuracy,group_0_Selection rate,group_0_Count,group_0_tpr,group_0_tnr,group_0_fpr,group_0_fnr,group_1_Accuracy,group_1_Selection rate,group_1_Count,group_1_tpr,group_1_tnr,group_1_fpr,group_1_fnr,generation
0.016891277419430195,0.3747297292810716,46.0,0.020286212202562215,0.05979704152349885,0.05979704152349892,0.020286212202562173,0.9819016880380124,0.44870533176710214,0.9908421262193908,0.9782249496126776,0.9365390112564415,0.491229591457523,0.7711903972501708,0.9164155113522202,0.30499701373681065,4977.0,0.911340206185567,0.8824675324675325,0.05773542600896861,0.06837358161187082,0.9333067887716504,0.6797267430178823,5023.0,0.9316264183881292,0.9422645739910314,0.11753246753246753,0.088659793814433,0.9164155113522202,0.6797267430178823,4977.0,0.9316264183881292,0.8824675324675325,0.11753246753246753,0.06837358161187082,0.9333067887716504,0.30499701373681065,5023.0,0.911340206185567,0.9422645739910314,0.05773542600896861,0.088659793814433,None
