Accuracy,Selection rate,Count,tpr,tnr,fpr,fnr,generation
0.9249,0.4915,10000.0,0.9255928045789044,0.9242364917776038,0.07576350822239625,0.07440719542109567,None
