Accuracy,Selection rate,Count,tpr,tnr,fpr,fnr,generation
0.8505301167793485,0.6037953288260602,26032.0,0.8691092940515573,0.820797123164519,0.17920287683548097,0.13089070594844268,None
0.8273663183773817,0.692801167793485,26032.0,0.9226015854191374,0.6749575466986315,0.3250424533013685,0.07739841458086262,None
0.8804164105716041,0.6063306699446834,26032.0,0.8946122703207724,0.8575724165580836,0.14242758344191642,0.10538772967922766,None
0.8759987707437,0.6131684081130916,26032.0,0.8966483927236482,0.8427855711422846,0.15721442885771544,0.10335160727635186,None
0.8707360172095882,0.5809388444990781,26032.0,0.8662471966110142,0.8779559118236473,0.1220440881763527,0.1337528033889858,None
