Accuracy,Selection rate,Count,tpr,tnr,fpr,fnr,generation
0.8858576206402293,0.600382226469183,20930.0,0.9014595660749507,0.8619018776499091,0.13809812235009086,0.09854043392504931,None
0.8612995699952222,0.6701385570950789,20930.0,0.9387771203155818,0.7423379769836462,0.2576620230163537,0.06122287968441815,None
0.9008600095556617,0.6076445293836599,20930.0,0.9193789896760974,0.872345589127533,0.12765441087246693,0.08062101032390259,None
0.8967032967032967,0.612852365026278,20930.0,0.9211087420042644,0.8593201887020685,0.14067981129793153,0.07889125799573561,None
0.8949832775919733,0.5883898709985667,20930.0,0.8994708994708994,0.8881093504294182,0.11189064957058183,0.10052910052910052,None
