Accuracy,Selection rate,Count,tpr,tnr,fpr,fnr,generation
0.9002866698518872,0.6352603917821309,20930.0,0.9421696252465483,0.8359781950333132,0.16402180496668686,0.05783037475345168,None
0.9065456282847587,0.6336837075967511,20930.0,0.9460355029585799,0.8459115687462144,0.15408843125378557,0.05396449704142012,None
0.8961299569995222,0.63258480649785,20930.0,0.9378066149707233,0.8326097443318862,0.16739025566811386,0.062193385029276786,None
0.7349259436215958,0.8195891065456283,20930.0,0.9591707548662763,0.3931500241196334,0.6068499758803666,0.04082924513372369,None
0.9028189202102246,0.64089823220258,20930.0,0.9502294666877671,0.8305595754944525,0.16944042450554753,0.04977053331223295,None
