Accuracy,Selection rate,Count,tpr,tnr,fpr,fnr,generation
0.8816072526121697,0.6437077443146896,26032.0,0.926783596529555,0.8093097592648087,0.19069024073519128,0.07321640347044504,None
0.8882145052243393,0.6449370006146281,26032.0,0.9331502403095937,0.816302067725502,0.18369793227449804,0.06684975969040634,None
0.8763829133374309,0.6472418561770129,26032.0,0.9241396477689962,0.7993576232058617,0.20064237679413832,0.07586035223100379,None
0.7027120467117394,0.842501536570375,26032.0,0.9416267347065779,0.31737428485395963,0.6826257151460403,0.05837326529342212,None
0.8932851874615857,0.6490089121081746,26032.0,0.939261932914307,0.8191307839004316,0.1808692160995684,0.06073806708569295,None
