Accuracy,Selection rate,Count,tpr,tnr,fpr,fnr,generation
0.9304,0.4838,10000.0,0.9233442354865086,0.9371574001566171,0.06284259984338293,0.07665576451349142,None
