difference_Accuracy,difference_Selection rate,difference_Count,difference_tpr,difference_tnr,difference_fpr,difference_fnr,ratio_Accuracy,ratio_Selection rate,ratio_Count,ratio_tpr,ratio_tnr,ratio_fpr,ratio_fnr,group_min_Accuracy,group_min_Selection rate,group_min_Count,group_min_tpr,group_min_tnr,group_min_fpr,group_min_fnr,group_max_Accuracy,group_max_Selection rate,group_max_Count,group_max_tpr,group_max_tnr,group_max_fpr,group_max_fnr,generation
0.003035084166263413,0.37268057772581653,35.0,0.024998437106204863,0.026476544492852083,0.026476544492852097,0.02499843710620482,0.9967691454992269,0.45051949149747916,0.9930237193541958,0.973483252910044,0.9720827157979026,0.6609222369150706,0.6960933803039067,0.9363709353673224,0.30556109228622685,4982.0,0.9177430319510537,0.9219160104986877,0.051607445008460234,0.05725853094274147,0.9394060195335858,0.6782416700120434,5017.0,0.9427414690572585,0.9483925549915397,0.07808398950131233,0.08225696804894629,None
