difference_Accuracy,difference_Selection rate,difference_Count,difference_tpr,difference_tnr,difference_fpr,difference_fnr,ratio_Accuracy,ratio_Selection rate,ratio_Count,ratio_tpr,ratio_tnr,ratio_fpr,ratio_fnr,group_min_Accuracy,group_min_Selection rate,group_min_Count,group_min_tpr,group_min_tnr,group_min_fpr,group_min_fnr,group_max_Accuracy,group_max_Selection rate,group_max_Count,group_max_tpr,group_max_tnr,group_max_fpr,group_max_fnr,generation
0.00744047744050258,0.36325864655296103,46.0,0.020020456583750512,0.02344723661988235,0.023447236619882357,0.020020456583750512,0.9920346295431278,0.45478338845172284,0.9908421262193908,0.9784563840706479,0.9751677826477471,0.7040266852900096,0.7793199672018409,0.9266626481816356,0.3030061716105913,4977.0,0.9092783505154639,0.9207792207792208,0.05577354260089686,0.07070119290078557,0.9341031256221382,0.6662648181635523,5023.0,0.9292988070992144,0.9442264573991032,0.07922077922077922,0.09072164948453608,None
