difference_Accuracy,difference_Selection rate,difference_Count,difference_tpr,difference_tnr,difference_fpr,difference_fnr,ratio_Accuracy,ratio_Selection rate,ratio_Count,ratio_tpr,ratio_tnr,ratio_fpr,ratio_fnr,group_min_Accuracy,group_min_Selection rate,group_min_Count,group_min_tpr,group_min_tnr,group_min_fpr,group_min_fnr,group_max_Accuracy,group_max_Selection rate,group_max_Count,group_max_tpr,group_max_tnr,group_max_fpr,group_max_fnr,group_0_Accuracy,group_0_Selection rate,group_0_Count,group_0_tpr,group_0_tnr,group_0_fpr,group_0_fnr,group_1_Accuracy,group_1_Selection rate,group_1_Count,group_1_tpr,group_1_tnr,group_1_fpr,group_1_fnr,generation
0.001317799689806165,0.37820138946289966,35.0,0.05488430850697834,0.023580967353700077,0.023580967353700077,0.05488430850697837,0.9985856790058996,0.435192049669015,0.9930237193541958,0.9411868798211556,0.9752316024181812,0.6702991353482668,0.5489674982471219,0.9304365158461232,0.29140920869045245,4982.0,0.8783140720598233,0.928477690288714,0.047941342357586014,0.06680161943319839,0.9317543155359294,0.6696105981533521,5017.0,0.9331983805668016,0.952058657642414,0.07152230971128609,0.12168592794017676,0.9317543155359294,0.6696105981533521,4982.0,0.9331983805668016,0.928477690288714,0.07152230971128609,0.06680161943319839,0.9304365158461232,0.29140920869045245,5017.0,0.8783140720598233,0.952058657642414,0.047941342357586014,0.12168592794017676,None
