difference_Accuracy,difference_Selection rate,difference_Count,difference_tpr,difference_tnr,difference_fpr,difference_fnr,ratio_Accuracy,ratio_Selection rate,ratio_Count,ratio_tpr,ratio_tnr,ratio_fpr,ratio_fnr,group_min_Accuracy,group_min_Selection rate,group_min_Count,group_min_tpr,group_min_tnr,group_min_fpr,group_min_fnr,group_max_Accuracy,group_max_Selection rate,group_max_Count,group_max_tpr,group_max_tnr,group_max_fpr,group_max_fnr,group_0_Accuracy,group_0_Selection rate,group_0_Count,group_0_tpr,group_0_tnr,group_0_fpr,group_0_fnr,group_1_Accuracy,group_1_Selection rate,group_1_Count,group_1_tpr,group_1_tnr,group_1_fpr,group_1_fnr,generation
0.0012964674332508475,0.3681382298049426,46.0,0.052739792454660095,0.015593879214955475,0.01559387921495544,0.05273979245466007,0.9985983306247914,0.4384848391850446,0.9908421262193908,0.9426371308016878,0.9835630838880469,0.7668487962035788,0.6044515565900495,0.9236487844082781,0.28747760302608005,4977.0,0.8666666666666667,0.9331168831168831,0.05128923766816144,0.08059354087867326,0.924945251841529,0.6556158328310226,5023.0,0.9194064591213268,0.9487107623318386,0.06688311688311688,0.13333333333333333,0.9236487844082781,0.6556158328310226,4977.0,0.9194064591213268,0.9331168831168831,0.06688311688311688,0.08059354087867326,0.924945251841529,0.28747760302608005,5023.0,0.8666666666666667,0.9487107623318386,0.05128923766816144,0.13333333333333333,None
