Accuracy,Selection rate,Count,tpr,tnr,fpr,fnr,generation
0.9243,0.4707,10000.0,0.9037203597710548,0.9440093970242757,0.055990602975724356,0.09627964022894522,None
