Accuracy,Selection rate,Count,tpr,tnr,fpr,fnr,generation
0.9310931093109311,0.47984798479847984,9999.0,0.9168188273483465,0.9449704142011834,0.05502958579881657,0.08318117265165348,None
