difference_Accuracy,difference_Selection rate,difference_Count,difference_tpr,difference_tnr,difference_fpr,difference_fnr,ratio_Accuracy,ratio_Selection rate,ratio_Count,ratio_tpr,ratio_tnr,ratio_fpr,ratio_fnr,group_min_Accuracy,group_min_Selection rate,group_min_Count,group_min_tpr,group_min_tnr,group_min_fpr,group_min_fnr,group_max_Accuracy,group_max_Selection rate,group_max_Count,group_max_tpr,group_max_tnr,group_max_fpr,group_max_fnr,group_0_Accuracy,group_0_Selection rate,group_0_Count,group_0_tpr,group_0_tnr,group_0_fpr,group_0_fnr,group_1_Accuracy,group_1_Selection rate,group_1_Count,group_1_tpr,group_1_tnr,group_1_fpr,group_1_fnr,generation
0.003426727288599718,0.3715028477644095,35.0,0.0187635721107402,0.027409169031536007,0.027409169031536028,0.01876357211074016,0.9963576502527745,0.4543551923460235,0.9930237193541958,0.98015159609699,0.9710476874036859,0.6603937105360902,0.7444331983805669,0.9373745483741469,0.3093482160653777,4982.0,0.9265805574439157,0.9192913385826772,0.0532994923857868,0.05465587044534413,0.9408012756627466,0.6808510638297872,5017.0,0.9453441295546559,0.9467005076142132,0.08070866141732283,0.07341944255608429,0.9373745483741469,0.6808510638297872,4982.0,0.9453441295546559,0.9192913385826772,0.08070866141732283,0.05465587044534413,0.9408012756627466,0.3093482160653777,5017.0,0.9265805574439157,0.9467005076142132,0.0532994923857868,0.07341944255608429,None
