difference_Accuracy,difference_Selection rate,difference_Count,difference_tpr,difference_tnr,difference_fpr,difference_fnr,ratio_Accuracy,ratio_Selection rate,ratio_Count,ratio_tpr,ratio_tnr,ratio_fpr,ratio_fnr,group_min_Accuracy,group_min_Selection rate,group_min_Count,group_min_tpr,group_min_tnr,group_min_fpr,group_min_fnr,group_max_Accuracy,group_max_Selection rate,group_max_Count,group_max_tpr,group_max_tnr,group_max_fpr,group_max_fnr,group_0_Accuracy,group_0_Selection rate,group_0_Count,group_0_tpr,group_0_tnr,group_0_fpr,group_0_fnr,group_1_Accuracy,group_1_Selection rate,group_1_Count,group_1_tpr,group_1_tnr,group_1_fpr,group_1_fnr,generation
0.010428580668766951,0.3614797689119102,46.0,0.01058403246657813,0.025764370158988914,0.02576437015898899,0.010584032466578089,0.9888689416278759,0.45859620527397627,0.9908421262193908,0.9886214202103131,0.9727056791189809,0.6851021425012457,0.8683780577874264,0.9264617239300783,0.3061915190125423,4977.0,0.9195876288659793,0.9181818181818182,0.05605381165919283,0.06982833866744254,0.9368903045988453,0.6676712879244525,5023.0,0.9301716613325575,0.9439461883408071,0.08181818181818182,0.08041237113402062,0.9264617239300783,0.6676712879244525,4977.0,0.9301716613325575,0.9181818181818182,0.08181818181818182,0.06982833866744254,0.9368903045988453,0.3061915190125423,5023.0,0.9195876288659793,0.9439461883408071,0.05605381165919283,0.08041237113402062,None
