Accuracy,Selection rate,Count,tpr,tnr,fpr,fnr,generation
0.9390939093909391,0.49444944494449444,9999.0,0.9397443700547778,0.9384615384615385,0.06153846153846154,0.060255629945222156,None
