Accuracy,Selection rate,Count,tpr,tnr,fpr,fnr,generation
0.9317,0.4861,10000.0,0.9270237121831562,0.9361785434612373,0.06382145653876273,0.07297628781684383,None
