difference_Accuracy,difference_Selection rate,difference_Count,difference_tpr,difference_tnr,difference_fpr,difference_fnr,ratio_Accuracy,ratio_Selection rate,ratio_Count,ratio_tpr,ratio_tnr,ratio_fpr,ratio_fnr,group_min_Accuracy,group_min_Selection rate,group_min_Count,group_min_tpr,group_min_tnr,group_min_fpr,group_min_fnr,group_max_Accuracy,group_max_Selection rate,group_max_Count,group_max_tpr,group_max_tnr,group_max_fpr,group_max_fnr,generation
0.006938032528023719,0.3826340902593166,35.0,0.059770170078231155,0.023857423913381415,0.023857423913381387,0.05977017007823119,0.9925984415300612,0.4343373775454257,0.9930237193541958,0.9365606973202814,0.9748966097338723,0.6753686246072033,0.4917808081787394,0.9304365158461232,0.2938010763404425,4982.0,0.8823929299796057,0.926509186351706,0.049633389734912575,0.0578368999421631,0.9373745483741469,0.6764351665997591,5017.0,0.9421631000578369,0.9503666102650874,0.07349081364829396,0.11760707002039429,None
