Accuracy,Selection rate,Count,tpr,tnr,fpr,fnr,generation
0.9258,0.4734,10000.0,0.9080130825838103,0.9428347689898199,0.05716523101018011,0.0919869174161897,None
