Accuracy,Selection rate,Count,tpr,tnr,fpr,fnr,generation
0.9338933893389338,0.48444844484448446,9999.0,0.924325420977886,0.9431952662721893,0.05680473372781065,0.07567457902211402,None
