difference_Accuracy,difference_Selection rate,difference_Count,difference_tpr,difference_tnr,difference_fpr,difference_fnr,ratio_Accuracy,ratio_Selection rate,ratio_Count,ratio_tpr,ratio_tnr,ratio_fpr,ratio_fnr,group_min_Accuracy,group_min_Selection rate,group_min_Count,group_min_tpr,group_min_tnr,group_min_fpr,group_min_fnr,group_max_Accuracy,group_max_Selection rate,group_max_Count,group_max_tpr,group_max_tnr,group_max_fpr,group_max_fnr,generation
0.0025174132684647743,0.3759632353820607,46.0,0.06276271862598937,0.021349222526352518,0.021349222526352567,0.06276271862598945,0.9972845327617795,0.43229095191246475,0.9908421262193908,0.932271439900306,0.9775098830900426,0.7038035793641175,0.5387891131271987,0.9245470834162851,0.2862830977503484,4977.0,0.8639175257731959,0.9279220779220779,0.05072869955156951,0.07331975560081466,0.9270644966847499,0.6622463331324091,5023.0,0.9266802443991853,0.9492713004484304,0.07207792207792207,0.1360824742268041,None
