difference_Accuracy,difference_Selection rate,difference_Count,difference_tpr,difference_tnr,difference_fpr,difference_fnr,ratio_Accuracy,ratio_Selection rate,ratio_Count,ratio_tpr,ratio_tnr,ratio_fpr,ratio_fnr,group_min_Accuracy,group_min_Selection rate,group_min_Count,group_min_tpr,group_min_tnr,group_min_fpr,group_min_fnr,group_max_Accuracy,group_max_Selection rate,group_max_Count,group_max_tpr,group_max_tnr,group_max_fpr,group_max_fnr,generation
0.00944000354635266,0.38079770050395495,35.0,0.011311419268770107,0.05945259380648482,0.05945259380648485,0.011311419268770162,0.9899787351265232,0.45515963701588064,0.9930237193541958,0.9881541829705006,0.936842750857461,0.4966347057717616,0.7995289428390252,0.932557205941389,0.3181183974486745,4982.0,0.9435757987763427,0.8818897637795275,0.05865764241398759,0.045112781954887216,0.9419972094877417,0.6989160979526294,5017.0,0.9548872180451128,0.9413423575860124,0.11811023622047244,0.05642420122365738,None
