Accuracy,Selection rate,Count,tpr,tnr,fpr,fnr,generation
0.9372937293729373,0.5078507850785079,9999.0,0.9515114627713532,0.9234714003944773,0.07652859960552268,0.04848853722864679,None
