difference_Accuracy,difference_Selection rate,difference_Count,difference_tpr,difference_tnr,difference_fpr,difference_fnr,ratio_Accuracy,ratio_Selection rate,ratio_Count,ratio_tpr,ratio_tnr,ratio_fpr,ratio_fnr,group_min_Accuracy,group_min_Selection rate,group_min_Count,group_min_tpr,group_min_tnr,group_min_fpr,group_min_fnr,group_max_Accuracy,group_max_Selection rate,group_max_Count,group_max_tpr,group_max_tnr,group_max_fpr,group_max_fnr,generation
0.018458190575312616,0.36959402060947605,46.0,0.001468354784750936,0.05875094636305389,0.05875094636305399,0.0014683547847509498,0.980315182322761,0.4597740262633297,0.9908421262193908,0.9984326908710593,0.9374071732984842,0.510938068112956,0.9772717424275252,0.9192284508740205,0.31455305594266375,4977.0,0.9353951890034364,0.8798701298701299,0.06137892376681614,0.06313645621181263,0.9376866414493331,0.6841470765521398,5023.0,0.9368635437881874,0.9386210762331838,0.12012987012987013,0.06460481099656358,None
