Accuracy,Selection rate,Count,tpr,tnr,fpr,fnr,generation
0.9285,0.4985,10000.0,0.9364268192968112,0.9209083790133125,0.07909162098668755,0.06357318070318888,None
