Accuracy,Selection rate,Count,tpr,tnr,fpr,fnr,generation
0.8804932390903504,0.6230024585125998,26032.0,0.9090568628674864,0.8347817400859056,0.1652182599140945,0.09094313713251358,None
0.8766902274124155,0.6344499078057775,26032.0,0.9144654871667082,0.815931863727455,0.1840681362725451,0.0855345128332918,None
0.868700061462815,0.6144744929317763,26032.0,0.8906696484035284,0.8330984497684719,0.16690155023152808,0.10933035159647161,None
0.8974723417332514,0.6397894898586355,26032.0,0.934401789042117,0.8376283470907993,0.16237165290920072,0.06559821095788297,None
