Accuracy,Selection rate,Count,tpr,tnr,fpr,fnr,generation
0.9030578117534639,0.6183468705207835,20930.0,0.9304930966469428,0.8609327680193822,0.1390672319806178,0.0695069033530572,None
0.8986622073578595,0.6210702341137124,20930.0,0.927796130250118,0.8535783836416748,0.1464216163583252,0.07220386974988202,None
0.8899665551839465,0.6153846153846154,20930.0,0.9192896218187584,0.8454971744619454,0.15450282553805458,0.08071037818124158,None
0.9020544672718586,0.6319636884854276,20930.0,0.9430746055656862,0.8398460983527715,0.16015390164722856,0.056925394434313804,None
