Accuracy,Selection rate,Count,tpr,tnr,fpr,fnr,generation
0.932,0.4868,10000.0,0.928045789043336,0.9357870007830854,0.06421299921691465,0.07195421095666395,None
0.932,0.4868,10000.0,0.928045789043336,0.9357870007830854,0.06421299921691465,0.07195421095666395,None
0.932,0.4868,10000.0,0.928045789043336,0.9357870007830854,0.06421299921691465,0.07195421095666395,None
0.932,0.4868,10000.0,0.928045789043336,0.9357870007830854,0.06421299921691465,0.07195421095666395,None
0.932,0.4868,10000.0,0.928045789043336,0.9357870007830854,0.06421299921691465,0.07195421095666395,None
0.932,0.4868,10000.0,0.928045789043336,0.9357870007830854,0.06421299921691465,0.07195421095666395,None
0.932,0.4868,10000.0,0.928045789043336,0.9357870007830854,0.06421299921691465,0.07195421095666395,None
0.9314,0.4854,10000.0,0.9260016353229763,0.9365700861393892,0.06342991386061081,0.07399836467702371,None
