Accuracy,Selection rate,Count,tpr,tnr,fpr,fnr,generation
0.9388938893889389,0.49464946494649464,9999.0,0.9397443700547778,0.9380670611439842,0.06193293885601578,0.060255629945222156,None
0.9388938893889389,0.49464946494649464,9999.0,0.9397443700547778,0.9380670611439842,0.06193293885601578,0.060255629945222156,None
0.9388938893889389,0.49464946494649464,9999.0,0.9397443700547778,0.9380670611439842,0.06193293885601578,0.060255629945222156,None
0.9388938893889389,0.49464946494649464,9999.0,0.9397443700547778,0.9380670611439842,0.06193293885601578,0.060255629945222156,None
0.9388938893889389,0.49464946494649464,9999.0,0.9397443700547778,0.9380670611439842,0.06193293885601578,0.060255629945222156,None
0.9388938893889389,0.49464946494649464,9999.0,0.9397443700547778,0.9380670611439842,0.06193293885601578,0.060255629945222156,None
0.9388938893889389,0.49464946494649464,9999.0,0.9397443700547778,0.9380670611439842,0.06193293885601578,0.060255629945222156,None
0.937993799379938,0.49274927492749276,9999.0,0.9369040373300872,0.9390532544378698,0.06094674556213018,0.06309596266991276,None
