Accuracy,Selection rate,Count,tpr,tnr,fpr,fnr,generation
0.9293,0.4979,10000.0,0.9366312346688471,0.9222787783868441,0.07772122161315584,0.0633687653311529,None
