difference_Accuracy,difference_Selection rate,difference_Count,difference_tpr,difference_tnr,difference_fpr,difference_fnr,ratio_Accuracy,ratio_Selection rate,ratio_Count,ratio_tpr,ratio_tnr,ratio_fpr,ratio_fnr,group_min_Accuracy,group_min_Selection rate,group_min_Count,group_min_tpr,group_min_tnr,group_min_fpr,group_min_fnr,group_max_Accuracy,group_max_Selection rate,group_max_Count,group_max_tpr,group_max_tnr,group_max_fpr,group_max_fnr,generation
0.017650813491213557,0.3683884751001331,46.0,0.0007810695613832408,0.05513511152524608,0.05513511152524605,0.0007810695613832408,0.9811842028509411,0.4605856308992755,0.9908421262193908,0.9991662931420887,0.9412769916650513,0.5256532304531905,0.9877800407331977,0.9204339963833634,0.31455305594266375,4977.0,0.9360824742268041,0.8837662337662338,0.06109865470852018,0.06313645621181263,0.938084809874577,0.6829415310427969,5023.0,0.9368635437881874,0.9389013452914798,0.11623376623376623,0.06391752577319587,None
