difference_Accuracy,difference_Selection rate,difference_Count,difference_tpr,difference_tnr,difference_fpr,difference_fnr,ratio_Accuracy,ratio_Selection rate,ratio_Count,ratio_tpr,ratio_tnr,ratio_fpr,ratio_fnr,group_min_Accuracy,group_min_Selection rate,group_min_Count,group_min_tpr,group_min_tnr,group_min_fpr,group_min_fnr,group_max_Accuracy,group_max_Selection rate,group_max_Count,group_max_tpr,group_max_tnr,group_max_fpr,group_max_fnr,generation
0.011440228074006464,0.3795975657873627,35.0,0.007435442656738567,0.060390769681708534,0.06039076968170857,0.0074354426567385876,0.9878681834184547,0.45640842979228485,0.9930237193541958,0.9922038324114609,0.9358653281547354,0.49151639229323835,0.8615501753409814,0.9315535929345644,0.318716364361172,4982.0,0.9462950373895309,0.881233595800525,0.0583756345177665,0.04626951995373048,0.9429938210085709,0.6983139301485347,5017.0,0.9537304800462695,0.9416243654822335,0.11876640419947507,0.053704962610469066,None
