Accuracy,Selection rate,Count,tpr,tnr,fpr,fnr,generation
1.0,0.5002304855562385,26032.0,1.0,1.0,0.0,0.0,None
1.0,0.5002304855562385,26032.0,1.0,1.0,0.0,0.0,None
1.0,0.5002304855562385,26032.0,1.0,1.0,0.0,0.0,None
1.0,0.5002304855562385,26032.0,1.0,1.0,0.0,0.0,None
