Accuracy,Selection rate,Count,tpr,tnr,fpr,fnr,generation
0.8950310559006212,0.6077878643096034,20930.0,0.9145265479754214,0.864983001457018,0.13501699854298202,0.08547345202457854,None
0.8950310559006212,0.6077878643096034,20930.0,0.9145265479754214,0.864983001457018,0.13501699854298202,0.08547345202457854,None
0.8950310559006212,0.6077878643096034,20930.0,0.9145265479754214,0.864983001457018,0.13501699854298202,0.08547345202457854,None
0.8950310559006212,0.6077878643096034,20930.0,0.9145265479754214,0.864983001457018,0.13501699854298202,0.08547345202457854,None
