Accuracy,Selection rate,Count,tpr,tnr,fpr,fnr,generation
0.8697372464658881,0.606599569760295,26032.0,0.8853325046612803,0.8444980889157111,0.15550191108428887,0.1146674953387197,None
0.8697372464658881,0.606599569760295,26032.0,0.8853325046612803,0.8444980889157111,0.15550191108428887,0.1146674953387197,None
0.8697372464658881,0.606599569760295,26032.0,0.8853325046612803,0.8444980889157111,0.15550191108428887,0.1146674953387197,None
0.8697372464658881,0.606599569760295,26032.0,0.8853325046612803,0.8444980889157111,0.15550191108428887,0.1146674953387197,None
