Accuracy,Selection rate,Count,tpr,tnr,fpr,fnr,generation
0.6981844242713808,0.5419015766841854,20930.0,0.6982248520710059,0.698122350090854,0.30187764990914595,0.30177514792899407,None
0.7564739608217869,0.42685140946010514,20930.0,0.6513609467455621,0.9178679588128407,0.08213204118715929,0.3486390532544379,None
0.9042522694696608,0.617056856187291,20930.0,0.930414201183432,0.8640823743185948,0.1359176256814052,0.06958579881656805,None
0.9077878643096035,0.6286669851887243,20930.0,0.944919955618957,0.8514196342637151,0.1485803657362849,0.055080044381042956,None
0.8870998566650741,0.6095556617295748,20930.0,0.9094776648546443,0.8526162437780745,0.14738375622192545,0.09052233514535571,None
0.8867176301958911,0.6053511705685619,20930.0,0.9058239419970053,0.8572988714961777,0.14270112850382236,0.09417605800299472,None
0.8923076923076924,0.6057811753463928,20930.0,0.9116323146173892,0.8627071489052861,0.13729285109471392,0.08836768538261075,None
0.8759197324414716,0.5866220735785953,20930.0,0.8822553897180763,0.8662150719729044,0.13378492802709568,0.11774461028192372,None
