Accuracy,Selection rate,Count,tpr,tnr,fpr,fnr,generation
1.0,0.49842501536570377,26032.0,1.0,1.0,0.0,0.0,None
1.0,0.49842501536570377,26032.0,1.0,1.0,0.0,0.0,None
1.0,0.49842501536570377,26032.0,1.0,1.0,0.0,0.0,None
0.9999615857406269,0.4960817455439459,26032.0,0.9999225706542779,1.0,0.0,7.742934572202865e-05,None
1.0,0.4960817455439459,26032.0,1.0,1.0,0.0,0.0,None
1.0,0.4992317148125384,26032.0,1.0,1.0,0.0,0.0,None
1.0,0.4992317148125384,26032.0,1.0,1.0,0.0,0.0,None
