Accuracy,Selection rate,Count,tpr,tnr,fpr,fnr,generation
0.5078365089121082,0.5015749846342963,26032.0,0.507646214343674,0.5081410448506642,0.49185895514933575,0.4923537856563261,None
0.6220421020282729,0.34403810694529807,26032.0,0.47244241932463643,0.8614524023574068,0.13854759764259314,0.5275575806753636,None
0.8778042409342348,0.625460971112477,26032.0,0.9088696086386617,0.8280891019878134,0.1719108980121866,0.09113039136133824,None
0.8884834050399508,0.6331822372464659,26032.0,0.9207460651877556,0.8358601172427734,0.1641398827572266,0.0792539348122444,None
0.8636677934849416,0.6175092194222496,26032.0,0.8880902218366589,0.8238326258338386,0.17616737416616132,0.11190977816334119,None
0.864320835894284,0.6042178856791641,26032.0,0.879850513858611,0.8393304600581337,0.16066953994186628,0.12014948614138897,None
0.8798786109403811,0.6074446834665027,26032.0,0.8951532519312235,0.855310621242485,0.14468937875751503,0.10484674806877647,None
0.8468039336201598,0.5825906576521205,26032.0,0.8481809120358834,0.8445891783567134,0.15541082164328657,0.1518190879641166,None
