difference_Accuracy,difference_Selection rate,difference_Count,difference_tpr,difference_tnr,difference_fpr,difference_fnr,ratio_Accuracy,ratio_Selection rate,ratio_Count,ratio_tpr,ratio_tnr,ratio_fpr,ratio_fnr,group_min_Accuracy,group_min_Selection rate,group_min_Count,group_min_tpr,group_min_tnr,group_min_fpr,group_min_fnr,group_max_Accuracy,group_max_Selection rate,group_max_Count,group_max_tpr,group_max_tnr,group_max_fpr,group_max_fnr,group_0_Accuracy,group_0_Selection rate,group_0_Count,group_0_tpr,group_0_tnr,group_0_fpr,group_0_fnr,group_1_Accuracy,group_1_Selection rate,group_1_Count,group_1_tpr,group_1_tnr,group_1_fpr,group_1_fnr,generation
0.013078215720504494,0.35823275131914,35.0,0.007748807777431366,0.020755337054949363,0.02075533705494935,0.007748807777431352,0.9860634222026824,0.4608110069269017,0.9930237193541958,0.9916212078504197,0.9780891857109704,0.7175791636451535,0.9065697029458892,0.9253311922922521,0.3061590591987243,4982.0,0.9170632222977566,0.926509186351706,0.05273547659334461,0.07518796992481203,0.9384094080127566,0.6643918105178643,5017.0,0.924812030075188,0.9472645234066553,0.07349081364829396,0.08293677770224338,0.9253311922922521,0.6643918105178643,4982.0,0.924812030075188,0.926509186351706,0.07349081364829396,0.07518796992481203,0.9384094080127566,0.3061590591987243,5017.0,0.9170632222977566,0.9472645234066553,0.05273547659334461,0.08293677770224338,None
