difference_Accuracy,difference_Selection rate,difference_Count,difference_tpr,difference_tnr,difference_fpr,difference_fnr,ratio_Accuracy,ratio_Selection rate,ratio_Count,ratio_tpr,ratio_tnr,ratio_fpr,ratio_fnr,group_min_Accuracy,group_min_Selection rate,group_min_Count,group_min_tpr,group_min_tnr,group_min_fpr,group_min_fnr,group_max_Accuracy,group_max_Selection rate,group_max_Count,group_max_tpr,group_max_tnr,group_max_fpr,group_max_fnr,group_0_Accuracy,group_0_Selection rate,group_0_Count,group_0_tpr,group_0_tnr,group_0_fpr,group_0_fnr,group_1_Accuracy,group_1_Selection rate,group_1_Count,group_1_tpr,group_1_tnr,group_1_fpr,group_1_fnr,generation
0.010258937079108632,0.34962339803110226,46.0,0.005713445854542365,0.00923650340690707,0.009236503406906987,0.005713445854542296,0.9890103132974275,0.4667252062516714,0.9908421262193908,0.9937837564412593,0.9901917130488558,0.8632286995515696,0.9340233038225473,0.9232469359051637,0.3059924347999204,4977.0,0.9134020618556701,0.9324675324675324,0.05829596412556054,0.0808844922897876,0.9335058729842723,0.6556158328310226,5023.0,0.9191155077102124,0.9417040358744395,0.06753246753246753,0.0865979381443299,0.9232469359051637,0.6556158328310226,4977.0,0.9191155077102124,0.9324675324675324,0.06753246753246753,0.0808844922897876,0.9335058729842723,0.3059924347999204,5023.0,0.9134020618556701,0.9417040358744395,0.05829596412556054,0.0865979381443299,None
