Accuracy,Selection rate,Count,tpr,tnr,fpr,fnr,generation
0.931893189318932,0.48464846484648466,9999.0,0.9224994927977277,0.941025641025641,0.05897435897435897,0.07750050720227226,None
