Accuracy,Selection rate,Count,tpr,tnr,fpr,fnr,generation
0.9284,0.48,10000.0,0.9174161896974653,0.9389193422083008,0.06108065779169929,0.08258381030253475,None
