difference_Accuracy,difference_Selection rate,difference_Count,difference_tpr,difference_tnr,difference_fpr,difference_fnr,ratio_Accuracy,ratio_Selection rate,ratio_Count,ratio_tpr,ratio_tnr,ratio_fpr,ratio_fnr,group_min_Accuracy,group_min_Selection rate,group_min_Count,group_min_tpr,group_min_tnr,group_min_fpr,group_min_fnr,group_max_Accuracy,group_max_Selection rate,group_max_Count,group_max_tpr,group_max_tnr,group_max_fpr,group_max_fnr,generation
0.004493535083202382,0.37993019932301764,46.0,0.07624266747453179,0.022750567817832357,0.02275056781783239,0.07624266747453175,0.995144523641099,0.4249049263897023,0.9908421262193908,0.9175177689298187,0.9760689781916198,0.6843614915363794,0.4980403566722004,0.9209635675890901,0.2807087397969341,4977.0,0.8481099656357388,0.9279220779220779,0.04932735426008968,0.07564736688972941,0.9254571026722925,0.6606389391199518,5023.0,0.9243526331102706,0.9506726457399103,0.07207792207792207,0.15189003436426116,None
