Accuracy,Selection rate,Count,tpr,tnr,fpr,fnr,generation
0.9232,0.4698,10000.0,0.901676206050695,0.9438136256851997,0.056186374314800315,0.09832379394930499,None
