Accuracy,Selection rate,Count,tpr,tnr,fpr,fnr,generation
0.9327932793279328,0.4811481148114812,9999.0,0.9198620409819436,0.9453648915187377,0.05463510848126233,0.0801379590180564,None
