difference_Accuracy,difference_Selection rate,difference_Count,difference_tpr,difference_tnr,difference_fpr,difference_fnr,ratio_Accuracy,ratio_Selection rate,ratio_Count,ratio_tpr,ratio_tnr,ratio_fpr,ratio_fnr,group_min_Accuracy,group_min_Selection rate,group_min_Count,group_min_tpr,group_min_tnr,group_min_fpr,group_min_fnr,group_max_Accuracy,group_max_Selection rate,group_max_Count,group_max_tpr,group_max_tnr,group_max_fpr,group_max_fnr,generation
0.007530398251724968,0.38521127724148174,35.0,0.0679430233797117,0.024144983146142218,0.024144983146142267,0.06794302337971163,0.9919596133540305,0.42883256451873153,0.9930237193541958,0.9277308597825152,0.9746542006405505,0.662413263167699,0.4683819819598095,0.9290412597169623,0.28921666334462826,4982.0,0.8721957851801495,0.928477690288714,0.047377326565143825,0.05986119144013881,0.9365716579686872,0.67442794058611,5017.0,0.9401388085598612,0.9526226734348562,0.07152230971128609,0.12780421481985044,None
