Accuracy,Selection rate,Count,tpr,tnr,fpr,fnr,generation
0.9377937793779378,0.49454945494549457,9999.0,0.938527084601339,0.9370808678500986,0.06291913214990139,0.06147291539866099,None
