difference_Accuracy,difference_Selection rate,difference_Count,difference_tpr,difference_tnr,difference_fpr,difference_fnr,ratio_Accuracy,ratio_Selection rate,ratio_Count,ratio_tpr,ratio_tnr,ratio_fpr,ratio_fnr,group_min_Accuracy,group_min_Selection rate,group_min_Count,group_min_tpr,group_min_tnr,group_min_fpr,group_min_fnr,group_max_Accuracy,group_max_Selection rate,group_max_Count,group_max_tpr,group_max_tnr,group_max_fpr,group_max_fnr,generation
0.010835949288686919,0.36268715446018834,46.0,0.011562269101060174,0.02909993593850102,0.029099935938500965,0.011562269101060133,0.9884267545657932,0.45792973941490767,0.9908421262193908,0.987573633864808,0.9691537220948985,0.6605007473841554,0.8574313428640467,0.9254571026722925,0.30639060322516426,4977.0,0.9189003436426116,0.9142857142857143,0.05661434977578475,0.06953738725632819,0.9362930519609794,0.6690777576853526,5023.0,0.9304626127436718,0.9433856502242153,0.08571428571428572,0.08109965635738832,None
