Accuracy,Selection rate,Count,tpr,tnr,fpr,fnr,generation
0.9309,0.4869,10000.0,0.9270237121831562,0.9346123727486296,0.0653876272513704,0.07297628781684383,None
