difference_Accuracy,difference_Selection rate,difference_Count,difference_tpr,difference_tnr,difference_fpr,difference_fnr,ratio_Accuracy,ratio_Selection rate,ratio_Count,ratio_tpr,ratio_tnr,ratio_fpr,ratio_fnr,group_min_Accuracy,group_min_Selection rate,group_min_Count,group_min_tpr,group_min_tnr,group_min_fpr,group_min_fnr,group_max_Accuracy,group_max_Selection rate,group_max_Count,group_max_tpr,group_max_tnr,group_max_fpr,group_max_fnr,generation
0.005236031295282162,0.3765041092321435,35.0,0.02381142418353055,0.03669322426067301,0.036693224260672994,0.023811424183530515,0.9944321388282258,0.449120859854761,0.9930237193541958,0.9748196009704438,0.9612985802414199,0.5857742683461804,0.6954208263132748,0.9351665997591329,0.30695634841538766,4982.0,0.9218218898708361,0.9114173228346457,0.05188945290468133,0.05436668594563331,0.940402631054415,0.6834604576475312,5017.0,0.9456333140543667,0.9481105470953187,0.08858267716535433,0.07817811012916383,None
