Accuracy,Selection rate,Count,tpr,tnr,fpr,fnr,generation
0.5515175919867117,0.9507223033170584,19867.0,0.9828687572590011,0.08411116937598322,0.9158888306240168,0.01713124274099884,0
0.5666180097649368,0.9216288317310112,19867.0,0.9694154084397987,0.13015207131620346,0.8698479286837966,0.030584591560201317,1
0.5748729048170332,0.9074344390194795,19867.0,0.9637049941927991,0.1535395909805978,0.8464604090194022,0.03629500580720093,2
0.5453264206976393,0.9591282025469371,19867.0,0.9849980642663569,0.06890403775563712,0.9310959622443629,0.01500193573364305,3
0.5244878441636885,0.9940605023405648,19867.0,0.9985481997677119,0.010802307288935501,0.9891976927110645,0.0014518002322880372,4
0.530326672371269,0.9851009211254844,19867.0,0.9955478126209834,0.026219192448872573,0.9737808075511274,0.004452187379016648,5
0.5393365883122766,0.9670307545175416,19867.0,0.9868370112272551,0.05443104352385947,0.9455689564761406,0.01316298877274487,6
