Accuracy,Selection rate,Count,tpr,tnr,fpr,fnr,generation
0.5281033964532612,0.950806532411582,19962.0,0.9829258436047686,0.08078298887122416,0.9192170111287759,0.01707415639523136,0
0.5464883278228635,0.9242059913836289,19962.0,0.9746413416851889,0.12539745627980922,0.8746025437201908,0.025358658314811072,1
0.5539525097685603,0.9116321009918846,19962.0,0.9694887856132552,0.14527027027027026,0.8547297297297297,0.030511214386744798,2
0.5232942590922753,0.9594229035166817,19962.0,0.9867650030309153,0.06746820349761526,0.9325317965023847,0.013234996969084664,3
0.49959923855325117,0.9951407674581705,19962.0,0.9988886643766417,0.008545310015898252,0.9914546899841018,0.001111335623358254,4
0.5070133253181044,0.9851217312894499,19962.0,0.9962618710850677,0.025834658187599363,0.9741653418124007,0.0037381289149323095,5
0.5160805530507965,0.9681394649834686,19962.0,0.9882804606991311,0.051669316375198726,0.9483306836248012,0.011719539300868862,6
