generation,epoch,gen_loss
0,0,0.5516043892305977
0,10,0.5267608633628057
0,20,0.5251065006116463
0,0,0.5511461863024805
0,10,0.5266714667163368
0,20,0.525052218727252
