Accuracy,Selection rate,Count,tpr,tnr,fpr,fnr,generation
0.9288,0.4862,10000.0,0.9241618969746525,0.9332419733750978,0.06675802662490211,0.0758381030253475,None
