difference_Accuracy,difference_Selection rate,difference_Count,difference_tpr,difference_tnr,difference_fpr,difference_fnr,ratio_Accuracy,ratio_Selection rate,ratio_Count,ratio_tpr,ratio_tnr,ratio_fpr,ratio_fnr,group_min_Accuracy,group_min_Selection rate,group_min_Count,group_min_tpr,group_min_tnr,group_min_fpr,group_min_fnr,group_max_Accuracy,group_max_Selection rate,group_max_Count,group_max_tpr,group_max_tnr,group_max_fpr,group_max_fnr,group_0_Accuracy,group_0_Selection rate,group_0_Count,group_0_tpr,group_0_tnr,group_0_fpr,group_0_fnr,group_1_Accuracy,group_1_Selection rate,group_1_Count,group_1_tpr,group_1_tnr,group_1_fpr,group_1_fnr,generation
0.008255214680342626,0.368080828590333,46.0,0.024118972131654037,0.03364539048395554,0.03364539048395551,0.024118972131654023,0.9911511004397437,0.4515154838640458,0.9908421262193908,0.9741028093669182,0.9643354862606199,0.6272381198180469,0.7400510781366177,0.9246534056660639,0.3030061716105913,4977.0,0.9072164948453608,0.9097402597402597,0.05661434977578475,0.06866453302298516,0.9329086203464065,0.6710870002009243,5023.0,0.9313354669770149,0.9433856502242153,0.09025974025974026,0.09278350515463918,0.9246534056660639,0.6710870002009243,4977.0,0.9313354669770149,0.9097402597402597,0.09025974025974026,0.06866453302298516,0.9329086203464065,0.3030061716105913,5023.0,0.9072164948453608,0.9433856502242153,0.05661434977578475,0.09278350515463918,None
