difference_Accuracy,difference_Selection rate,difference_Count,difference_tpr,difference_tnr,difference_fpr,difference_fnr,ratio_Accuracy,ratio_Selection rate,ratio_Count,ratio_tpr,ratio_tnr,ratio_fpr,ratio_fnr,group_min_Accuracy,group_min_Selection rate,group_min_Count,group_min_tpr,group_min_tnr,group_min_fpr,group_min_fnr,group_max_Accuracy,group_max_Selection rate,group_max_Count,group_max_tpr,group_max_tnr,group_max_fpr,group_max_fnr,group_0_Accuracy,group_0_Selection rate,group_0_Count,group_0_tpr,group_0_tnr,group_0_fpr,group_0_fnr,group_1_Accuracy,group_1_Selection rate,group_1_Count,group_1_tpr,group_1_tnr,group_1_fpr,group_1_fnr,generation
0.0032526103340173584,0.38009891219312386,35.0,0.03371938448327583,0.0400662163422465,0.04006621634224656,0.033719384483275855,0.996528750043445,0.4446766039454126,0.9930237193541958,0.964331100782145,0.9577158323959506,0.566943874428484,0.6184521955777017,0.9337615415495785,0.3043651584612318,4982.0,0.91162474507138,0.90748031496063,0.05245346869712352,0.05465587044534413,0.9370141518835958,0.6844640706543557,5017.0,0.9453441295546559,0.9475465313028765,0.09251968503937008,0.08837525492861999,0.9337615415495785,0.6844640706543557,4982.0,0.9453441295546559,0.90748031496063,0.09251968503937008,0.05465587044534413,0.9370141518835958,0.3043651584612318,5017.0,0.91162474507138,0.9475465313028765,0.05245346869712352,0.08837525492861999,None
