Accuracy,Selection rate,Count,tpr,tnr,fpr,fnr,generation
0.9353935393539354,0.49374937493749377,9999.0,0.9352809900588355,0.9355029585798816,0.06449704142011835,0.06471900994116454,None
