difference_Accuracy,difference_Selection rate,difference_Count,difference_tpr,difference_tnr,difference_fpr,difference_fnr,ratio_Accuracy,ratio_Selection rate,ratio_Count,ratio_tpr,ratio_tnr,ratio_fpr,ratio_fnr,group_min_Accuracy,group_min_Selection rate,group_min_Count,group_min_tpr,group_min_tnr,group_min_fpr,group_min_fnr,group_max_Accuracy,group_max_Selection rate,group_max_Count,group_max_tpr,group_max_tnr,group_max_fpr,group_max_fnr,group_0_Accuracy,group_0_Selection rate,group_0_Count,group_0_tpr,group_0_tnr,group_0_fpr,group_0_fnr,group_1_Accuracy,group_1_Selection rate,group_1_Count,group_1_tpr,group_1_tnr,group_1_fpr,group_1_fnr,generation
0.012675548214600263,0.3551922358677109,46.0,0.014778731951764046,0.017056374119154394,0.017056374119154387,0.01477873195176406,0.9864128726671069,0.45773258959705604,0.9908421262193908,0.9838747613592974,0.9819629096451858,0.7612107623318386,0.8496289860851979,0.9202330721318063,0.29982082420864026,4977.0,0.9017182130584193,0.9285714285714286,0.05437219730941704,0.0835030549898167,0.9329086203464065,0.6550130600763512,5023.0,0.9164969450101833,0.945627802690583,0.07142857142857142,0.09828178694158075,0.9202330721318063,0.6550130600763512,4977.0,0.9164969450101833,0.9285714285714286,0.07142857142857142,0.0835030549898167,0.9329086203464065,0.29982082420864026,5023.0,0.9017182130584193,0.945627802690583,0.05437219730941704,0.09828178694158075,None
