Accuracy,Selection rate,Count,tpr,tnr,fpr,fnr,generation
0.9266,0.4766,10000.0,0.9121013900245298,0.9404855129209084,0.05951448707909162,0.08789860997547015,None
