Accuracy,Selection rate,Count,tpr,tnr,fpr,fnr,generation
0.9358935893589359,0.48444844484448446,9999.0,0.9263542300669507,0.9451676528599605,0.05483234714003945,0.0736457699330493,None
