difference_Accuracy,difference_Selection rate,difference_Count,difference_tpr,difference_tnr,difference_fpr,difference_fnr,ratio_Accuracy,ratio_Selection rate,ratio_Count,ratio_tpr,ratio_tnr,ratio_fpr,ratio_fnr,group_min_Accuracy,group_min_Selection rate,group_min_Count,group_min_tpr,group_min_tnr,group_min_fpr,group_min_fnr,group_max_Accuracy,group_max_Selection rate,group_max_Count,group_max_tpr,group_max_tnr,group_max_fpr,group_max_fnr,group_0_Accuracy,group_0_Selection rate,group_0_Count,group_0_tpr,group_0_tnr,group_0_fpr,group_0_fnr,group_1_Accuracy,group_1_Selection rate,group_1_Count,group_1_tpr,group_1_tnr,group_1_fpr,group_1_fnr,generation
0.005449356571438746,0.3662322491325559,35.0,0.02293325480201569,0.017295744123355106,0.017295744123355147,0.02293325480201576,0.9941942191720305,0.4519167722504075,0.9930237193541958,0.9754251022295103,0.9818009766583332,0.7415812348628114,0.7444331983805668,0.9331593737454837,0.3019732908112418,4982.0,0.9102651257647859,0.9330708661417323,0.049633389734912575,0.06680161943319839,0.9386087303169225,0.6682055399437977,5017.0,0.9331983805668016,0.9503666102650874,0.06692913385826772,0.08973487423521415,0.9331593737454837,0.6682055399437977,4982.0,0.9331983805668016,0.9330708661417323,0.06692913385826772,0.06680161943319839,0.9386087303169225,0.3019732908112418,5017.0,0.9102651257647859,0.9503666102650874,0.049633389734912575,0.08973487423521415,None
