Accuracy,Selection rate,Count,tpr,tnr,fpr,fnr,generation
0.8581462016244625,0.5848064978499761,20930.0,0.8657199211045364,0.8465172622652938,0.15348273773470625,0.1342800788954635,None
0.886335403726708,0.6174868609651218,20930.0,0.9159763313609467,0.8408237431859479,0.1591762568140521,0.08402366863905325,None
0.8883898709985667,0.6173913043478261,20930.0,0.9178244395326808,0.8432582909707093,0.15674170902929072,0.08217556046731923,None
0.8885332059245102,0.5938365981844242,20930.0,0.8984843700663088,0.8732752360203341,0.12672476397966595,0.10151562993369119,None
