Accuracy,Selection rate,Count,tpr,tnr,fpr,fnr,generation
0.8227950215119852,0.5843577135832821,26032.0,0.8307845952187753,0.810008990110878,0.18999100988912196,0.16921540478122465,None
0.8620159803318992,0.6172019053472649,26032.0,0.8893327507646215,0.8182998701428429,0.18170012985715714,0.11066724923537856,None
0.8632836508912108,0.6135141364474493,26032.0,0.8868594938286997,0.8254254254254254,0.17457457457457456,0.11314050617130034,None
0.8579440688383528,0.5873540258143823,26032.0,0.8613015833437228,0.8525525525525526,0.14744744744744745,0.13869841665627727,None
