difference_Accuracy,difference_Selection rate,difference_Count,difference_tpr,difference_tnr,difference_fpr,difference_fnr,ratio_Accuracy,ratio_Selection rate,ratio_Count,ratio_tpr,ratio_tnr,ratio_fpr,ratio_fnr,group_min_Accuracy,group_min_Selection rate,group_min_Count,group_min_tpr,group_min_tnr,group_min_fpr,group_min_fnr,group_max_Accuracy,group_max_Selection rate,group_max_Count,group_max_tpr,group_max_tnr,group_max_fpr,group_max_fnr,generation
0.002632238666334552,0.3754808920645318,35.0,0.02848378856465017,0.02891691203574176,0.028916912035741725,0.028483788564650128,0.9971985699217224,0.4475352025205265,0.9930237193541958,0.9698324836580213,0.9695457766323907,0.6357902979961125,0.6620995727532231,0.9369731031714171,0.304165836157066,4982.0,0.9157036029911625,0.9206036745406824,0.05047941342357586,0.055812608444187395,0.9396053418377517,0.6796467282215978,5017.0,0.9441873915558127,0.9495205865764241,0.07939632545931759,0.08429639700883752,None
