difference_Accuracy,difference_Selection rate,difference_Count,difference_tpr,difference_tnr,difference_fpr,difference_fnr,ratio_Accuracy,ratio_Selection rate,ratio_Count,ratio_tpr,ratio_tnr,ratio_fpr,ratio_fnr,group_min_Accuracy,group_min_Selection rate,group_min_Count,group_min_tpr,group_min_tnr,group_min_fpr,group_min_fnr,group_max_Accuracy,group_max_Selection rate,group_max_Count,group_max_tpr,group_max_tnr,group_max_fpr,group_max_fnr,generation
0.009630403779343877,0.3630706025739505,46.0,0.014707743806784301,0.02595582668452634,0.025955826684526236,0.014707743806784274,0.9897143274115151,0.4560498527963421,0.9908421262193908,0.9841881402990561,0.9725273243517087,0.6802242152466368,0.8260181525295032,0.9266626481816356,0.30439976109894484,4977.0,0.9154639175257732,0.9188311688311688,0.05521300448430493,0.06982833866744254,0.9362930519609794,0.6674703636728954,5023.0,0.9301716613325575,0.9447869955156951,0.08116883116883117,0.08453608247422681,None
