Accuracy,Selection rate,Count,tpr,tnr,fpr,fnr,generation
0.9315,0.4851,10000.0,0.9257972199509403,0.9369616288175411,0.06303837118245889,0.07420278004905968,None
