Accuracy,Selection rate,Count,tpr,tnr,fpr,fnr,generation
0.9382938293829383,0.49124912491249123,9999.0,0.9356867518766484,0.9408284023668639,0.05917159763313609,0.0643132481233516,None
