Accuracy,Selection rate,Count,tpr,tnr,fpr,fnr,generation
0.9324,0.4864,10000.0,0.928045789043336,0.9365700861393892,0.06342991386061081,0.07195421095666395,None
