Accuracy,Selection rate,Count,tpr,tnr,fpr,fnr,generation
0.9392939293929393,0.49444944494449444,9999.0,0.9399472509636844,0.9386587771203155,0.061341222879684416,0.06005274903631568,None
