difference_Accuracy,difference_Selection rate,difference_Count,difference_tpr,difference_tnr,difference_fpr,difference_fnr,ratio_Accuracy,ratio_Selection rate,ratio_Count,ratio_tpr,ratio_tnr,ratio_fpr,ratio_fnr,group_min_Accuracy,group_min_Selection rate,group_min_Count,group_min_tpr,group_min_tnr,group_min_fpr,group_min_fnr,group_max_Accuracy,group_max_Selection rate,group_max_Count,group_max_tpr,group_max_tnr,group_max_fpr,group_max_fnr,generation
0.009022110907866754,0.36208254166658166,46.0,0.012038789522149873,0.02446566886028767,0.02446566886028769,0.012038789522149804,0.9903701523395209,0.45818255866669366,0.9908421262193908,0.9870776640888104,0.9740815004472962,0.6961521770577174,0.8502868482501883,0.9278681936909785,0.3061915190125423,4977.0,0.9195876288659793,0.9194805194805195,0.05605381165919283,0.06837358161187082,0.9368903045988453,0.668274060679124,5023.0,0.9316264183881292,0.9439461883408071,0.08051948051948052,0.08041237113402062,None
