difference_Accuracy,difference_Selection rate,difference_Count,difference_tpr,difference_tnr,difference_fpr,difference_fnr,ratio_Accuracy,ratio_Selection rate,ratio_Count,ratio_tpr,ratio_tnr,ratio_fpr,ratio_fnr,group_min_Accuracy,group_min_Selection rate,group_min_Count,group_min_tpr,group_min_tnr,group_min_fpr,group_min_fnr,group_max_Accuracy,group_max_Selection rate,group_max_Count,group_max_tpr,group_max_tnr,group_max_fpr,group_max_fnr,generation
0.005425551519054439,0.3731030273865325,35.0,0.01808376245744303,0.03144388042865209,0.031443880428651996,0.018083762457443087,0.9942403741068353,0.45265038797417406,0.9930237193541958,0.9808707095203921,0.9668352171326591,0.622673434856176,0.7513905179916002,0.9365716579686872,0.3085509268487144,4982.0,0.9272603670972128,0.9166666666666666,0.05188945290468133,0.05465587044534413,0.9419972094877417,0.6816539542352469,5017.0,0.9453441295546559,0.9481105470953187,0.08333333333333333,0.07273963290278722,None
