difference_Accuracy,difference_Selection rate,difference_Count,difference_tpr,difference_tnr,difference_fpr,difference_fnr,ratio_Accuracy,ratio_Selection rate,ratio_Count,ratio_tpr,ratio_tnr,ratio_fpr,ratio_fnr,group_min_Accuracy,group_min_Selection rate,group_min_Count,group_min_tpr,group_min_tnr,group_min_fpr,group_min_fnr,group_max_Accuracy,group_max_Selection rate,group_max_Count,group_max_tpr,group_max_tnr,group_max_fpr,group_max_fnr,generation
0.01687839714688366,0.3732051370206993,46.0,0.008817727439517586,0.06421218915613536,0.06421218915613533,0.0088177274395176,0.9819424517851338,0.4568883137567191,0.9908421262193908,0.990599711783616,0.9314660212656025,0.4954756566303652,0.8754388987912805,0.9178219811131203,0.31395580330479794,4977.0,0.9292096219931272,0.8727272727272727,0.06306053811659193,0.06197265056735525,0.934700378260004,0.6871609403254972,5023.0,0.9380273494326448,0.936939461883408,0.12727272727272726,0.07079037800687285,None
