Accuracy,Selection rate,Count,tpr,tnr,fpr,fnr,generation
0.9263,0.4997,10000.0,0.9354047424366312,0.9175802662490211,0.08241973375097886,0.06459525756336877,None
