Accuracy,Selection rate,Count,tpr,tnr,fpr,fnr,generation
0.9351935193519352,0.5073507350735074,9999.0,0.9488740109555691,0.9218934911242603,0.07810650887573964,0.05112598904443092,None
