difference_Accuracy,difference_Selection rate,difference_Count,difference_tpr,difference_tnr,difference_fpr,difference_fnr,ratio_Accuracy,ratio_Selection rate,ratio_Count,ratio_tpr,ratio_tnr,ratio_fpr,ratio_fnr,group_min_Accuracy,group_min_Selection rate,group_min_Count,group_min_tpr,group_min_tnr,group_min_fpr,group_min_fnr,group_max_Accuracy,group_max_Selection rate,group_max_Count,group_max_tpr,group_max_tnr,group_max_fpr,group_max_fnr,generation
0.010245694546210493,0.3780043876512351,35.0,0.006755633003441508,0.058790874490942446,0.058790874490942446,0.006755633003441515,0.9891188294796067,0.45884544273607664,0.9930237193541958,0.9929166225209519,0.9374144578370214,0.5077071828340863,0.8725956904094555,0.9313528703331995,0.32051026509866454,4982.0,0.946974847042828,0.8805774278215223,0.06063169768753525,0.04626951995373048,0.94159856487941,0.6985146527498997,5017.0,0.9537304800462695,0.9393683023124647,0.1194225721784777,0.05302515295717199,None
