Accuracy,Selection rate,Count,tpr,tnr,fpr,fnr,generation
0.9282,0.4992,10000.0,0.9368356500408831,0.9199295223179327,0.08007047768206735,0.06316434995911692,None
