Accuracy,Selection rate,Count,tpr,tnr,fpr,fnr,generation
0.9364936493649365,0.5088508850885088,9999.0,0.9517143436802596,0.9216962524654833,0.07830374753451677,0.048285656319740314,None
