difference_Accuracy,difference_Selection rate,difference_Count,difference_tpr,difference_tnr,difference_fpr,difference_fnr,ratio_Accuracy,ratio_Selection rate,ratio_Count,ratio_tpr,ratio_tnr,ratio_fpr,ratio_fnr,group_min_Accuracy,group_min_Selection rate,group_min_Count,group_min_tpr,group_min_tnr,group_min_fpr,group_min_fnr,group_max_Accuracy,group_max_Selection rate,group_max_Count,group_max_tpr,group_max_tnr,group_max_fpr,group_max_fnr,generation
0.0182609464016259,0.3686004395853016,46.0,9.378433801554564e-05,0.058279220779220764,0.05827922077922078,9.378433801554564e-05,0.9805172613051473,0.46138450152200644,0.9908421262193908,0.9998998954131182,0.9378354978354978,0.5174731182795699,0.9985167803063846,0.9190275266224633,0.31574756121839537,4977.0,0.9367697594501718,0.8792207792207792,0.0625,0.06313645621181263,0.9372884730240892,0.684348000803697,5023.0,0.9368635437881874,0.9375,0.12077922077922078,0.06323024054982818,None
