Accuracy,Selection rate,Count,tpr,tnr,fpr,fnr,generation
0.9317931793179318,0.4823482348234823,9999.0,0.9200649218908501,0.9431952662721893,0.05680473372781065,0.07993507810914993,None
