difference_Accuracy,difference_Selection rate,difference_Count,difference_tpr,difference_tnr,difference_fpr,difference_fnr,ratio_Accuracy,ratio_Selection rate,ratio_Count,ratio_tpr,ratio_tnr,ratio_fpr,ratio_fnr,group_min_Accuracy,group_min_Selection rate,group_min_Count,group_min_tpr,group_min_tnr,group_min_fpr,group_min_fnr,group_max_Accuracy,group_max_Selection rate,group_max_Count,group_max_tpr,group_max_tnr,group_max_fpr,group_max_fnr,group_0_Accuracy,group_0_Selection rate,group_0_Count,group_0_tpr,group_0_tnr,group_0_fpr,group_0_fnr,group_1_Accuracy,group_1_Selection rate,group_1_Count,group_1_tpr,group_1_tnr,group_1_fpr,group_1_fnr,generation
0.0038808821194655785,0.3719760310128163,46.0,0.04846030712870952,0.02524532642245647,0.025245326422456464,0.04846030712870951,0.9958177063106467,0.4377999677039822,0.9908421262193908,0.9475572809819349,0.9734055728741291,0.6677110881146756,0.6104433874460092,0.9240506329113924,0.28966752936492135,4977.0,0.8756013745704467,0.924025974025974,0.05072869955156951,0.07593831830084376,0.927931515030858,0.6616435603777376,5023.0,0.9240616816991563,0.9492713004484304,0.07597402597402597,0.12439862542955327,0.9240506329113924,0.6616435603777376,4977.0,0.9240616816991563,0.924025974025974,0.07597402597402597,0.07593831830084376,0.927931515030858,0.28966752936492135,5023.0,0.8756013745704467,0.9492713004484304,0.05072869955156951,0.12439862542955327,None
