difference_Accuracy,difference_Selection rate,difference_Count,difference_tpr,difference_tnr,difference_fpr,difference_fnr,ratio_Accuracy,ratio_Selection rate,ratio_Count,ratio_tpr,ratio_tnr,ratio_fpr,ratio_fnr,group_min_Accuracy,group_min_Selection rate,group_min_Count,group_min_tpr,group_min_tnr,group_min_fpr,group_min_fnr,group_max_Accuracy,group_max_Selection rate,group_max_Count,group_max_tpr,group_max_tnr,group_max_fpr,group_max_fnr,group_0_Accuracy,group_0_Selection rate,group_0_Count,group_0_tpr,group_0_tnr,group_0_fpr,group_0_fnr,group_1_Accuracy,group_1_Selection rate,group_1_Count,group_1_tpr,group_1_tnr,group_1_fpr,group_1_fnr,generation
0.007123351860198857,0.3852196790246762,35.0,0.06726321372641453,0.026671951539052552,0.026671951539052538,0.06726321372641457,0.992384433697959,0.4298382528517716,0.9930237193541958,0.9284539547628602,0.9719600533182685,0.6465386596042081,0.47088669844087794,0.9282439705002989,0.29041259716962325,4982.0,0.8728755948334467,0.9245406824146981,0.048787366046249295,0.05986119144013881,0.9353673223604978,0.6756322761942994,5017.0,0.9401388085598612,0.9512126339537507,0.07545931758530183,0.12712440516655338,0.9353673223604978,0.6756322761942994,4982.0,0.9401388085598612,0.9245406824146981,0.07545931758530183,0.05986119144013881,0.9282439705002989,0.29041259716962325,5017.0,0.8728755948334467,0.9512126339537507,0.048787366046249295,0.12712440516655338,None
