difference_Accuracy,difference_Selection rate,difference_Count,difference_tpr,difference_tnr,difference_fpr,difference_fnr,ratio_Accuracy,ratio_Selection rate,ratio_Count,ratio_tpr,ratio_tnr,ratio_fpr,ratio_fnr,group_min_Accuracy,group_min_Selection rate,group_min_Count,group_min_tpr,group_min_tnr,group_min_fpr,group_min_fnr,group_max_Accuracy,group_max_Selection rate,group_max_Count,group_max_tpr,group_max_tnr,group_max_fpr,group_max_fnr,group_0_Accuracy,group_0_Selection rate,group_0_Count,group_0_tpr,group_0_tnr,group_0_fpr,group_0_fnr,group_1_Accuracy,group_1_Selection rate,group_1_Count,group_1_tpr,group_1_tnr,group_1_fpr,group_1_fnr,generation
0.0035173465216258304,0.38158566774212155,35.0,0.06401101849955115,0.02293035071123728,0.022930350711237238,0.0640110184995512,0.9962290896555326,0.4296250234949746,0.9930237193541958,0.9314280972826989,0.9759648171380292,0.6671823382483281,0.5095822488914593,0.9292405820211281,0.28742276260713573,4982.0,0.8694765465669613,0.9311023622047244,0.045967287084038355,0.06651243493348756,0.932757928542754,0.6690084303492573,5017.0,0.9334875650665124,0.9540327129159617,0.0688976377952756,0.13052345343303876,0.932757928542754,0.6690084303492573,4982.0,0.9334875650665124,0.9311023622047244,0.0688976377952756,0.06651243493348756,0.9292405820211281,0.28742276260713573,5017.0,0.8694765465669613,0.9540327129159617,0.045967287084038355,0.13052345343303876,None
