Accuracy,Selection rate,Count,tpr,tnr,fpr,fnr,generation
0.930993099309931,0.47754775477547756,9999.0,0.9143842564414688,0.9471400394477317,0.05285996055226824,0.08561574355853115,None
