Accuracy,Selection rate,Count,tpr,tnr,fpr,fnr,generation
0.9232,0.468,10000.0,0.8998364677023712,0.9455755677368833,0.05442443226311668,0.10016353229762878,None
