difference_Accuracy,difference_Selection rate,difference_Count,difference_tpr,difference_tnr,difference_fpr,difference_fnr,ratio_Accuracy,ratio_Selection rate,ratio_Count,ratio_tpr,ratio_tnr,ratio_fpr,ratio_fnr,group_min_Accuracy,group_min_Selection rate,group_min_Count,group_min_tpr,group_min_tnr,group_min_fpr,group_min_fnr,group_max_Accuracy,group_max_Selection rate,group_max_Count,group_max_tpr,group_max_tnr,group_max_fpr,group_max_fnr,group_0_Accuracy,group_0_Selection rate,group_0_Count,group_0_tpr,group_0_tnr,group_0_fpr,group_0_fnr,group_1_Accuracy,group_1_Selection rate,group_1_Count,group_1_tpr,group_1_tnr,group_1_fpr,group_1_fnr,generation
0.0016934758339486322,0.3727134866173768,46.0,0.06579821169864641,0.015976792266029993,0.01597679226602993,0.06579821169864633,0.9981673343714802,0.4311576133410965,0.9908421262193908,0.928434033668276,0.9831892672352713,0.7563934644585535,0.550533342621923,0.9223571570774438,0.28250049771053154,4977.0,0.8536082474226804,0.9344155844155844,0.04960762331838565,0.08059354087867326,0.9240506329113924,0.6552139843279083,5023.0,0.9194064591213268,0.9503923766816144,0.06558441558441558,0.1463917525773196,0.9240506329113924,0.6552139843279083,4977.0,0.9194064591213268,0.9344155844155844,0.06558441558441558,0.08059354087867326,0.9223571570774438,0.28250049771053154,5023.0,0.8536082474226804,0.9503923766816144,0.04960762331838565,0.1463917525773196,None
