generation,epoch,gen_loss
0,0,78309.66794383769
0,10,27539.400121572067
0,20,26482.343929368624
