Accuracy,Selection rate,Count,tpr,tnr,fpr,fnr,generation
0.9184,0.4646,10000.0,0.8914554374488961,0.9442051683633516,0.0557948316366484,0.10854456255110384,None
