difference_Accuracy,difference_Selection rate,difference_Count,difference_tpr,difference_tnr,difference_fpr,difference_fnr,ratio_Accuracy,ratio_Selection rate,ratio_Count,ratio_tpr,ratio_tnr,ratio_fpr,ratio_fnr,group_min_Accuracy,group_min_Selection rate,group_min_Count,group_min_tpr,group_min_tnr,group_min_fpr,group_min_fnr,group_max_Accuracy,group_max_Selection rate,group_max_Count,group_max_tpr,group_max_tnr,group_max_fpr,group_max_fnr,generation
0.011649526503980878,0.3886825445226421,46.0,0.10571574547050644,0.024240725642070915,0.02424072564207093,0.10571574547050641,0.987395718823845,0.4109400048449483,0.9908421262193908,0.8854523905478782,0.9745240326683626,0.6666900224215248,0.4217428208286209,0.9126020306589687,0.271152697591081,4977.0,0.8171821305841924,0.9272727272727272,0.048486547085201795,0.07710212394530114,0.9242515571629496,0.6598352421137231,5023.0,0.9228978760546989,0.9515134529147982,0.07272727272727272,0.18281786941580755,None
