difference_Accuracy,difference_Selection rate,difference_Count,difference_tpr,difference_tnr,difference_fpr,difference_fnr,ratio_Accuracy,ratio_Selection rate,ratio_Count,ratio_tpr,ratio_tnr,ratio_fpr,ratio_fnr,group_min_Accuracy,group_min_Selection rate,group_min_Count,group_min_tpr,group_min_tnr,group_min_fpr,group_min_fnr,group_max_Accuracy,group_max_Selection rate,group_max_Count,group_max_tpr,group_max_tnr,group_max_fpr,group_max_fnr,generation
0.01210500916714563,0.3901761309820397,35.0,0.0881647065947041,0.02330451079401874,0.023304510794018775,0.08816470659470409,0.9870557725540418,0.4192239364946156,0.9930237193541958,0.9059322568946354,0.9755654064826758,0.6649426938671263,0.41580953423058686,0.9230615905919872,0.2816424157863265,4982.0,0.849082256968049,0.9304461942257218,0.046249294980259446,0.06275303643724696,0.9351665997591329,0.6718185467683662,5017.0,0.937246963562753,0.9537507050197406,0.06955380577427822,0.15091774303195105,None
