Accuracy,Selection rate,Count,tpr,tnr,fpr,fnr,generation
0.9290929092909291,0.47604760476047603,9999.0,0.9109352809900588,0.9467455621301775,0.05325443786982249,0.08906471900994116,None
