Accuracy,Selection rate,Count,tpr,tnr,fpr,fnr,generation
0.928,0.499,10000.0,0.9364268192968112,0.9199295223179327,0.08007047768206735,0.06357318070318888,None
