difference_Accuracy,difference_Selection rate,difference_Count,difference_tpr,difference_tnr,difference_fpr,difference_fnr,ratio_Accuracy,ratio_Selection rate,ratio_Count,ratio_tpr,ratio_tnr,ratio_fpr,ratio_fnr,group_min_Accuracy,group_min_Selection rate,group_min_Count,group_min_tpr,group_min_tnr,group_min_fpr,group_min_fnr,group_max_Accuracy,group_max_Selection rate,group_max_Count,group_max_tpr,group_max_tnr,group_max_fpr,group_max_fnr,generation
0.011844473871134409,0.37920452236782737,35.0,0.006075823350144449,0.06188741001283471,0.06188741001283469,0.006075823350144435,0.9874341879019917,0.45759490943539594,0.9930237193541958,0.9936294126304428,0.9341970746910009,0.49018155211048614,0.8839281019732147,0.9307507025291047,0.319912298186167,4982.0,0.947654656696125,0.8786089238845144,0.05950366610265088,0.04626951995373048,0.9425951764002392,0.6991168205539944,5017.0,0.9537304800462695,0.9404963338973491,0.12139107611548557,0.052345343303874914,None
