difference_Accuracy,difference_Selection rate,difference_Count,difference_tpr,difference_tnr,difference_fpr,difference_fnr,ratio_Accuracy,ratio_Selection rate,ratio_Count,ratio_tpr,ratio_tnr,ratio_fpr,ratio_fnr,group_min_Accuracy,group_min_Selection rate,group_min_Count,group_min_tpr,group_min_tnr,group_min_fpr,group_min_fnr,group_max_Accuracy,group_max_Selection rate,group_max_Count,group_max_tpr,group_max_tnr,group_max_fpr,group_max_fnr,generation
0.01826278644056112,0.37019863340308284,46.0,0.0024465914192329796,0.060138460194514076,0.06013846019451401,0.0024465914192329935,0.9805111586379991,0.4595251984607969,0.9908421262193908,0.9973893403576828,0.9358906405814084,0.5073764430874916,0.9625285208949053,0.9188266023709062,0.3147521401552857,4977.0,0.9347079037800687,0.8779220779220779,0.06193946188340807,0.06284550480069828,0.9370893888114673,0.6849507735583685,5023.0,0.9371544951993017,0.938060538116592,0.12207792207792208,0.06529209621993128,None
