Accuracy,Selection rate,Count,tpr,tnr,fpr,fnr,generation
0.9366936693669367,0.5088508850885088,9999.0,0.9519172245891662,0.9218934911242603,0.07810650887573964,0.04808277541083384,None
