Accuracy,Selection rate,Count,tpr,tnr,fpr,fnr,generation
0.9293,0.4879,10000.0,0.9264104660670482,0.9320673453406422,0.06793265465935787,0.07358953393295176,None
0.9293,0.4879,10000.0,0.9264104660670482,0.9320673453406422,0.06793265465935787,0.07358953393295176,None
0.9293,0.4879,10000.0,0.9264104660670482,0.9320673453406422,0.06793265465935787,0.07358953393295176,None
0.9293,0.4879,10000.0,0.9264104660670482,0.9320673453406422,0.06793265465935787,0.07358953393295176,None
0.9293,0.4879,10000.0,0.9264104660670482,0.9320673453406422,0.06793265465935787,0.07358953393295176,None
0.9293,0.4879,10000.0,0.9264104660670482,0.9320673453406422,0.06793265465935787,0.07358953393295176,None
0.9293,0.4879,10000.0,0.9264104660670482,0.9320673453406422,0.06793265465935787,0.07358953393295176,None
0.9286,0.492,10000.0,0.9298855273916599,0.9273688332028192,0.07263116679718089,0.07011447260834015,None
