Accuracy,Selection rate,Count,tpr,tnr,fpr,fnr,generation
0.9374937493749375,0.49444944494449444,9999.0,0.9381213227835261,0.9368836291913215,0.0631163708086785,0.06187867721647393,None
0.9374937493749375,0.49444944494449444,9999.0,0.9381213227835261,0.9368836291913215,0.0631163708086785,0.06187867721647393,None
0.9374937493749375,0.49444944494449444,9999.0,0.9381213227835261,0.9368836291913215,0.0631163708086785,0.06187867721647393,None
0.9374937493749375,0.49444944494449444,9999.0,0.9381213227835261,0.9368836291913215,0.0631163708086785,0.06187867721647393,None
0.9374937493749375,0.49444944494449444,9999.0,0.9381213227835261,0.9368836291913215,0.0631163708086785,0.06187867721647393,None
0.9374937493749375,0.49444944494449444,9999.0,0.9381213227835261,0.9368836291913215,0.0631163708086785,0.06187867721647393,None
0.9374937493749375,0.49444944494449444,9999.0,0.9381213227835261,0.9368836291913215,0.0631163708086785,0.06187867721647393,None
0.9381938193819382,0.49814981498149813,9999.0,0.9425847027794685,0.9339250493096647,0.06607495069033531,0.05741529722053155,None
