difference_Accuracy,difference_Selection rate,difference_Count,difference_tpr,difference_tnr,difference_fpr,difference_fnr,ratio_Accuracy,ratio_Selection rate,ratio_Count,ratio_tpr,ratio_tnr,ratio_fpr,ratio_fnr,group_min_Accuracy,group_min_Selection rate,group_min_Count,group_min_tpr,group_min_tnr,group_min_fpr,group_min_fnr,group_max_Accuracy,group_max_Selection rate,group_max_Count,group_max_tpr,group_max_tnr,group_max_fpr,group_max_fnr,generation
0.012266923531850438,0.37960736786775623,35.0,0.0088101994252483,0.06619302663309223,0.06619302663309218,0.008810199425248265,0.986944600051062,0.45748597053437706,0.9930237193541958,0.9907427318102374,0.9294498129122497,0.48267603800598724,0.8457166267316643,0.9273384183059012,0.32011162049033287,4982.0,0.9428959891230455,0.8720472440944882,0.06175972927241963,0.048293811451706185,0.9396053418377517,0.6997189883580891,5017.0,0.9517061885482938,0.9382402707275804,0.1279527559055118,0.05710401087695445,None
