Accuracy,Selection rate,Count,tpr,tnr,fpr,fnr,generation
0.9334933493349334,0.5092509250925092,9999.0,0.9490768918644755,0.9183431952662722,0.08165680473372781,0.05092310813552445,None
