difference_Accuracy,difference_Selection rate,difference_Count,difference_tpr,difference_tnr,difference_fpr,difference_fnr,ratio_Accuracy,ratio_Selection rate,ratio_Count,ratio_tpr,ratio_tnr,ratio_fpr,ratio_fnr,group_min_Accuracy,group_min_Selection rate,group_min_Count,group_min_tpr,group_min_tnr,group_min_fpr,group_min_fnr,group_max_Accuracy,group_max_Selection rate,group_max_Count,group_max_tpr,group_max_tnr,group_max_fpr,group_max_fnr,generation
0.014679270613366158,0.3722078759186544,46.0,0.010086915485113979,0.06086279191660349,0.060862791916603556,0.010086915485113979,0.9842751170204866,0.4581811645372498,0.9908421262193908,0.9892533389577381,0.9349435465672734,0.5143590696809871,0.8588801727803765,0.9188266023709062,0.3147521401552857,4977.0,0.9285223367697595,0.8746753246753247,0.06446188340807175,0.06139074774512657,0.9335058729842723,0.6869600160739401,5023.0,0.9386092522548735,0.9355381165919282,0.1253246753246753,0.07147766323024055,None
