Accuracy,Selection rate,Count,tpr,tnr,fpr,fnr,generation
0.9262,0.5,10000.0,0.9356091578086672,0.9171887235708692,0.08281127642913078,0.06439084219133279,None
