difference_Accuracy,difference_Selection rate,difference_Count,difference_tpr,difference_tnr,difference_fpr,difference_fnr,ratio_Accuracy,ratio_Selection rate,ratio_Count,ratio_tpr,ratio_tnr,ratio_fpr,ratio_fnr,group_min_Accuracy,group_min_Selection rate,group_min_Count,group_min_tpr,group_min_tnr,group_min_fpr,group_min_fnr,group_max_Accuracy,group_max_Selection rate,group_max_Count,group_max_tpr,group_max_tnr,group_max_fpr,group_max_fnr,group_0_Accuracy,group_0_Selection rate,group_0_Count,group_0_tpr,group_0_tnr,group_0_fpr,group_0_fnr,group_1_Accuracy,group_1_Selection rate,group_1_Count,group_1_tpr,group_1_tnr,group_1_fpr,group_1_fnr,generation
0.0011310800604319438,0.383651706238132,35.0,0.05239370454583869,0.03501227955642594,0.03501227955642601,0.05239370454583879,0.9987884238097029,0.43534629232544353,0.9930237193541958,0.9443558260689465,0.9631591859622889,0.586366557798502,0.5271709240065714,0.9324297388877816,0.29579429938210083,4982.0,0.8891910265125765,0.9153543307086615,0.049633389734912575,0.05841526894158473,0.9335608189482135,0.6794460056202328,5017.0,0.9415847310584152,0.9503666102650874,0.08464566929133858,0.11080897348742352,0.9335608189482135,0.6794460056202328,4982.0,0.9415847310584152,0.9153543307086615,0.08464566929133858,0.05841526894158473,0.9324297388877816,0.29579429938210083,5017.0,0.8891910265125765,0.9503666102650874,0.049633389734912575,0.11080897348742352,None
