difference_Accuracy,difference_Selection rate,difference_Count,difference_tpr,difference_tnr,difference_fpr,difference_fnr,ratio_Accuracy,ratio_Selection rate,ratio_Count,ratio_tpr,ratio_tnr,ratio_fpr,ratio_fnr,group_min_Accuracy,group_min_Selection rate,group_min_Count,group_min_tpr,group_min_tnr,group_min_fpr,group_min_fnr,group_max_Accuracy,group_max_Selection rate,group_max_Count,group_max_tpr,group_max_tnr,group_max_fpr,group_max_fnr,group_0_Accuracy,group_0_Selection rate,group_0_Count,group_0_tpr,group_0_tnr,group_0_fpr,group_0_fnr,group_1_Accuracy,group_1_Selection rate,group_1_Count,group_1_tpr,group_1_tnr,group_1_fpr,group_1_fnr,generation
0.007477278219207184,0.3656108563257199,46.0,0.03207084416902373,0.025128850969658112,0.025128850969658147,0.03207084416902378,0.9919609656474577,0.4479231699232076,0.9908421262193908,0.9652717418371347,0.9734341510341511,0.6827997500551348,0.7046640616080405,0.9226441631504922,0.2966354768066892,4977.0,0.8914089347079038,0.9207792207792208,0.05409192825112107,0.07652022112307244,0.9301214413696994,0.6622463331324091,5023.0,0.9234797788769276,0.9459080717488789,0.07922077922077922,0.10859106529209622,0.9226441631504922,0.6622463331324091,4977.0,0.9234797788769276,0.9207792207792208,0.07922077922077922,0.07652022112307244,0.9301214413696994,0.2966354768066892,5023.0,0.8914089347079038,0.9459080717488789,0.05409192825112107,0.10859106529209622,None
