Accuracy,Selection rate,Count,tpr,tnr,fpr,fnr,generation
0.932993299329933,0.48694869486948694,9999.0,0.9259484682491378,0.9398422090729783,0.0601577909270217,0.07405153175086224,None
