Accuracy,Selection rate,Count,tpr,tnr,fpr,fnr,generation
0.9264,0.4786,10000.0,0.9139411283728537,0.9383320281910729,0.06166797180892717,0.08605887162714636,None
