difference_Accuracy,difference_Selection rate,difference_Count,difference_tpr,difference_tnr,difference_fpr,difference_fnr,ratio_Accuracy,ratio_Selection rate,ratio_Count,ratio_tpr,ratio_tnr,ratio_fpr,ratio_fnr,group_min_Accuracy,group_min_Selection rate,group_min_Count,group_min_tpr,group_min_tnr,group_min_fpr,group_min_fnr,group_max_Accuracy,group_max_Selection rate,group_max_Count,group_max_tpr,group_max_tnr,group_max_fpr,group_max_fnr,group_0_Accuracy,group_0_Selection rate,group_0_Count,group_0_tpr,group_0_tnr,group_0_fpr,group_0_fnr,group_1_Accuracy,group_1_Selection rate,group_1_Count,group_1_tpr,group_1_tnr,group_1_fpr,group_1_fnr,generation
0.011266111119423994,0.36084494573128206,35.0,0.009757961813491534,0.021693512930173076,0.02169351293017307,0.009757961813491534,0.9880046520615131,0.45932946777947453,0.9930237193541958,0.9894946974000456,0.9771055961754781,0.7074255424284623,0.8793784720365878,0.927940586109996,0.306557703807056,4982.0,0.9191026512576479,0.9258530183727034,0.05245346869712352,0.07113938692886061,0.93920669722942,0.667402649538338,5017.0,0.9288606130711394,0.9475465313028765,0.07414698162729659,0.08089734874235215,0.927940586109996,0.667402649538338,4982.0,0.9288606130711394,0.9258530183727034,0.07414698162729659,0.07113938692886061,0.93920669722942,0.306557703807056,5017.0,0.9191026512576479,0.9475465313028765,0.05245346869712352,0.08089734874235215,None
