difference_Accuracy,difference_Selection rate,difference_Count,difference_tpr,difference_tnr,difference_fpr,difference_fnr,ratio_Accuracy,ratio_Selection rate,ratio_Count,ratio_tpr,ratio_tnr,ratio_fpr,ratio_fnr,group_min_Accuracy,group_min_Selection rate,group_min_Count,group_min_tpr,group_min_tnr,group_min_fpr,group_min_fnr,group_max_Accuracy,group_max_Selection rate,group_max_Count,group_max_tpr,group_max_tnr,group_max_fpr,group_max_fnr,group_0_Accuracy,group_0_Selection rate,group_0_Count,group_0_tpr,group_0_tnr,group_0_fpr,group_0_fnr,group_1_Accuracy,group_1_Selection rate,group_1_Count,group_1_tpr,group_1_tnr,group_1_fpr,group_1_fnr,generation
0.012058055148446933,0.3502243307468386,46.0,0.004047923996692626,0.012025362529846872,0.01202536252984683,0.004047923996692557,0.987096802085503,0.4661358364082647,0.9908421262193908,0.9955944538389384,0.9872416016929844,0.8269246888227653,0.9525021821355834,0.9224432388989351,0.30579335058729845,4977.0,0.9147766323024055,0.9305194805194805,0.057455156950672645,0.08117544370090195,0.934501294047382,0.6560176813341371,5023.0,0.9188245562990981,0.9425448430493274,0.06948051948051948,0.0852233676975945,0.9224432388989351,0.6560176813341371,4977.0,0.9188245562990981,0.9305194805194805,0.06948051948051948,0.08117544370090195,0.934501294047382,0.30579335058729845,5023.0,0.9147766323024055,0.9425448430493274,0.057455156950672645,0.0852233676975945,None
