Accuracy,Selection rate,Count,tpr,tnr,fpr,fnr,generation
0.9335933593359336,0.48634863486348634,9999.0,0.9259484682491378,0.941025641025641,0.05897435897435897,0.07405153175086224,None
