Accuracy,Selection rate,Count,tpr,tnr,fpr,fnr,generation
0.9285,0.4801,10000.0,0.9176206050695013,0.9389193422083008,0.06108065779169929,0.08237939493049877,None
