difference_Accuracy,difference_Selection rate,difference_Count,difference_tpr,difference_tnr,difference_fpr,difference_fnr,ratio_Accuracy,ratio_Selection rate,ratio_Count,ratio_tpr,ratio_tnr,ratio_fpr,ratio_fnr,group_min_Accuracy,group_min_Selection rate,group_min_Count,group_min_tpr,group_min_tnr,group_min_fpr,group_min_fnr,group_max_Accuracy,group_max_Selection rate,group_max_Count,group_max_tpr,group_max_tnr,group_max_fpr,group_max_fnr,generation
0.011045784357271993,0.3804102582732159,35.0,0.007912371002284813,0.06329189815740044,0.06329189815740038,0.007912371002284778,0.9882740795343983,0.4569616313131342,0.9930237193541958,0.9917138161944576,0.9326633450746649,0.4869316340857544,0.8507807981492191,0.9309514251304697,0.32011162049033287,4982.0,0.946974847042828,0.8766404199475065,0.06006768189509306,0.045112781954887216,0.9419972094877417,0.7005218787635488,5017.0,0.9548872180451128,0.939932318104907,0.12335958005249344,0.05302515295717199,None
