Accuracy,Selection rate,Count,tpr,tnr,fpr,fnr,generation
0.9364936493649365,0.5096509650965096,9999.0,0.9525258673158856,0.9209072978303747,0.07909270216962525,0.04747413268411443,None
