difference_Accuracy,difference_Selection rate,difference_Count,difference_tpr,difference_tnr,difference_fpr,difference_fnr,ratio_Accuracy,ratio_Selection rate,ratio_Count,ratio_tpr,ratio_tnr,ratio_fpr,ratio_fnr,group_min_Accuracy,group_min_Selection rate,group_min_Count,group_min_tpr,group_min_tnr,group_min_fpr,group_min_fnr,group_max_Accuracy,group_max_Selection rate,group_max_Count,group_max_tpr,group_max_tnr,group_max_fpr,group_max_fnr,generation
0.018266466518431446,0.3698115052114503,46.0,0.0009666385713585912,0.061334517500436836,0.06133451750043678,0.0009666385713585773,0.980498945521343,0.46103898640193614,0.9908421262193908,0.9989691787869192,0.9345177862233517,0.50804605754858,0.9847124008551442,0.9184247538677919,0.3163448138562612,4977.0,0.9367697594501718,0.8753246753246753,0.0633408071748879,0.0622636019784696,0.9366912203862233,0.6861563190677115,5023.0,0.9377363980215304,0.9366591928251121,0.12467532467532468,0.06323024054982818,None
