Accuracy,Selection rate,Count,tpr,tnr,fpr,fnr,generation
0.9276,0.5004,10000.0,0.937448896156991,0.918167580266249,0.08183241973375098,0.06255110384300899,None
