Accuracy,Selection rate,Count,tpr,tnr,fpr,fnr,generation
0.6981844242713808,0.5419015766841854,20930.0,0.6982248520710059,0.698122350090854,0.30187764990914595,0.30177514792899407,None
0.8823220258002866,0.5983277591973244,20930.0,0.8986368679663972,0.8575553416746872,0.1424446583253128,0.1013631320336028,None
0.881462016244625,0.5986144290492117,20930.0,0.8969658659924147,0.8577471597776166,0.14225284022238338,0.10303413400758533,None
0.8940754897276636,0.621595795508839,20930.0,0.9247540338449429,0.8466869300911855,0.1533130699088146,0.07524596615505706,None
0.8885809842331581,0.6154323936932633,20930.0,0.9151515151515152,0.8475379939209726,0.15246200607902735,0.08484848484848485,None
