Accuracy,Selection rate,Count,tpr,tnr,fpr,fnr,generation
0.5078365089121082,0.5015749846342963,26032.0,0.507646214343674,0.5081410448506642,0.49185895514933575,0.4923537856563261,None
0.85029963122311,0.5981100184388445,26032.0,0.8635769015137358,0.8289407756288205,0.17105922437117949,0.13642309848626424,None
0.85029963122311,0.5981100184388445,26032.0,0.8635769015137358,0.8289407756288205,0.17105922437117949,0.13642309848626424,None
0.8715427166564229,0.6241933005531654,26032.0,0.9023508137432188,0.8221110555277639,0.1778889444722361,0.09764918625678119,None
0.8526429010448678,0.6071373693915181,26032.0,0.8731682983101577,0.8197098549274637,0.18029014507253627,0.12683170168984223,None
