Accuracy,Selection rate,Count,tpr,tnr,fpr,fnr,generation
1.0,0.45809842331581463,20930.0,1.0,1.0,0.0,0.0,None
1.0,0.45733397037744866,20930.0,1.0,1.0,0.0,0.0,None
1.0,0.4620162446249403,20930.0,1.0,1.0,0.0,0.0,None
1.0,0.462111801242236,20930.0,1.0,1.0,0.0,0.0,None
1.0,0.462111801242236,20930.0,1.0,1.0,0.0,0.0,None
