Accuracy,Selection rate,Count,tpr,tnr,fpr,fnr,generation
0.9318,0.4826,10000.0,0.9235486508585445,0.9397024275646045,0.060297572435395456,0.07645134914145543,None
