difference_Accuracy,difference_Selection rate,difference_Count,difference_tpr,difference_tnr,difference_fpr,difference_fnr,ratio_Accuracy,ratio_Selection rate,ratio_Count,ratio_tpr,ratio_tnr,ratio_fpr,ratio_fnr,group_min_Accuracy,group_min_Selection rate,group_min_Count,group_min_tpr,group_min_tnr,group_min_fpr,group_min_fnr,group_max_Accuracy,group_max_Selection rate,group_max_Count,group_max_tpr,group_max_tnr,group_max_fpr,group_max_fnr,generation
0.002236394652401108,0.3754724902813373,35.0,0.03072609883229227,0.0278865839739576,0.027886583973957567,0.030726098832292263,0.9976178360995549,0.44656687970957915,0.9930237193541958,0.9674177093645916,0.9706396001271812,0.6428642522999047,0.6496271985868068,0.9365716579686872,0.30296990233207094,4982.0,0.9123045547246771,0.9219160104986877,0.050197405527354765,0.05696934644303065,0.9388080526210884,0.6784423926134082,5017.0,0.9430306535569694,0.9498025944726453,0.07808398950131233,0.08769544527532291,None
