difference_Accuracy,difference_Selection rate,difference_Count,difference_tpr,difference_tnr,difference_fpr,difference_fnr,ratio_Accuracy,ratio_Selection rate,ratio_Count,ratio_tpr,ratio_tnr,ratio_fpr,ratio_fnr,group_min_Accuracy,group_min_Selection rate,group_min_Count,group_min_tpr,group_min_tnr,group_min_fpr,group_min_fnr,group_max_Accuracy,group_max_Selection rate,group_max_Count,group_max_tpr,group_max_tnr,group_max_fpr,group_max_fnr,generation
0.007827605632135137,0.36404762324770795,46.0,0.02031140799486486,0.022442635839496905,0.02244263583949682,0.02031140799486486,0.9916344546616565,0.45293930528265625,0.9908421262193908,0.9781501379410483,0.9762880294121039,0.7046012034801273,0.7761128891475123,0.9278681936909785,0.30141349790961575,4977.0,0.9092783505154639,0.924025974025974,0.05353139013452915,0.07041024148967122,0.9356957993231136,0.6654611211573237,5023.0,0.9295897585103288,0.9464686098654709,0.07597402597402597,0.09072164948453608,None
