Accuracy,Selection rate,Count,tpr,tnr,fpr,fnr,generation
0.9264,0.499,10000.0,0.9347914963205233,0.918363351605325,0.08163664839467502,0.0652085036794767,None
