Accuracy,Selection rate,Count,tpr,tnr,fpr,fnr,generation
0.934993499349935,0.506950695069507,9999.0,0.9482653682288497,0.9220907297830375,0.07790927021696252,0.051734631771150334,None
