difference_Accuracy,difference_Selection rate,difference_Count,difference_tpr,difference_tnr,difference_fpr,difference_fnr,ratio_Accuracy,ratio_Selection rate,ratio_Count,ratio_tpr,ratio_tnr,ratio_fpr,ratio_fnr,group_min_Accuracy,group_min_Selection rate,group_min_Count,group_min_tpr,group_min_tnr,group_min_fpr,group_min_fnr,group_max_Accuracy,group_max_Selection rate,group_max_Count,group_max_tpr,group_max_tnr,group_max_fpr,group_max_fnr,generation
0.01285648866115352,0.37939124199720153,35.0,0.00862245557941288,0.06310759378427955,0.0631075937842795,0.008622455579412894,0.9863432132938795,0.4559219436873754,0.9930237193541958,0.9909317361941576,0.9329399078336664,0.48292487673525825,0.8507807981492193,0.9285427539140907,0.3179190751445087,4982.0,0.9422161794697484,0.8779527559055118,0.05893965031020869,0.049161364950838636,0.9413992425752442,0.6973103171417102,5017.0,0.9508386350491613,0.9410603496897914,0.1220472440944882,0.05778382053025153,None
