difference_Accuracy,difference_Selection rate,difference_Count,difference_tpr,difference_tnr,difference_fpr,difference_fnr,ratio_Accuracy,ratio_Selection rate,ratio_Count,ratio_tpr,ratio_tnr,ratio_fpr,ratio_fnr,group_min_Accuracy,group_min_Selection rate,group_min_Count,group_min_tpr,group_min_tnr,group_min_fpr,group_min_fnr,group_max_Accuracy,group_max_Selection rate,group_max_Count,group_max_tpr,group_max_tnr,group_max_fpr,group_max_fnr,generation
0.018677515216221963,0.3745987265090529,46.0,0.008923109840656585,0.06719250480461236,0.06719250480461242,0.008923109840656612,0.9800389023550887,0.45486027431708875,0.9908421262193908,0.9904814622835703,0.928413598942115,0.47739162929745893,0.8751622613638906,0.9170182841068917,0.31256221381644433,4977.0,0.9285223367697595,0.8714285714285714,0.06137892376681614,0.06255455338958393,0.9356957993231136,0.6871609403254972,5023.0,0.9374454466104161,0.9386210762331838,0.12857142857142856,0.07147766323024055,None
