difference_Accuracy,difference_Selection rate,difference_Count,difference_tpr,difference_tnr,difference_fpr,difference_fnr,ratio_Accuracy,ratio_Selection rate,ratio_Count,ratio_tpr,ratio_tnr,ratio_fpr,ratio_fnr,group_min_Accuracy,group_min_Selection rate,group_min_Count,group_min_tpr,group_min_tnr,group_min_fpr,group_min_fnr,group_max_Accuracy,group_max_Selection rate,group_max_Count,group_max_tpr,group_max_tnr,group_max_fpr,group_max_fnr,group_0_Accuracy,group_0_Selection rate,group_0_Count,group_0_tpr,group_0_tnr,group_0_fpr,group_0_fnr,group_1_Accuracy,group_1_Selection rate,group_1_Count,group_1_tpr,group_1_tnr,group_1_fpr,group_1_fnr,generation
0.0002641760687288608,0.3802548252841183,35.0,0.045407864167032685,0.03247975982697593,0.03247975982697595,0.04540786416703265,0.9997171032365394,0.43935201551776343,0.9930237193541958,0.9517305889057488,0.9658036732938075,0.6071495716165767,0.5662664403265907,0.9335608189482135,0.2979868447279251,4982.0,0.8953093133922502,0.9173228346456693,0.050197405527354765,0.05928282244071718,0.9338249950169424,0.6782416700120434,5017.0,0.9407171775592829,0.9498025944726453,0.08267716535433071,0.10469068660774983,0.9335608189482135,0.6782416700120434,4982.0,0.9407171775592829,0.9173228346456693,0.08267716535433071,0.05928282244071718,0.9338249950169424,0.2979868447279251,5017.0,0.8953093133922502,0.9498025944726453,0.050197405527354765,0.10469068660774983,None
