difference_Accuracy,difference_Selection rate,difference_Count,difference_tpr,difference_tnr,difference_fpr,difference_fnr,ratio_Accuracy,ratio_Selection rate,ratio_Count,ratio_tpr,ratio_tnr,ratio_fpr,ratio_fnr,group_min_Accuracy,group_min_Selection rate,group_min_Count,group_min_tpr,group_min_tnr,group_min_fpr,group_min_fnr,group_max_Accuracy,group_max_Selection rate,group_max_Count,group_max_tpr,group_max_tnr,group_max_fpr,group_max_fnr,group_0_Accuracy,group_0_Selection rate,group_0_Count,group_0_tpr,group_0_tnr,group_0_fpr,group_0_fnr,group_1_Accuracy,group_1_Selection rate,group_1_Count,group_1_tpr,group_1_tnr,group_1_fpr,group_1_fnr,generation
0.00708094983289842,0.36961646108431656,46.0,0.037252978752548405,0.03023484363170459,0.030234843631704617,0.037252978752548335,0.9923821779801566,0.4440673536365538,0.9908421262193908,0.9597363245369469,0.968055101546366,0.6390569054819759,0.6674657418100747,0.9224432388989351,0.29524188731833567,4977.0,0.8879725085910652,0.9162337662337663,0.05353139013452915,0.07477451265638638,0.9295241887318335,0.6648583484026522,5023.0,0.9252254873436137,0.9464686098654709,0.08376623376623377,0.11202749140893471,0.9224432388989351,0.6648583484026522,4977.0,0.9252254873436137,0.9162337662337663,0.08376623376623377,0.07477451265638638,0.9295241887318335,0.29524188731833567,5023.0,0.8879725085910652,0.9464686098654709,0.05353139013452915,0.11202749140893471,None
