Accuracy,Selection rate,Count,tpr,tnr,fpr,fnr,generation
0.926,0.4792,10000.0,0.9141455437448897,0.9373531714956931,0.06264682850430697,0.08585445625511039,None
