Accuracy,Selection rate,Count,tpr,tnr,fpr,fnr,generation
0.9336933693369337,0.48744874487448747,9999.0,0.9271657537025766,0.9400394477317554,0.05996055226824457,0.07283424629742341,None
