Accuracy,Selection rate,Count,tpr,tnr,fpr,fnr,generation
0.8078220164091207,0.5257965470378014,19867.0,0.8207510646535037,0.793812270582066,0.20618772941793392,0.17924893534649633,None
0.8088790456535964,0.5251421956007449,19867.0,0.8211382113821138,0.7955951756685894,0.2044048243314106,0.17886178861788618,None
0.8088790456535964,0.5251421956007449,19867.0,0.8211382113821138,0.7955951756685894,0.2044048243314106,0.17886178861788618,None
0.8088790456535964,0.5251421956007449,19867.0,0.8211382113821138,0.7955951756685894,0.2044048243314106,0.17886178861788618,None
0.8088790456535964,0.5251421956007449,19867.0,0.8211382113821138,0.7955951756685894,0.2044048243314106,0.17886178861788618,None
0.8088790456535964,0.5251421956007449,19867.0,0.8211382113821138,0.7955951756685894,0.2044048243314106,0.17886178861788618,None
