Accuracy,Selection rate,Count,tpr,tnr,fpr,fnr,generation
0.8178539224526601,0.5155796012423605,19962.0,0.8362295413214791,0.7997813990461049,0.20021860095389507,0.1637704586785209,None
0.8191063019737501,0.5163310289550145,19962.0,0.8382501515457669,0.8002782193958664,0.19972178060413354,0.16174984845423318,None
0.8191063019737501,0.5163310289550145,19962.0,0.8382501515457669,0.8002782193958664,0.19972178060413354,0.16174984845423318,None
0.8191063019737501,0.5163310289550145,19962.0,0.8382501515457669,0.8002782193958664,0.19972178060413354,0.16174984845423318,None
0.8191063019737501,0.5163310289550145,19962.0,0.8382501515457669,0.8002782193958664,0.19972178060413354,0.16174984845423318,None
0.8191063019737501,0.5163310289550145,19962.0,0.8382501515457669,0.8002782193958664,0.19972178060413354,0.16174984845423318,None
