Accuracy,Selection rate,Count,tpr,tnr,fpr,fnr,generation
0.9764552650035067,0.3753631900611161,19962.0,0.9551523007128969,0.9898750714460685,0.010124928553931574,0.04484769928710305,None
0.974902314397355,0.37451157198677487,19962.0,0.9520414776409591,0.9893035028986691,0.010696497101330938,0.04795852235904083,None
0.974902314397355,0.37451157198677487,19962.0,0.9520414776409591,0.9893035028986691,0.010696497101330938,0.04795852235904083,None
0.974902314397355,0.37451157198677487,19962.0,0.9520414776409591,0.9893035028986691,0.010696497101330938,0.04795852235904083,None
0.974902314397355,0.37451157198677487,19962.0,0.9520414776409591,0.9893035028986691,0.010696497101330938,0.04795852235904083,None
0.974902314397355,0.37451157198677487,19962.0,0.9520414776409591,0.9893035028986691,0.010696497101330938,0.04795852235904083,None
