Accuracy,Selection rate,Count,tpr,tnr,fpr,fnr,generation
0.9816278250364927,0.4178285599234912,19867.0,0.9691416410498936,0.9908843895170479,0.009115610482952055,0.03085835895010641,None
0.9813258166809282,0.4180298988272009,19867.0,0.9690234097895484,0.9904461390130599,0.009553860986940135,0.030976590210451644,None
0.9813258166809282,0.4180298988272009,19867.0,0.9690234097895484,0.9904461390130599,0.009553860986940135,0.030976590210451644,None
0.9813258166809282,0.4180298988272009,19867.0,0.9690234097895484,0.9904461390130599,0.009553860986940135,0.030976590210451644,None
0.9813258166809282,0.4180298988272009,19867.0,0.9690234097895484,0.9904461390130599,0.009553860986940135,0.030976590210451644,None
0.9813258166809282,0.4180298988272009,19867.0,0.9690234097895484,0.9904461390130599,0.009553860986940135,0.030976590210451644,None
