Accuracy,Selection rate,Count,tpr,tnr,fpr,fnr,generation
0.5899661954517517,0.38986631837738167,26032.0,0.4836152549778416,0.760163819798222,0.23983618020177805,0.5163847450221584,None
0.8832974800245851,0.6126690227412416,26032.0,0.9029398913925473,0.8518629507541704,0.1481370492458296,0.09706010860745272,None
0.8838352796558082,0.6422480024585125,26032.0,0.9274077772923038,0.814104485066427,0.18589551493357306,0.07259222270769615,None
0.885179778733866,0.6137062077443147,26032.0,0.9053117782909931,0.8529617420837079,0.14703825791629208,0.09468822170900693,None
0.8691226183159189,0.6252304855562385,26032.0,0.9000310848616724,0.8191414496833216,0.18085855031667838,0.09996891513832763,None
0.6198524892440074,0.9977335586969883,26032.0,0.9997513211066211,0.005529305318186388,0.9944706946818136,0.00024867889337892445,None
0.4955823601720959,0.49953902888752305,26032.0,0.49605222256760956,0.4948225595656982,0.5051774404343018,0.5039477774323904,None
