Accuracy,Selection rate,Count,tpr,tnr,fpr,fnr,generation
0.7420926899187769,0.4619684663162924,20930.0,0.6684812623274162,0.8551181102362204,0.14488188976377953,0.33151873767258383,None
0.9040133779264214,0.6160535117056856,20930.0,0.9293885601577909,0.8650514839491218,0.13494851605087826,0.07061143984220908,None
0.9019589106545628,0.6387482083134257,20930.0,0.9464299802761341,0.8336765596608117,0.16632344033918836,0.05357001972386588,None
0.9052556139512661,0.6146201624462494,20930.0,0.9292307692307692,0.8684433676559661,0.13155663234403392,0.07076923076923076,None
0.8934065934065935,0.6293358815097946,20930.0,0.9319384129490722,0.8343617664851785,0.16563823351482154,0.06806158705092775,None
0.6080267558528428,0.9970855231724797,20930.0,1.0,0.007380520266182698,0.9926194797338173,0.0,None
0.6978977544194935,0.544672718585762,20930.0,0.7004342676667983,0.694010889292196,0.305989110707804,0.2995657323332017,None
