Accuracy,Selection rate,Count,tpr,tnr,fpr,fnr,generation
0.9342934293429342,0.48264826482648265,9999.0,0.9229052546155406,0.9453648915187377,0.05463510848126233,0.07709474538445932,None
