difference_Accuracy,difference_Selection rate,difference_Count,difference_tpr,difference_tnr,difference_fpr,difference_fnr,ratio_Accuracy,ratio_Selection rate,ratio_Count,ratio_tpr,ratio_tnr,ratio_fpr,ratio_fnr,group_min_Accuracy,group_min_Selection rate,group_min_Count,group_min_tpr,group_min_tnr,group_min_fpr,group_min_fnr,group_max_Accuracy,group_max_Selection rate,group_max_Count,group_max_tpr,group_max_tnr,group_max_fpr,group_max_fnr,group_0_Accuracy,group_0_Selection rate,group_0_Count,group_0_tpr,group_0_tnr,group_0_fpr,group_0_fnr,group_1_Accuracy,group_1_Selection rate,group_1_Count,group_1_tpr,group_1_tnr,group_1_fpr,group_1_fnr,generation
0.0036670775953618895,0.3649749628702143,46.0,0.03875812739272544,0.015402422689418271,0.015402422689418202,0.038758127392725425,0.9960540422533198,0.4453494991740285,0.9908421262193908,0.9579906389628516,0.9837504896050134,0.7719256640220766,0.6663131635715059,0.9256580269238497,0.2930519609794943,4977.0,0.8838487972508591,0.9324675324675324,0.052130044843049325,0.07739307535641547,0.9293251045192116,0.6580269238497086,5023.0,0.9226069246435845,0.9478699551569507,0.06753246753246753,0.1161512027491409,0.9256580269238497,0.6580269238497086,4977.0,0.9226069246435845,0.9324675324675324,0.06753246753246753,0.07739307535641547,0.9293251045192116,0.2930519609794943,5023.0,0.8838487972508591,0.9478699551569507,0.052130044843049325,0.1161512027491409,None
