difference_Accuracy,difference_Selection rate,difference_Count,difference_tpr,difference_tnr,difference_fpr,difference_fnr,ratio_Accuracy,ratio_Selection rate,ratio_Count,ratio_tpr,ratio_tnr,ratio_fpr,ratio_fnr,group_min_Accuracy,group_min_Selection rate,group_min_Count,group_min_tpr,group_min_tnr,group_min_fpr,group_min_fnr,group_max_Accuracy,group_max_Selection rate,group_max_Count,group_max_tpr,group_max_tnr,group_max_fpr,group_max_fnr,group_0_Accuracy,group_0_Selection rate,group_0_Count,group_0_tpr,group_0_tnr,group_0_fpr,group_0_fnr,group_1_Accuracy,group_1_Selection rate,group_1_Count,group_1_tpr,group_1_tnr,group_1_fpr,group_1_fnr,generation
0.0009401595394606943,0.37702085890709447,35.0,0.04708694289716864,0.022268631395694904,0.02226863139569482,0.047086942897168665,0.9989942291549081,0.4388055216387378,0.9930237193541958,0.9497448615622194,0.9766100216442138,0.6828280911491691,0.572438932088055,0.9338249950169424,0.2947976878612717,4982.0,0.8898708361658736,0.9297900262467191,0.047941342357586014,0.06304222093695779,0.9347651545564031,0.6718185467683662,5017.0,0.9369577790630422,0.952058657642414,0.07020997375328084,0.11012916383412645,0.9347651545564031,0.6718185467683662,4982.0,0.9369577790630422,0.9297900262467191,0.07020997375328084,0.06304222093695779,0.9338249950169424,0.2947976878612717,5017.0,0.8898708361658736,0.952058657642414,0.047941342357586014,0.11012916383412645,None
