Accuracy,Selection rate,Count,tpr,tnr,fpr,fnr,generation
0.9275,0.4747,10000.0,0.91107931316435,0.9432263116679718,0.05677368833202819,0.08892068683565003,None
