difference_Accuracy,difference_Selection rate,difference_Count,difference_tpr,difference_tnr,difference_fpr,difference_fnr,ratio_Accuracy,ratio_Selection rate,ratio_Count,ratio_tpr,ratio_tnr,ratio_fpr,ratio_fnr,group_min_Accuracy,group_min_Selection rate,group_min_Count,group_min_tpr,group_min_tnr,group_min_fpr,group_min_fnr,group_max_Accuracy,group_max_Selection rate,group_max_Count,group_max_tpr,group_max_tnr,group_max_fpr,group_max_fnr,generation
0.0028633805891332686,0.37058980168020356,46.0,0.044602351407315055,0.022087385708462026,0.022087385708461936,0.04460235140731497,0.996918860175832,0.4405746305846609,0.9908421262193908,0.9518535547151564,0.9767185251971071,0.6989860708758284,0.6226952250137018,0.9264617239300783,0.2918574557037627,4977.0,0.881786941580756,0.9266233766233766,0.05128923766816144,0.07361070701192901,0.9293251045192116,0.6624472573839663,5023.0,0.926389292988071,0.9487107623318386,0.07337662337662337,0.11821305841924398,None
