difference_Accuracy,difference_Selection rate,difference_Count,difference_tpr,difference_tnr,difference_fpr,difference_fnr,ratio_Accuracy,ratio_Selection rate,ratio_Count,ratio_tpr,ratio_tnr,ratio_fpr,ratio_fnr,group_min_Accuracy,group_min_Selection rate,group_min_Count,group_min_tpr,group_min_tnr,group_min_fpr,group_min_fnr,group_max_Accuracy,group_max_Selection rate,group_max_Count,group_max_tpr,group_max_tnr,group_max_fpr,group_max_fnr,generation
0.0033446298642423322,0.38103951182598994,35.0,0.051713894892541634,0.026015783560049854,0.026015783560049924,0.05171389489254172,0.9964288585547245,0.4366947038821715,0.9930237193541958,0.9450778106454518,0.9726498759253078,0.6522100513551221,0.5304250655127848,0.9332270281044449,0.29539565477376917,4982.0,0.8898708361658736,0.9251968503937008,0.048787366046249295,0.05841526894158473,0.9365716579686872,0.6764351665997591,5017.0,0.9415847310584152,0.9512126339537507,0.07480314960629922,0.11012916383412645,None
