Accuracy,Selection rate,Count,tpr,tnr,fpr,fnr,generation
0.9279,0.4763,10000.0,0.9131234668847097,0.9420516836335161,0.05794831636648395,0.08687653311529027,None
