Accuracy,Selection rate,Count,tpr,tnr,fpr,fnr,generation
0.9348934893489349,0.48524852485248526,9999.0,0.9261513491580442,0.9433925049309665,0.05660749506903353,0.07384865084195577,None
