difference_Accuracy,difference_Selection rate,difference_Count,difference_tpr,difference_tnr,difference_fpr,difference_fnr,ratio_Accuracy,ratio_Selection rate,ratio_Count,ratio_tpr,ratio_tnr,ratio_fpr,ratio_fnr,group_min_Accuracy,group_min_Selection rate,group_min_Count,group_min_tpr,group_min_tnr,group_min_fpr,group_min_fnr,group_max_Accuracy,group_max_Selection rate,group_max_Count,group_max_tpr,group_max_tnr,group_max_fpr,group_max_fnr,generation
0.003832373382926746,0.3742835579423377,35.0,0.02518618095204017,0.02929107211852322,0.029291072118523262,0.0251861809520402,0.995923888644871,0.44913421398265096,0.9930237193541958,0.9733086687918618,0.9691425603885077,0.6341016892735292,0.6912593984962405,0.9363709353673224,0.30516244767789513,4982.0,0.9184228416043508,0.9199475065616798,0.050761421319796954,0.05639097744360902,0.9402033087502492,0.6794460056202328,5017.0,0.943609022556391,0.949238578680203,0.08005249343832022,0.08157715839564922,None
