difference_Accuracy,difference_Selection rate,difference_Count,difference_tpr,difference_tnr,difference_fpr,difference_fnr,ratio_Accuracy,ratio_Selection rate,ratio_Count,ratio_tpr,ratio_tnr,ratio_fpr,ratio_fnr,group_min_Accuracy,group_min_Selection rate,group_min_Count,group_min_tpr,group_min_tnr,group_min_fpr,group_min_fnr,group_max_Accuracy,group_max_Selection rate,group_max_Count,group_max_tpr,group_max_tnr,group_max_fpr,group_max_fnr,generation
0.008428538347871384,0.3618650570646075,46.0,0.015104077619037648,0.02242880437947703,0.022428804379477023,0.01510407761903762,0.9909941399444038,0.45687503347088315,0.9908421262193908,0.9837569728483628,0.9762534201703341,0.7121636771300449,0.8227707021314538,0.9274663451878642,0.30439976109894484,4977.0,0.9147766323024055,0.922077922077922,0.0554932735426009,0.07011929007855688,0.9358948835357356,0.6662648181635523,5023.0,0.9298807099214431,0.9445067264573991,0.07792207792207792,0.0852233676975945,None
