Accuracy,Selection rate,Count,tpr,tnr,fpr,fnr,generation
0.9382938293829383,0.49164916491649163,9999.0,0.9360925136944613,0.9404339250493097,0.059566074950690336,0.06390748630553865,None
