Accuracy,Selection rate,Count,tpr,tnr,fpr,fnr,generation
0.9317,0.4845,10000.0,0.9253883892068684,0.937744714173845,0.06225528582615505,0.07461161079313164,None
