Accuracy,Selection rate,Count,tpr,tnr,fpr,fnr,generation
0.8756530424093424,0.6482022126613399,26032.0,0.925597653080332,0.7957247028268905,0.20427529717310958,0.07440234691966793,None
0.8795712968653965,0.6528119237861094,26032.0,0.9325260595468448,0.794825691739087,0.20517430826091299,0.06747394045315523,None
0.8584818684695759,0.6258066994468346,26032.0,0.8918868511035126,0.8044636573841359,0.19553634261586408,0.1081131488964874,None
0.8597879532882606,0.6125921942224954,26032.0,0.8822505439850793,0.8234643611139036,0.1765356388860963,0.11774945601492073,None
