Accuracy,Selection rate,Count,tpr,tnr,fpr,fnr,generation
1.0,0.45809842331581463,20930.0,1.0,1.0,0.0,0.0,None
1.0,0.45809842331581463,20930.0,1.0,1.0,0.0,0.0,None
1.0,0.45532728141423795,20930.0,1.0,1.0,0.0,0.0,None
1.0,0.45532728141423795,20930.0,1.0,1.0,0.0,0.0,None
