Accuracy,Selection rate,Count,tpr,tnr,fpr,fnr,generation
0.8608251382913338,0.6843884449907806,26032.0,0.9429498782847513,0.7293976625711717,0.2706023374288283,0.05705012171524874,None
0.5078365089121082,0.5015749846342963,26032.0,0.507646214343674,0.5081410448506642,0.49185895514933575,0.4923537856563261,None
0.870620774431469,0.598839889366933,26032.0,0.8814056550777105,0.8533613025671761,0.1466386974328239,0.1185943449222895,None
0.8751920712968654,0.6229640442532268,26032.0,0.9029832193909261,0.8302152484409575,0.16978475155904243,0.09701678060907395,None
0.6965273509526736,0.4230946527350953,26032.0,0.5967681789931635,0.8579762623214645,0.14202373767853552,0.4032318210068365,None
0.8849877074370006,0.6166256914566687,26032.0,0.9057799875699192,0.8513377590022129,0.14866224099778716,0.0942200124300808,None
