Accuracy,Selection rate,Count,tpr,tnr,fpr,fnr,generation
0.8870520783564262,0.6659818442427138,20930.0,0.9566074950690335,0.7802543912780133,0.21974560872198667,0.04339250493096647,None
0.6981844242713808,0.5419015766841854,20930.0,0.6982248520710059,0.698122350090854,0.30187764990914595,0.30177514792899407,None
0.8978021978021978,0.6008600095556618,20930.0,0.9117159763313609,0.8764385221078135,0.12356147789218655,0.08828402366863905,None
0.8980410893454371,0.6164357381748686,20930.0,0.9241373877422404,0.8578193297717338,0.14218067022826614,0.07586261225775957,None
0.7435738174868609,0.43387482083134254,20930.0,0.6462895856310068,0.8935162700339971,0.10648372996600292,0.3537104143689932,None
0.9009555661729575,0.6161012900143334,20930.0,0.9262643768709626,0.861947547353084,0.13805245264691599,0.07373562312903734,None
