difference_Accuracy,difference_Selection rate,difference_Count,difference_tpr,difference_tnr,difference_fpr,difference_fnr,ratio_Accuracy,ratio_Selection rate,ratio_Count,ratio_tpr,ratio_tnr,ratio_fpr,ratio_fnr,group_min_Accuracy,group_min_Selection rate,group_min_Count,group_min_tpr,group_min_tnr,group_min_fpr,group_min_fnr,group_max_Accuracy,group_max_Selection rate,group_max_Count,group_max_tpr,group_max_tnr,group_max_fpr,group_max_fnr,generation
0.015674691676475838,0.37280880863439075,46.0,0.009003296449492937,0.062352949740842156,0.0623529497408421,0.009003296449492937,0.9832266773986071,0.4576236654272544,0.9908421262193908,0.9904108057338372,0.933410558313282,0.5050332855623874,0.8715706241763508,0.9188266023709062,0.31455305594266375,4977.0,0.9298969072164949,0.874025974025974,0.06362107623318386,0.06109979633401222,0.934501294047382,0.6873618645770545,5023.0,0.9389002036659878,0.9363789237668162,0.12597402597402596,0.07010309278350516,None
