Accuracy,Selection rate,Count,tpr,tnr,fpr,fnr,generation
0.9267,0.5001,10000.0,0.9362224039247752,0.9175802662490211,0.08241973375097886,0.06377759607522486,None
