difference_Accuracy,difference_Selection rate,difference_Count,difference_tpr,difference_tnr,difference_fpr,difference_fnr,ratio_Accuracy,ratio_Selection rate,ratio_Count,ratio_tpr,ratio_tnr,ratio_fpr,ratio_fnr,group_min_Accuracy,group_min_Selection rate,group_min_Count,group_min_tpr,group_min_tnr,group_min_fpr,group_min_fnr,group_max_Accuracy,group_max_Selection rate,group_max_Count,group_max_tpr,group_max_tnr,group_max_fpr,group_max_fnr,generation
0.015679207755053937,0.38261820688822995,35.0,0.008521014925537473,0.07669171429713428,0.07669171429713417,0.008521014925537446,0.9833129857218699,0.455525876401839,0.9930237193541958,0.9910438694186904,0.9182600484227117,0.4460750114273342,0.8507807981492193,0.9239261340826977,0.32011162049033287,4982.0,0.9428959891230455,0.8615485564304461,0.06175972927241963,0.048582995951417005,0.9396053418377517,0.7027298273785628,5017.0,0.951417004048583,0.9382402707275804,0.1384514435695538,0.05710401087695445,None
