Accuracy,Selection rate,Count,tpr,tnr,fpr,fnr,generation
0.9317931793179318,0.5107510751075107,9999.0,0.9488740109555691,0.9151873767258383,0.08481262327416174,0.05112598904443092,None
