Accuracy,Selection rate,Count,tpr,tnr,fpr,fnr,generation
0.8935021500238891,0.6140468227424749,20930.0,0.9190532544378698,0.8542701393095093,0.1457298606904906,0.08094674556213018,None
0.9082178690874343,0.621213569039656,20930.0,0.937120315581854,0.8638400969109631,0.13615990308903694,0.06287968441814595,None
0.7661251791686574,0.42752030578117534,20930.0,0.6600331674958541,0.9286319100036289,0.07136808999637112,0.33996683250414594,None
0.7401337792642141,0.5383659818442427,20930.0,0.7301587301587301,0.7554130881819281,0.24458691181807185,0.2698412698412698,None
0.899617773530817,0.6049689440993788,20930.0,0.9170022901366185,0.8729889923793396,0.12701100762066045,0.08299770986338151,None
