Accuracy,Selection rate,Count,tpr,tnr,fpr,fnr,generation
0.8664720344191764,0.6145897357098955,26032.0,0.8908307845952188,0.8274897612626111,0.17251023873738888,0.10916921540478122,None
0.8864858635525507,0.6259219422249539,26032.0,0.9162973597153736,0.8387773449205873,0.16122265507941264,0.08370264028462643,None
0.6262676705593117,0.3338583282114321,26032.0,0.4676675803638176,0.8813627254509018,0.1186372745490982,0.5323324196361824,None
0.6029886293792256,0.47253380454824834,26032.0,0.5612384749563917,0.6701402805611223,0.32985971943887776,0.43876152504360827,None
0.8806468961278426,0.614820221266134,26032.0,0.9017567904310989,0.8466933867735471,0.1533066132264529,0.09824320956890108,None
