difference_Accuracy,difference_Selection rate,difference_Count,difference_tpr,difference_tnr,difference_fpr,difference_fnr,ratio_Accuracy,ratio_Selection rate,ratio_Count,ratio_tpr,ratio_tnr,ratio_fpr,ratio_fnr,group_min_Accuracy,group_min_Selection rate,group_min_Count,group_min_tpr,group_min_tnr,group_min_fpr,group_min_fnr,group_max_Accuracy,group_max_Selection rate,group_max_Count,group_max_tpr,group_max_tnr,group_max_fpr,group_max_fnr,generation
0.003234406470429274,0.3732869464215085,35.0,0.024506371298743113,0.02816304053363894,0.028163040533638883,0.024506371298743126,0.9965576968048062,0.45060101415894965,0.9930237193541958,0.9740291045200571,0.9702956151896837,0.648192837924052,0.6970683010046123,0.9363709353673224,0.3061590591987243,4982.0,0.9191026512576479,0.9199475065616798,0.05188945290468133,0.05639097744360902,0.9396053418377517,0.6794460056202328,5017.0,0.943609022556391,0.9481105470953187,0.08005249343832022,0.08089734874235215,None
