difference_Accuracy,difference_Selection rate,difference_Count,difference_tpr,difference_tnr,difference_fpr,difference_fnr,ratio_Accuracy,ratio_Selection rate,ratio_Count,ratio_tpr,ratio_tnr,ratio_fpr,ratio_fnr,group_min_Accuracy,group_min_Selection rate,group_min_Count,group_min_tpr,group_min_tnr,group_min_fpr,group_min_fnr,group_max_Accuracy,group_max_Selection rate,group_max_Count,group_max_tpr,group_max_tnr,group_max_fpr,group_max_fnr,generation
0.010227656417209685,0.3620641412772294,46.0,0.01314760435007356,0.024568312853066154,0.024568312853066217,0.013147604350073533,0.9890834003009681,0.4565762270395745,0.9908421262193908,0.9858521239351274,0.9740113429410792,0.6898753951334264,0.8431986530380574,0.9266626481816356,0.3042006768863229,4977.0,0.9161512027491409,0.9207792207792208,0.054652466367713,0.07070119290078557,0.9368903045988453,0.6662648181635523,5023.0,0.9292988070992144,0.945347533632287,0.07922077922077922,0.0838487972508591,None
