Accuracy,Selection rate,Count,tpr,tnr,fpr,fnr,generation
0.937993799379938,0.49214921492149216,9999.0,0.9362953946033679,0.9396449704142011,0.06035502958579882,0.06370460539663218,None
