Accuracy,Selection rate,Count,tpr,tnr,fpr,fnr,generation
0.9318,0.4844,10000.0,0.9253883892068684,0.9379404855129209,0.06205951448707909,0.07461161079313164,None
