Accuracy,Selection rate,Count,tpr,tnr,fpr,fnr,generation
0.8187556357078449,0.5153792205189861,19962.0,0.8369367548999798,0.8008744038155803,0.19912559618441972,0.1630632451000202,None
0.8207093477607454,0.5168319807634506,19962.0,0.8403717922812689,0.8013712241653418,0.19862877583465818,0.15962820771873107,None
0.8207093477607454,0.5168319807634506,19962.0,0.8403717922812689,0.8013712241653418,0.19862877583465818,0.15962820771873107,None
0.8207093477607454,0.5168319807634506,19962.0,0.8403717922812689,0.8013712241653418,0.19862877583465818,0.15962820771873107,None
