Accuracy,Selection rate,Count,tpr,tnr,fpr,fnr,generation
0.9773569782586915,0.3816751828474101,19962.0,0.9644847699287104,0.9854658283661305,0.01453417163386952,0.0355152300712897,None
0.977807834886284,0.38152489730487926,19962.0,0.9648736228127025,0.9859557442639013,0.014044255736098637,0.03512637718729747,None
0.977807834886284,0.38152489730487926,19962.0,0.9648736228127025,0.9859557442639013,0.014044255736098637,0.03512637718729747,None
0.977807834886284,0.38152489730487926,19962.0,0.9648736228127025,0.9859557442639013,0.014044255736098637,0.03512637718729747,None
