Accuracy,Selection rate,Count,tpr,tnr,fpr,fnr,generation
0.9827855237328232,0.4236170534051442,19867.0,0.9772995980137148,0.9868524848803576,0.013147515119642388,0.022700401986285174,None
0.9832888709920975,0.4235163839532894,19867.0,0.9777725230550958,0.9873783854851433,0.012621614514856692,0.022227476944904234,None
0.9832888709920975,0.4235163839532894,19867.0,0.9777725230550958,0.9873783854851433,0.012621614514856692,0.022227476944904234,None
0.9832888709920975,0.4235163839532894,19867.0,0.9777725230550958,0.9873783854851433,0.012621614514856692,0.022227476944904234,None
