Accuracy,Selection rate,Count,tpr,tnr,fpr,fnr,generation
0.8113454472240399,0.5308300196305431,19867.0,0.8289779326364692,0.7922391190351337,0.20776088096486628,0.1710220673635308,None
0.8110434388684754,0.5310313585342528,19867.0,0.8288811459543167,0.7917147351861563,0.20828526481384374,0.1711188540456833,None
0.8110434388684754,0.5310313585342528,19867.0,0.8288811459543167,0.7917147351861563,0.20828526481384374,0.1711188540456833,None
0.8110434388684754,0.5310313585342528,19867.0,0.8288811459543167,0.7917147351861563,0.20828526481384374,0.1711188540456833,None
