Accuracy,Selection rate,Count,tpr,tnr,fpr,fnr,generation
0.9388938893889389,0.49404940494049404,9999.0,0.9391357273280584,0.9386587771203155,0.061341222879684416,0.06086427267194157,None
