difference_Accuracy,difference_Selection rate,difference_Count,difference_tpr,difference_tnr,difference_fpr,difference_fnr,ratio_Accuracy,ratio_Selection rate,ratio_Count,ratio_tpr,ratio_tnr,ratio_fpr,ratio_fnr,group_min_Accuracy,group_min_Selection rate,group_min_Count,group_min_tpr,group_min_tnr,group_min_fpr,group_min_fnr,group_max_Accuracy,group_max_Selection rate,group_max_Count,group_max_tpr,group_max_tnr,group_max_fpr,group_max_fnr,generation
0.007028531735575605,0.3682996879257654,35.0,0.011113059540552417,0.027691176927757133,0.02769117692775712,0.011113059540552472,0.9925418477755112,0.45746036509575305,0.9930237193541958,0.98820835842552,0.9707585129881398,0.6568995639194971,0.8381454397608645,0.9353673223604978,0.3105441498903727,4982.0,0.9313392250169953,0.9192913385826772,0.05301748448956571,0.05754771544245228,0.9423958540960734,0.6788438378161381,5017.0,0.9424522845575477,0.9469825155104343,0.08070866141732283,0.06866077498300475,None
