difference_Accuracy,difference_Selection rate,difference_Count,difference_tpr,difference_tnr,difference_fpr,difference_fnr,ratio_Accuracy,ratio_Selection rate,ratio_Count,ratio_tpr,ratio_tnr,ratio_fpr,ratio_fnr,group_min_Accuracy,group_min_Selection rate,group_min_Count,group_min_tpr,group_min_tnr,group_min_fpr,group_min_fnr,group_max_Accuracy,group_max_Selection rate,group_max_Count,group_max_tpr,group_max_tnr,group_max_fpr,group_max_fnr,generation
0.006640460512144397,0.36008065930675087,46.0,0.014707743806784301,0.021013627627977427,0.0210136276279774,0.014707743806784274,0.992888052632729,0.46020438512960865,0.9908421262193908,0.9841881402990561,0.9776722384226851,0.7369025483976813,0.8260181525295032,0.9270644966847499,0.30698785586303007,4977.0,0.9154639175257732,0.9201298701298701,0.05885650224215247,0.06982833866744254,0.9337049571968943,0.6670685151697809,5023.0,0.9301716613325575,0.9411434977578476,0.07987012987012987,0.08453608247422681,None
