Accuracy,Selection rate,Count,tpr,tnr,fpr,fnr,generation
0.9304,0.4862,10000.0,0.9257972199509403,0.9348081440877055,0.06519185591229444,0.07420278004905968,None
