Accuracy,Selection rate,Count,tpr,tnr,fpr,fnr,generation
0.9254,0.5016,10000.0,0.9364268192968112,0.9148394675019577,0.08516053249804229,0.06357318070318888,None
