difference_Accuracy,difference_Selection rate,difference_Count,difference_tpr,difference_tnr,difference_fpr,difference_fnr,ratio_Accuracy,ratio_Selection rate,ratio_Count,ratio_tpr,ratio_tnr,ratio_fpr,ratio_fnr,group_min_Accuracy,group_min_Selection rate,group_min_Count,group_min_tpr,group_min_tnr,group_min_fpr,group_min_fnr,group_max_Accuracy,group_max_Selection rate,group_max_Count,group_max_tpr,group_max_tnr,group_max_fpr,group_max_fnr,generation
0.015467282776096436,0.3812047468954811,35.0,0.007262836272818651,0.07144792180165305,0.07144792180165296,0.0072628362728187415,0.9835664214977391,0.4555154675936678,0.9930237193541958,0.9923616521194017,0.9240088990076,0.4555668358714044,0.8712815402732967,0.9257326374949819,0.31891568666533787,4982.0,0.9435757987763427,0.868766404199475,0.05978567399887197,0.049161364950838636,0.9411999202710783,0.700120433560819,5017.0,0.9508386350491613,0.9402143260011281,0.13123359580052493,0.05642420122365738,None
