Accuracy,Selection rate,Count,tpr,tnr,fpr,fnr,generation
0.9334933493349334,0.5088508850885088,9999.0,0.9486711300466626,0.9187376725838264,0.08126232741617356,0.051328869953337394,None
