difference_Accuracy,difference_Selection rate,difference_Count,difference_tpr,difference_tnr,difference_fpr,difference_fnr,ratio_Accuracy,ratio_Selection rate,ratio_Count,ratio_tpr,ratio_tnr,ratio_fpr,ratio_fnr,group_min_Accuracy,group_min_Selection rate,group_min_Count,group_min_tpr,group_min_tnr,group_min_fpr,group_min_fnr,group_max_Accuracy,group_max_Selection rate,group_max_Count,group_max_tpr,group_max_tnr,group_max_fpr,group_max_fnr,generation
0.017086681554181693,0.3746226470152108,46.0,0.009294247860607285,0.06865499970881128,0.06865499970881135,0.009294247860607278,0.9817040286832968,0.4568899172168062,0.9908421262193908,0.9901039870207846,0.9266144281123312,0.4842502460899049,0.8674202878707491,0.9168173598553345,0.31515030858052956,4977.0,0.9298969072164949,0.8668831168831169,0.06446188340807175,0.06080884492289788,0.9339040414095162,0.6897729555957404,5023.0,0.9391911550771022,0.9355381165919282,0.1331168831168831,0.07010309278350516,None
