Accuracy,Selection rate,Count,tpr,tnr,fpr,fnr,generation
0.8824175824175824,0.6049689440993788,20930.0,0.9024063116370808,0.8517262265293761,0.14827377347062387,0.09759368836291914,None
0.7505494505494505,0.4487338748208313,20930.0,0.6645364891518738,0.8826165960024228,0.11738340399757723,0.33546351084812626,None
0.8974199713330148,0.6015766841853798,20930.0,0.9107283309737297,0.8768257059396299,0.12317429406037,0.08927166902627025,None
0.8934065934065935,0.6367892976588628,20930.0,0.9399032743994291,0.8228928700252495,0.1771071299747505,0.06009672560057084,None
0.880315336837076,0.6183468705207835,20930.0,0.9137397922778087,0.8296260670914993,0.17037393290850067,0.0862602077221914,None
