Accuracy,Selection rate,Count,tpr,tnr,fpr,fnr,generation
1.0,0.49842501536570377,26032.0,1.0,1.0,0.0,0.0,None
1.0,0.49842501536570377,26032.0,1.0,1.0,0.0,0.0,None
1.0,0.49950061462815,26032.0,1.0,1.0,0.0,0.0,None
1.0,0.5000384142593731,26032.0,1.0,1.0,0.0,0.0,None
1.0,0.5000384142593731,26032.0,1.0,1.0,0.0,0.0,None
