Accuracy,Selection rate,Count,tpr,tnr,fpr,fnr,generation
0.8550245851259988,0.5958435771358328,26032.0,0.8663004806191873,0.8369793227449805,0.16302067725501948,0.13369951938081268,None
0.608981253841426,0.3721573448063921,26032.0,0.4846763622745147,0.8079112975726701,0.19208870242732995,0.5153236377254853,None
0.8806084818684696,0.5980331899200984,26032.0,0.8881136307002243,0.8685370741482966,0.1314629258517034,0.11188636929977573,None
0.8774969268592502,0.6377151198524893,26032.0,0.9165734873897379,0.8141735453996376,0.1858264546003624,0.08342651261026214,None
0.8607098955132145,0.6203134603564844,26032.0,0.8889303019008572,0.8149788604791625,0.18502113952083754,0.11106969809914274,None
