difference_Accuracy,difference_Selection rate,difference_Count,difference_tpr,difference_tnr,difference_fpr,difference_fnr,ratio_Accuracy,ratio_Selection rate,ratio_Count,ratio_tpr,ratio_tnr,ratio_fpr,ratio_fnr,group_min_Accuracy,group_min_Selection rate,group_min_Count,group_min_tpr,group_min_tnr,group_min_fpr,group_min_fnr,group_max_Accuracy,group_max_Selection rate,group_max_Count,group_max_tpr,group_max_tnr,group_max_fpr,group_max_fnr,group_0_Accuracy,group_0_Selection rate,group_0_Count,group_0_tpr,group_0_tnr,group_0_fpr,group_0_fnr,group_1_Accuracy,group_1_Selection rate,group_1_Count,group_1_tpr,group_1_tnr,group_1_fpr,group_1_fnr,generation
0.0016799155470129667,0.37378250923789547,46.0,0.05255882267661305,0.02533413895521519,0.025334138955215184,0.05255882267661301,0.9981876684294145,0.4364387917367447,0.9908421262193908,0.9432470394157967,0.9732962458516373,0.6693680170251578,0.5843853967691743,0.9252561784207354,0.2894684451522994,4977.0,0.8735395189003436,0.9233766233766234,0.05128923766816144,0.07390165842304335,0.9269360939677483,0.6632509543901949,5023.0,0.9260983415769567,0.9487107623318386,0.07662337662337662,0.12646048109965635,0.9252561784207354,0.6632509543901949,4977.0,0.9260983415769567,0.9233766233766234,0.07662337662337662,0.07390165842304335,0.9269360939677483,0.2894684451522994,5023.0,0.8735395189003436,0.9487107623318386,0.05128923766816144,0.12646048109965635,None
