difference_Accuracy,difference_Selection rate,difference_Count,difference_tpr,difference_tnr,difference_fpr,difference_fnr,ratio_Accuracy,ratio_Selection rate,ratio_Count,ratio_tpr,ratio_tnr,ratio_fpr,ratio_fnr,group_min_Accuracy,group_min_Selection rate,group_min_Count,group_min_tpr,group_min_tnr,group_min_fpr,group_min_fnr,group_max_Accuracy,group_max_Selection rate,group_max_Count,group_max_tpr,group_max_tnr,group_max_fpr,group_max_fnr,group_0_Accuracy,group_0_Selection rate,group_0_Count,group_0_tpr,group_0_tnr,group_0_fpr,group_0_fnr,group_1_Accuracy,group_1_Selection rate,group_1_Count,group_1_tpr,group_1_tnr,group_1_fpr,group_1_fnr,generation
0.002745262654545888,0.3796372542108338,35.0,0.04948672208681515,0.02470344760204468,0.024703447602044667,0.049486722086815114,0.9970681889507079,0.43793378886229606,0.9930237193541958,0.9473946864505973,0.9740295211393861,0.663856659415035,0.5450314488143435,0.9336256727127765,0.29579429938210083,4982.0,0.8912304554724677,0.926509186351706,0.048787366046249295,0.05928282244071718,0.9363709353673224,0.6754315535929346,5017.0,0.9407171775592829,0.9512126339537507,0.07349081364829396,0.10876954452753229,0.9363709353673224,0.6754315535929346,4982.0,0.9407171775592829,0.926509186351706,0.07349081364829396,0.05928282244071718,0.9336256727127765,0.29579429938210083,5017.0,0.8912304554724677,0.9512126339537507,0.048787366046249295,0.10876954452753229,None
