Accuracy,Selection rate,Count,tpr,tnr,fpr,fnr,generation
0.934993499349935,0.48494849484948493,9999.0,0.9259484682491378,0.9437869822485208,0.05621301775147929,0.07405153175086224,None
