Accuracy,Selection rate,Count,tpr,tnr,fpr,fnr,generation
0.9261,0.4755,10000.0,0.9104660670482421,0.9410728269381362,0.05892717306186374,0.08953393295175797,None
