generation,epoch,gen_loss
0,0,86615.00441005119
0,0,67211.54061926957
0,0,52065.286630644485
0,0,52623.49499183412
0,0,30223.763880797294
0,10,5508.86794499255
0,20,5438.4839834199265
0,0,30872.473651913966
0,10,5426.9521054592
0,20,5312.484175628439
0,0,30869.56473606548
0,10,5663.271436024412
0,20,5153.07629245301
