Accuracy,Selection rate,Count,tpr,tnr,fpr,fnr,generation
0.9287,0.4983,10000.0,0.9364268192968112,0.9212999216914644,0.07870007830853563,0.06357318070318888,None
