Accuracy,Selection rate,Count,tpr,tnr,fpr,fnr,generation
0.9376937693769377,0.5084508450845084,9999.0,0.9525258673158856,0.9232741617357002,0.07672583826429981,0.04747413268411443,None
