difference_Accuracy,difference_Selection rate,difference_Count,difference_tpr,difference_tnr,difference_fpr,difference_fnr,ratio_Accuracy,ratio_Selection rate,ratio_Count,ratio_tpr,ratio_tnr,ratio_fpr,ratio_fnr,group_min_Accuracy,group_min_Selection rate,group_min_Count,group_min_tpr,group_min_tnr,group_min_fpr,group_min_fnr,group_max_Accuracy,group_max_Selection rate,group_max_Count,group_max_tpr,group_max_tnr,group_max_fpr,group_max_fnr,generation
0.017656333608019215,0.36799214671382446,46.0,0.0004901181502688923,0.055593005649059446,0.05559300564905946,0.0004901181502689061,0.981166327518989,0.46132443700155756,0.9908421262193908,0.9994766896295514,0.9407362282175548,0.5269987364665659,0.9923320224877284,0.919831223628692,0.31515030858052956,4977.0,0.9360824742268041,0.8824675324675325,0.06193946188340807,0.06342740762292697,0.9374875572367112,0.683142455294354,5023.0,0.936572592377073,0.938060538116592,0.11753246753246753,0.06391752577319587,None
