difference_Accuracy,difference_Selection rate,difference_Count,difference_tpr,difference_tnr,difference_fpr,difference_fnr,ratio_Accuracy,ratio_Selection rate,ratio_Count,ratio_tpr,ratio_tnr,ratio_fpr,ratio_fnr,group_min_Accuracy,group_min_Selection rate,group_min_Count,group_min_tpr,group_min_tnr,group_min_fpr,group_min_fnr,group_max_Accuracy,group_max_Selection rate,group_max_Count,group_max_tpr,group_max_tnr,group_max_fpr,group_max_fnr,generation
0.010637337668546798,0.3800018115844907,35.0,0.007912371002284813,0.06010876178548741,0.06010876178548748,0.007912371002284778,0.9887196104242022,0.4564544859850897,0.9930237193541958,0.9917138161944576,0.9361456952392635,0.49389086761832646,0.8507807981492191,0.9323564833400241,0.3191150089695037,4982.0,0.946974847042828,0.881233595800525,0.05865764241398759,0.045112781954887216,0.9429938210085709,0.6991168205539944,5017.0,0.9548872180451128,0.9413423575860124,0.11876640419947507,0.05302515295717199,None
