difference_Accuracy,difference_Selection rate,difference_Count,difference_tpr,difference_tnr,difference_fpr,difference_fnr,ratio_Accuracy,ratio_Selection rate,ratio_Count,ratio_tpr,ratio_tnr,ratio_fpr,ratio_fnr,group_min_Accuracy,group_min_Selection rate,group_min_Count,group_min_tpr,group_min_tnr,group_min_fpr,group_min_fnr,group_max_Accuracy,group_max_Selection rate,group_max_Count,group_max_tpr,group_max_tnr,group_max_fpr,group_max_fnr,generation
0.006321861751938274,0.3836096973221596,35.0,0.06591873188173603,0.024611295415484236,0.02461129541548423,0.06591873188173591,0.9932369518470783,0.4303596089242923,0.9930237193541958,0.9297327451149682,0.9741417322834646,0.6620935656468652,0.4842209861806726,0.9284432928044648,0.2898146302571258,4982.0,0.8721957851801495,0.9271653543307087,0.048223350253807105,0.061885482938114515,0.9347651545564031,0.6734243275792854,5017.0,0.9381145170618855,0.9517766497461929,0.07283464566929133,0.12780421481985044,None
