Accuracy,Selection rate,Count,tpr,tnr,fpr,fnr,generation
0.9219,0.4697,10000.0,0.9002452984464432,0.9426389976507439,0.05736100234925607,0.09975470155355683,None
