difference_Accuracy,difference_Selection rate,difference_Count,difference_tpr,difference_tnr,difference_fpr,difference_fnr,ratio_Accuracy,ratio_Selection rate,ratio_Count,ratio_tpr,ratio_tnr,ratio_fpr,ratio_fnr,group_min_Accuracy,group_min_Selection rate,group_min_Count,group_min_tpr,group_min_tnr,group_min_fpr,group_min_fnr,group_max_Accuracy,group_max_Selection rate,group_max_Count,group_max_tpr,group_max_tnr,group_max_fpr,group_max_fnr,generation
0.007081629847287552,0.3785292496789232,46.0,0.07909719076914157,0.019209714052763394,0.019209714052763373,0.07909719076914155,0.9923479653169887,0.4263276261717415,0.9908421262193908,0.91437573396109,0.9797457861287648,0.7285967005389394,0.4907680859774294,0.918375472825005,0.2813059924347999,4977.0,0.8446735395189003,0.9292207792207792,0.0515695067264574,0.0762292697119581,0.9254571026722925,0.6598352421137231,5023.0,0.9237707302880419,0.9484304932735426,0.07077922077922078,0.15532646048109966,None
