Accuracy,Selection rate,Count,tpr,tnr,fpr,fnr,generation
0.9315931593159316,0.480948094809481,9999.0,0.9184418746195983,0.9443786982248521,0.05562130177514793,0.0815581253804017,None
