difference_Accuracy,difference_Selection rate,difference_Count,difference_tpr,difference_tnr,difference_fpr,difference_fnr,ratio_Accuracy,ratio_Selection rate,ratio_Count,ratio_tpr,ratio_tnr,ratio_fpr,ratio_fnr,group_min_Accuracy,group_min_Selection rate,group_min_Count,group_min_tpr,group_min_tnr,group_min_fpr,group_min_fnr,group_max_Accuracy,group_max_Selection rate,group_max_Count,group_max_tpr,group_max_tnr,group_max_fpr,group_max_fnr,generation
0.019674776318266862,0.3700216296576836,46.0,0.0006988832864911476,0.06503916487100347,0.06503916487100342,0.0006988832864911476,0.9789909860870207,0.46167855866521745,0.9908421262193908,0.9992550364968171,0.930500227535268,0.4966818396917323,0.9888276192759532,0.9168173598553345,0.3173402349193709,4977.0,0.9374454466104161,0.8707792207792208,0.06418161434977579,0.061855670103092786,0.9364921361736014,0.6873618645770545,5023.0,0.9381443298969072,0.9358183856502242,0.1292207792207792,0.06255455338958393,None
