difference_Accuracy,difference_Selection rate,difference_Count,difference_tpr,difference_tnr,difference_fpr,difference_fnr,ratio_Accuracy,ratio_Selection rate,ratio_Count,ratio_tpr,ratio_tnr,ratio_fpr,ratio_fnr,group_min_Accuracy,group_min_Selection rate,group_min_Count,group_min_tpr,group_min_tnr,group_min_fpr,group_min_fnr,group_max_Accuracy,group_max_Selection rate,group_max_Count,group_max_tpr,group_max_tnr,group_max_fpr,group_max_fnr,generation
0.014853912594409047,0.38302245268535795,35.0,0.005872942042393525,0.07341642573866092,0.07341642573866083,0.005872942042393546,0.9842448034913002,0.45557265070514885,0.9930237193541958,0.993849596128832,0.9219152232545617,0.44883432105557086,0.8848120300751879,0.927940586109996,0.32051026509866454,4982.0,0.9490142760027193,0.8667979002624672,0.05978567399887197,0.045112781954887216,0.942794498704405,0.7035327177840225,5017.0,0.9548872180451128,0.9402143260011281,0.1332020997375328,0.05098572399728076,None
