Accuracy,Selection rate,Count,tpr,tnr,fpr,fnr,generation
0.9267,0.5015,10000.0,0.937653311529027,0.9162098668754894,0.08379013312451057,0.062346688470973015,None
