Accuracy,Selection rate,Count,tpr,tnr,fpr,fnr,generation
0.9353935393539354,0.5113511351135114,9999.0,0.953134510042605,0.9181459566074951,0.08185404339250493,0.04686548995739501,None
