difference_Accuracy,difference_Selection rate,difference_Count,difference_tpr,difference_tnr,difference_fpr,difference_fnr,ratio_Accuracy,ratio_Selection rate,ratio_Count,ratio_tpr,ratio_tnr,ratio_fpr,ratio_fnr,group_min_Accuracy,group_min_Selection rate,group_min_Count,group_min_tpr,group_min_tnr,group_min_fpr,group_min_fnr,group_max_Accuracy,group_max_Selection rate,group_max_Count,group_max_tpr,group_max_tnr,group_max_fpr,group_max_fnr,generation
0.0054459552364127806,0.3593027228456154,46.0,0.013413359968885263,0.021457690291771025,0.02145769029177101,0.013413359968885194,0.9941598989853755,0.4629880926118235,0.9908421262193908,0.9856022116761216,0.9771323061645643,0.74183716367713,0.8359963129854794,0.9270644966847499,0.30977503483973723,4977.0,0.9182130584192439,0.9168831168831169,0.061659192825112105,0.06837358161187082,0.9325104519211627,0.6690777576853526,5023.0,0.9316264183881292,0.9383408071748879,0.08311688311688312,0.08178694158075601,None
