Accuracy,Selection rate,Count,tpr,tnr,fpr,fnr,generation
0.9298,0.4886,10000.0,0.9276369582992641,0.9318715740015662,0.06812842599843383,0.07236304170073589,None
