Accuracy,Selection rate,Count,tpr,tnr,fpr,fnr,generation
0.9374937493749375,0.49484948494849484,9999.0,0.938527084601339,0.9364891518737672,0.06351084812623274,0.06147291539866099,None
