difference_Accuracy,difference_Selection rate,difference_Count,difference_tpr,difference_tnr,difference_fpr,difference_fnr,ratio_Accuracy,ratio_Selection rate,ratio_Count,ratio_tpr,ratio_tnr,ratio_fpr,ratio_fnr,group_min_Accuracy,group_min_Selection rate,group_min_Count,group_min_tpr,group_min_tnr,group_min_fpr,group_min_fnr,group_max_Accuracy,group_max_Selection rate,group_max_Count,group_max_tpr,group_max_tnr,group_max_fpr,group_max_fnr,generation
0.008638513438092077,0.3695054238311539,35.0,0.011214500194427934,0.03303267294633849,0.03303267294633856,0.011214500194427927,0.9908276355727179,0.45680849173006527,0.9930237193541958,0.988093416741685,0.9650971816842323,0.618622775983182,0.8382693158234953,0.9331593737454837,0.3107434721945386,4982.0,0.9306594153636981,0.9133858267716536,0.05358150028200789,0.058126084441873914,0.9417978871835758,0.6802488960256925,5017.0,0.941873915558126,0.9464184997179921,0.08661417322834646,0.06934058463630184,None
