difference_Accuracy,difference_Selection rate,difference_Count,difference_tpr,difference_tnr,difference_fpr,difference_fnr,ratio_Accuracy,ratio_Selection rate,ratio_Count,ratio_tpr,ratio_tnr,ratio_fpr,ratio_fnr,group_min_Accuracy,group_min_Selection rate,group_min_Count,group_min_tpr,group_min_tnr,group_min_fpr,group_min_fnr,group_max_Accuracy,group_max_Selection rate,group_max_Count,group_max_tpr,group_max_tnr,group_max_fpr,group_max_fnr,generation
0.017851737742770712,0.37099313021463537,46.0,0.003319445652576025,0.058942402888591316,0.058942402888591226,0.003319445652576025,0.9809700172576534,0.45820633536436617,0.9908421262193908,0.9964612485397321,0.9372593993119052,0.5066777149541821,0.9491600692158093,0.9202330721318063,0.313756719092176,4977.0,0.9347079037800687,0.8805194805194805,0.06053811659192825,0.06197265056735525,0.938084809874577,0.6847498493068114,5023.0,0.9380273494326448,0.9394618834080718,0.11948051948051948,0.06529209621993128,None
