Accuracy,Selection rate,Count,tpr,tnr,fpr,fnr,generation
0.9380938093809381,0.5078507850785079,9999.0,0.9523229864069791,0.9242603550295858,0.0757396449704142,0.047677013593020894,None
