difference_Accuracy,difference_Selection rate,difference_Count,difference_tpr,difference_tnr,difference_fpr,difference_fnr,ratio_Accuracy,ratio_Selection rate,ratio_Count,ratio_tpr,ratio_tnr,ratio_fpr,ratio_fnr,group_min_Accuracy,group_min_Selection rate,group_min_Count,group_min_tpr,group_min_tnr,group_min_fpr,group_min_fnr,group_max_Accuracy,group_max_Selection rate,group_max_Count,group_max_tpr,group_max_tnr,group_max_fpr,group_max_fnr,generation
0.01063453707414852,0.3795975657873627,35.0,0.0076231865025739864,0.05870427364092179,0.058704273640921796,0.007623186502573959,0.9887273457635742,0.45640842979228485,0.9930237193541958,0.9920142444938198,0.9376750436135602,0.49738588186087185,0.8562345212142783,0.932757928542754,0.318716364361172,4982.0,0.946974847042828,0.8832020997375328,0.0580936266215454,0.045401966454598035,0.9433924656169025,0.6983139301485347,5017.0,0.954598033545402,0.9419063733784546,0.1167979002624672,0.05302515295717199,None
