Accuracy,Selection rate,Count,tpr,tnr,fpr,fnr,generation
0.9292,0.4984,10000.0,0.9370400654129191,0.9216914643696162,0.07830853563038372,0.06295993458708095,None
