Accuracy,Selection rate,Count,tpr,tnr,fpr,fnr,generation
0.9301,0.4855,10000.0,0.9247751430907605,0.9351996867658575,0.06480031323414252,0.07522485690923958,None
