Accuracy,Selection rate,Count,tpr,tnr,fpr,fnr,generation
0.9381938193819382,0.49394939493949397,9999.0,0.9383242036924325,0.9380670611439842,0.06193293885601578,0.061675796307567456,None
