difference_Accuracy,difference_Selection rate,difference_Count,difference_tpr,difference_tnr,difference_fpr,difference_fnr,ratio_Accuracy,ratio_Selection rate,ratio_Count,ratio_tpr,ratio_tnr,ratio_fpr,ratio_fnr,group_min_Accuracy,group_min_Selection rate,group_min_Count,group_min_tpr,group_min_tnr,group_min_fpr,group_min_fnr,group_max_Accuracy,group_max_Selection rate,group_max_Count,group_max_tpr,group_max_tnr,group_max_fpr,group_max_fnr,generation
0.007633500134068494,0.368899055135462,35.0,0.011894309847724993,0.029659680864765003,0.029659680864765003,0.011894309847725,0.9918964726676637,0.45673807487884377,0.9930237193541958,0.9873716538368336,0.9686798009688932,0.64125909811189,0.8301307787766653,0.9343637093536732,0.31014550528204105,4982.0,0.9299796057104011,0.9173228346456693,0.05301748448956571,0.058126084441873914,0.9419972094877417,0.679044560417503,5017.0,0.941873915558126,0.9469825155104343,0.08267716535433071,0.07002039428959891,None
