difference_Accuracy,difference_Selection rate,difference_Count,difference_tpr,difference_tnr,difference_fpr,difference_fnr,ratio_Accuracy,ratio_Selection rate,ratio_Count,ratio_tpr,ratio_tnr,ratio_fpr,ratio_fnr,group_min_Accuracy,group_min_Selection rate,group_min_Count,group_min_tpr,group_min_tnr,group_min_fpr,group_min_fnr,group_max_Accuracy,group_max_Selection rate,group_max_Count,group_max_tpr,group_max_tnr,group_max_fpr,group_max_fnr,generation
0.00644321633845768,0.3586741895458508,46.0,0.014231223385694602,0.018785306621629472,0.018785306621629493,0.014231223385694589,0.993096357579336,0.46117674573809253,0.9908421262193908,0.9846812669036541,0.9800339666291409,0.7589218983557549,0.8330126610791482,0.9268635724331927,0.30698785586303007,4977.0,0.9147766323024055,0.922077922077922,0.05913677130044843,0.07099214431189992,0.9333067887716504,0.6656620454088809,5023.0,0.9290078556881001,0.9408632286995515,0.07792207792207792,0.0852233676975945,None
