Accuracy,Selection rate,Count,tpr,tnr,fpr,fnr,generation
0.9353935393539354,0.48674867486748674,9999.0,0.928180158247109,0.9424063116370809,0.05759368836291913,0.07181984175289105,None
