difference_Accuracy,difference_Selection rate,difference_Count,difference_tpr,difference_tnr,difference_fpr,difference_fnr,ratio_Accuracy,ratio_Selection rate,ratio_Count,ratio_tpr,ratio_tnr,ratio_fpr,ratio_fnr,group_min_Accuracy,group_min_Selection rate,group_min_Count,group_min_tpr,group_min_tnr,group_min_fpr,group_min_fnr,group_max_Accuracy,group_max_Selection rate,group_max_Count,group_max_tpr,group_max_tnr,group_max_fpr,group_max_fnr,generation
0.0011478836268209447,0.3792498119800946,35.0,0.044915798359570935,0.027420271704615584,0.027420271704615605,0.04491579835957095,0.9987735886277457,0.4398391451868273,0.9930237193541958,0.9522976564105048,0.9711562493430534,0.6428333839501352,0.5653214514017838,0.9348216065377716,0.2977875224237592,4982.0,0.8966689326988443,0.9232283464566929,0.049351381838691484,0.05841526894158473,0.9359694901645925,0.6770373344038538,5017.0,0.9415847310584152,0.9506486181613085,0.07677165354330709,0.10333106730115568,None
