Accuracy,Selection rate,Count,tpr,tnr,fpr,fnr,generation
0.9266,0.4768,10000.0,0.9123058053965658,0.9402897415818324,0.05971025841816758,0.08769419460343418,None
