difference_Accuracy,difference_Selection rate,difference_Count,difference_tpr,difference_tnr,difference_fpr,difference_fnr,ratio_Accuracy,ratio_Selection rate,ratio_Count,ratio_tpr,ratio_tnr,ratio_fpr,ratio_fnr,group_min_Accuracy,group_min_Selection rate,group_min_Count,group_min_tpr,group_min_tnr,group_min_fpr,group_min_fnr,group_max_Accuracy,group_max_Selection rate,group_max_Count,group_max_tpr,group_max_tnr,group_max_fpr,group_max_fnr,generation
0.0002752858250480994,0.37039439754545206,46.0,0.04832972893526777,0.020494583891444873,0.020494583891444873,0.04832972893526781,0.9997029515146688,0.4412085733301864,0.9908421262193908,0.9478463804237001,0.9783462613785385,0.7231433404138149,0.6027132451931375,0.9264617239300783,0.2924547083416285,4977.0,0.8783505154639175,0.925974025974026,0.05353139013452915,0.07331975560081466,0.9267370097551264,0.6628491058870806,5023.0,0.9266802443991853,0.9464686098654709,0.07402597402597402,0.12164948453608247,None
