difference_Accuracy,difference_Selection rate,difference_Count,difference_tpr,difference_tnr,difference_fpr,difference_fnr,ratio_Accuracy,ratio_Selection rate,ratio_Count,ratio_tpr,ratio_tnr,ratio_fpr,ratio_fnr,group_min_Accuracy,group_min_Selection rate,group_min_Count,group_min_tpr,group_min_tnr,group_min_fpr,group_min_fnr,group_max_Accuracy,group_max_Selection rate,group_max_Count,group_max_tpr,group_max_tnr,group_max_fpr,group_max_fnr,group_0_Accuracy,group_0_Selection rate,group_0_Count,group_0_tpr,group_0_tnr,group_0_fpr,group_0_fnr,group_1_Accuracy,group_1_Selection rate,group_1_Count,group_1_tpr,group_1_tnr,group_1_fpr,group_1_fnr,generation
0.0028817809784854598,0.36773270122395785,46.0,0.04930336633782162,0.014958360025624562,0.014958360025624597,0.04930336633782159,0.996892403208473,0.43841495735144576,0.9908421262193908,0.9463747879420592,0.9842654986522912,0.7673143996013951,0.6204423385104211,0.9244524814145068,0.2870794346008362,4977.0,0.8701030927835052,0.9357142857142857,0.04932735426008968,0.08059354087867326,0.9273342623929922,0.654812135824794,5023.0,0.9194064591213268,0.9506726457399103,0.06428571428571428,0.12989690721649486,0.9244524814145068,0.654812135824794,4977.0,0.9194064591213268,0.9357142857142857,0.06428571428571428,0.08059354087867326,0.9273342623929922,0.2870794346008362,5023.0,0.8701030927835052,0.9506726457399103,0.04932735426008968,0.12989690721649486,None
