Accuracy,Selection rate,Count,tpr,tnr,fpr,fnr,generation
0.9313931393139314,0.47634763476347636,9999.0,0.913572732805843,0.9487179487179487,0.05128205128205128,0.08642726719415703,None
