difference_Accuracy,difference_Selection rate,difference_Count,difference_tpr,difference_tnr,difference_fpr,difference_fnr,ratio_Accuracy,ratio_Selection rate,ratio_Count,ratio_tpr,ratio_tnr,ratio_fpr,ratio_fnr,group_min_Accuracy,group_min_Selection rate,group_min_Count,group_min_tpr,group_min_tnr,group_min_fpr,group_min_fnr,group_max_Accuracy,group_max_Selection rate,group_max_Count,group_max_tpr,group_max_tnr,group_max_fpr,group_max_fnr,group_0_Accuracy,group_0_Selection rate,group_0_Count,group_0_tpr,group_0_tnr,group_0_fpr,group_0_fnr,group_1_Accuracy,group_1_Selection rate,group_1_Count,group_1_tpr,group_1_tnr,group_1_fpr,group_1_fnr,generation
0.003120102210493081,0.3795770414312733,35.0,0.061885286347700075,0.01955735862966368,0.019557358629663672,0.06188528634770002,0.9966556907890111,0.43074869945496574,0.9930237193541958,0.9336024448680277,0.9795124390839623,0.6989352065494198,0.5233860931022685,0.9298385489336257,0.2872234403029699,4982.0,0.8701563562202583,0.9350393700787402,0.045403271291596166,0.06795835743204165,0.9329586511441188,0.6668004817342432,5017.0,0.9320416425679584,0.9545967287084038,0.06496062992125984,0.12984364377974167,0.9329586511441188,0.6668004817342432,4982.0,0.9320416425679584,0.9350393700787402,0.06496062992125984,0.06795835743204165,0.9298385489336257,0.2872234403029699,5017.0,0.8701563562202583,0.9545967287084038,0.045403271291596166,0.12984364377974167,None
