Accuracy,Selection rate,Count,tpr,tnr,fpr,fnr,generation
0.9259,0.4701,10000.0,0.9047424366312347,0.9461628817541112,0.0538371182458888,0.09525756336876533,None
