generation,epoch,gen_loss
0,0,79583.22113659917
0,10,27322.056645607463
0,20,26332.905457788584
