difference_Accuracy,difference_Selection rate,difference_Count,difference_tpr,difference_tnr,difference_fpr,difference_fnr,ratio_Accuracy,ratio_Selection rate,ratio_Count,ratio_tpr,ratio_tnr,ratio_fpr,ratio_fnr,group_min_Accuracy,group_min_Selection rate,group_min_Count,group_min_tpr,group_min_tnr,group_min_fpr,group_min_fnr,group_max_Accuracy,group_max_Selection rate,group_max_Count,group_max_tpr,group_max_tnr,group_max_fpr,group_max_fnr,generation
0.020067424626705188,0.3732235374100516,46.0,0.0017341104035626387,0.06866883116883116,0.06866883116883116,0.001734110403562604,0.9785944629645487,0.4584450304111292,0.9908421262193908,0.9981536129315227,0.9267532467532468,0.4764851485148515,0.9722732897012792,0.917420132610006,0.3159466454310173,4977.0,0.9374570446735395,0.8688311688311688,0.0625,0.06080884492289788,0.9374875572367112,0.6891701828410689,5023.0,0.9391911550771022,0.9375,0.13116883116883116,0.06254295532646048,None
