Accuracy,Selection rate,Count,tpr,tnr,fpr,fnr,generation
0.9275,0.5017,10000.0,0.9386753883892068,0.9167971808927173,0.0832028191072827,0.06132461161079313,None
