difference_Accuracy,difference_Selection rate,difference_Count,difference_tpr,difference_tnr,difference_fpr,difference_fnr,ratio_Accuracy,ratio_Selection rate,ratio_Count,ratio_tpr,ratio_tnr,ratio_fpr,ratio_fnr,group_min_Accuracy,group_min_Selection rate,group_min_Count,group_min_tpr,group_min_tnr,group_min_fpr,group_min_fnr,group_max_Accuracy,group_max_Selection rate,group_max_Count,group_max_tpr,group_max_tnr,group_max_fpr,group_max_fnr,generation
0.012245919073864187,0.38161039298980814,35.0,0.007912371002284813,0.06610642578307158,0.06610642578307155,0.007912371002284778,0.9870082943553443,0.4557162960563343,0.9930237193541958,0.9917138161944576,0.9297321984931739,0.4725330215005182,0.8507807981492191,0.930349257326375,0.31951365357783534,4982.0,0.946974847042828,0.8746719160104987,0.05922165820642978,0.045112781954887216,0.9425951764002392,0.7011240465676435,5017.0,0.9548872180451128,0.9407783417935702,0.12532808398950132,0.05302515295717199,None
