Accuracy,Selection rate,Count,tpr,tnr,fpr,fnr,generation
0.9328932893289329,0.48484848484848486,9999.0,0.9237167782511666,0.9418145956607495,0.05818540433925049,0.07628322174883344,None
