difference_Accuracy,difference_Selection rate,difference_Count,difference_tpr,difference_tnr,difference_fpr,difference_fnr,ratio_Accuracy,ratio_Selection rate,ratio_Count,ratio_tpr,ratio_tnr,ratio_fpr,ratio_fnr,group_min_Accuracy,group_min_Selection rate,group_min_Count,group_min_tpr,group_min_tnr,group_min_fpr,group_min_fnr,group_max_Accuracy,group_max_Selection rate,group_max_Count,group_max_tpr,group_max_tnr,group_max_fpr,group_max_fnr,group_0_Accuracy,group_0_Selection rate,group_0_Count,group_0_tpr,group_0_tnr,group_0_fpr,group_0_fnr,group_1_Accuracy,group_1_Selection rate,group_1_Count,group_1_tpr,group_1_tnr,group_1_fpr,group_1_fnr,generation
0.009470810084732384,0.36103446595505434,35.0,0.014328885540735747,0.019068841014162508,0.01906884101416257,0.014328885540735692,0.9898990105877759,0.45790424671848085,0.9930237193541958,0.98455927510132,0.9798755624296963,0.7333861127928096,0.8340331446423449,0.9281413087113609,0.3049631253737293,4982.0,0.9136641740312712,0.928477690288714,0.05245346869712352,0.07200694042799306,0.9376121187960933,0.6659975913287837,5017.0,0.927993059572007,0.9475465313028765,0.07152230971128609,0.08633582596872875,0.9281413087113609,0.6659975913287837,4982.0,0.927993059572007,0.928477690288714,0.07152230971128609,0.07200694042799306,0.9376121187960933,0.3049631253737293,5017.0,0.9136641740312712,0.9475465313028765,0.05245346869712352,0.08633582596872875,None
