difference_Accuracy,difference_Selection rate,difference_Count,difference_tpr,difference_tnr,difference_fpr,difference_fnr,ratio_Accuracy,ratio_Selection rate,ratio_Count,ratio_tpr,ratio_tnr,ratio_fpr,ratio_fnr,group_min_Accuracy,group_min_Selection rate,group_min_Count,group_min_tpr,group_min_tnr,group_min_fpr,group_min_fnr,group_max_Accuracy,group_max_Selection rate,group_max_Count,group_max_tpr,group_max_tnr,group_max_fpr,group_max_fnr,group_0_Accuracy,group_0_Selection rate,group_0_Count,group_0_tpr,group_0_tnr,group_0_fpr,group_0_fnr,group_1_Accuracy,group_1_Selection rate,group_1_Count,group_1_tpr,group_1_tnr,group_1_fpr,group_1_fnr,generation
0.01185345081901934,0.34921602941118235,46.0,0.003466021174463929,0.009339147399685443,0.009339147399685513,0.0034660211744638736,0.987321149177186,0.4665291042420336,0.9908421262193908,0.9962253755460607,0.990097450840393,0.8589971863184737,0.9593301547673796,0.9230460116536066,0.3053951821620545,4977.0,0.9147766323024055,0.9337662337662338,0.056894618834080715,0.08175734652313063,0.9348994624726259,0.6546112115732369,5023.0,0.9182426534768694,0.9431053811659192,0.06623376623376623,0.0852233676975945,0.9230460116536066,0.6546112115732369,4977.0,0.9182426534768694,0.9337662337662338,0.06623376623376623,0.08175734652313063,0.9348994624726259,0.3053951821620545,5023.0,0.9147766323024055,0.9431053811659192,0.056894618834080715,0.0852233676975945,None
