Accuracy,Selection rate,Count,tpr,tnr,fpr,fnr,generation
0.929,0.4792,10000.0,0.9172117743254292,0.9402897415818324,0.05971025841816758,0.08278822567457073,None
