generation,epoch,gen_loss
0,0,78470.67394272162
0,10,27358.01173867985
0,20,26387.14599609375
