difference_Accuracy,difference_Selection rate,difference_Count,difference_tpr,difference_tnr,difference_fpr,difference_fnr,ratio_Accuracy,ratio_Selection rate,ratio_Count,ratio_tpr,ratio_tnr,ratio_fpr,ratio_fnr,group_min_Accuracy,group_min_Selection rate,group_min_Count,group_min_tpr,group_min_tnr,group_min_fpr,group_min_fnr,group_max_Accuracy,group_max_Selection rate,group_max_Count,group_max_tpr,group_max_tnr,group_max_fpr,group_max_fnr,group_0_Accuracy,group_0_Selection rate,group_0_Count,group_0_tpr,group_0_tnr,group_0_fpr,group_0_fnr,group_1_Accuracy,group_1_Selection rate,group_1_Count,group_1_tpr,group_1_tnr,group_1_fpr,group_1_fnr,generation
0.03132766097015516,0.9424895781743685,4532.0,0.9869086195722618,0.9555809586021067,0.044419041397893363,0.013091380427738173,0.9682567764138762,0.04500826167385701,0.6299501918837266,0.0,0.0,0.0,0.0,0.9555809586021067,0.044419041397893363,7715.0,0.0,0.0,0.0,0.0,0.9869086195722618,0.9869086195722618,12247.0,0.9869086195722618,0.9555809586021067,0.044419041397893363,0.013091380427738173,0.9555809586021067,0.044419041397893363,12247.0,0.0,0.9555809586021067,0.044419041397893363,0.0,0.9869086195722618,0.9869086195722618,7715.0,0.9869086195722618,0.0,0.0,0.013091380427738173,None
0.020737222352547713,0.9541137615618802,4532.0,0.9666882696046663,0.987425491957214,0.012574508042785988,0.03331173039533376,0.9789986965887991,0.013007821071345387,0.6299501918837266,0.0,0.0,0.0,0.0,0.9666882696046663,0.012574508042785988,7715.0,0.0,0.0,0.0,0.0,0.987425491957214,0.9666882696046663,12247.0,0.9666882696046663,0.987425491957214,0.012574508042785988,0.03331173039533376,0.987425491957214,0.012574508042785988,12247.0,0.0,0.987425491957214,0.012574508042785988,0.0,0.9666882696046663,0.9666882696046663,7715.0,0.9666882696046663,0.0,0.0,0.03331173039533376,None
0.020607604724550366,0.9542433791898776,4532.0,0.9668178872326636,0.987425491957214,0.012574508042785988,0.03318211276733636,0.9791299648506104,0.013006077161830528,0.6299501918837266,0.0,0.0,0.0,0.0,0.9668178872326636,0.012574508042785988,7715.0,0.0,0.0,0.0,0.0,0.987425491957214,0.9668178872326636,12247.0,0.9668178872326636,0.987425491957214,0.012574508042785988,0.03318211276733636,0.987425491957214,0.012574508042785988,12247.0,0.0,0.987425491957214,0.012574508042785988,0.0,0.9668178872326636,0.9668178872326636,7715.0,0.9668178872326636,0.0,0.0,0.03318211276733636,None
