difference_Accuracy,difference_Selection rate,difference_Count,difference_tpr,difference_tnr,difference_fpr,difference_fnr,ratio_Accuracy,ratio_Selection rate,ratio_Count,ratio_tpr,ratio_tnr,ratio_fpr,ratio_fnr,group_min_Accuracy,group_min_Selection rate,group_min_Count,group_min_tpr,group_min_tnr,group_min_fpr,group_min_fnr,group_max_Accuracy,group_max_Selection rate,group_max_Count,group_max_tpr,group_max_tnr,group_max_fpr,group_max_fnr,group_0_Accuracy,group_0_Selection rate,group_0_Count,group_0_tpr,group_0_tnr,group_0_fpr,group_0_fnr,group_1_Accuracy,group_1_Selection rate,group_1_Count,group_1_tpr,group_1_tnr,group_1_fpr,group_1_fnr,generation
0.031042104981939378,0.9561889189007753,2951.0,0.9936155119413573,0.962573406959418,0.037426593040582,0.006384488058642705,0.9687584336105136,0.03766707805060002,0.7413445525462354,0.0,0.0,0.0,0.0,0.962573406959418,0.037426593040582,8458.0,0.0,0.0,0.0,0.0,0.9936155119413573,0.9936155119413573,11409.0,0.9936155119413573,0.962573406959418,0.037426593040582,0.006384488058642705,0.962573406959418,0.037426593040582,11409.0,0.0,0.962573406959418,0.037426593040582,0.0,0.9936155119413573,0.9936155119413573,8458.0,0.9936155119413573,0.0,0.0,0.006384488058642705,None
0.010150064060845065,0.9675868103365605,2951.0,0.9787183731378577,0.9888684371987028,0.01113156280129722,0.021281626862142352,0.9897356779941339,0.011373611762910352,0.7413445525462354,0.0,0.0,0.0,0.0,0.9787183731378577,0.01113156280129722,8458.0,0.0,0.0,0.0,0.0,0.9888684371987028,0.9787183731378577,11409.0,0.9787183731378577,0.9888684371987028,0.01113156280129722,0.021281626862142352,0.9888684371987028,0.01113156280129722,11409.0,0.0,0.9888684371987028,0.01113156280129722,0.0,0.9787183731378577,0.9787183731378577,8458.0,0.9787183731378577,0.0,0.0,0.021281626862142352,None
0.011187657622249825,0.96602331617037,2951.0,0.9774178292740601,0.9886054868963099,0.011394513103690069,0.02258217072593994,0.9886833951757914,0.011657770875893383,0.7413445525462354,0.0,0.0,0.0,0.0,0.9774178292740601,0.011394513103690069,8458.0,0.0,0.0,0.0,0.0,0.9886054868963099,0.9774178292740601,11409.0,0.9774178292740601,0.9886054868963099,0.011394513103690069,0.02258217072593994,0.9886054868963099,0.011394513103690069,11409.0,0.0,0.9886054868963099,0.011394513103690069,0.0,0.9774178292740601,0.9774178292740601,8458.0,0.9774178292740601,0.0,0.0,0.02258217072593994,None
