Accuracy,Selection rate,Count,tpr,tnr,fpr,fnr,generation
0.8007248200533548,0.44953943725776413,19867.0,0.740611691831204,0.865862611431568,0.1341373885684321,0.259388308168796,None
0.8077716816831932,0.5209140786228419,19867.0,0.8160085172280295,0.7988463555322496,0.2011536444677504,0.18399148277197058,None
0.8073186691498465,0.5209644133487693,19867.0,0.8156213704994193,0.7983219716832721,0.20167802831672785,0.18437862950058073,None
