Accuracy,Selection rate,Count,tpr,tnr,fpr,fnr,generation
0.9757889968289123,0.4445059646650224,19867.0,0.9936155119413573,0.962573406959418,0.037426593040582,0.006384488058642705,None
0.9845472391402829,0.4230633714199426,19867.0,0.9787183731378577,0.9888684371987028,0.01113156280129722,0.021281626862142352,None
0.9838425529772991,0.4226606936125233,19867.0,0.9774178292740601,0.9886054868963099,0.011394513103690069,0.02258217072593994,None
