Accuracy,Selection rate,Count,tpr,tnr,fpr,fnr,generation
0.810289550145276,0.4296663660955816,19962.0,0.7419680743584562,0.8774841017488076,0.12251589825119237,0.25803192564154376,None
0.8201082055906221,0.50681294459473,19962.0,0.829662558092544,0.8107114467408585,0.18928855325914148,0.17033744190745606,None
0.8195571586013426,0.5074641819456969,19962.0,0.8297635886037583,0.8095190779014309,0.19048092209856915,0.17023641139624165,None
