Accuracy,Selection rate,Count,tpr,tnr,fpr,fnr,generation
0.9676886083558761,0.40867648532211204,19962.0,0.9869086195722618,0.9555809586021067,0.044419041397893363,0.013091380427738173,None
0.9794108806732792,0.38132451658150485,19962.0,0.9666882696046663,0.987425491957214,0.012574508042785988,0.03331173039533376,None
0.9794609758541228,0.38137461176234844,19962.0,0.9668178872326636,0.987425491957214,0.012574508042785988,0.03318211276733636,None
