generation,epoch,gen_loss
0,0,0.5510698644292055
0,10,0.5267470837717161
0,20,0.525083592548123
