difference_Accuracy,difference_Selection rate,difference_Count,difference_tpr,difference_tnr,difference_fpr,difference_fnr,ratio_Accuracy,ratio_Selection rate,ratio_Count,ratio_tpr,ratio_tnr,ratio_fpr,ratio_fnr,group_min_Accuracy,group_min_Selection rate,group_min_Count,group_min_tpr,group_min_tnr,group_min_fpr,group_min_fnr,group_max_Accuracy,group_max_Selection rate,group_max_Count,group_max_tpr,group_max_tnr,group_max_fpr,group_max_fnr,group_0_Accuracy,group_0_Selection rate,group_0_Count,group_0_tpr,group_0_tnr,group_0_fpr,group_0_fnr,group_1_Accuracy,group_1_Selection rate,group_1_Count,group_1_tpr,group_1_tnr,group_1_fpr,group_1_fnr,generation
0.01246910384623734,0.35989997548348124,46.0,0.00836180357880234,0.032319026265214656,0.03231902626521461,0.00836180357880234,0.9866427151589571,0.4620954420476618,0.9908421262193908,0.9909822657984488,0.9655983634503921,0.6519489479130735,0.8968947101088356,0.921036769138035,0.30917778220187137,4977.0,0.9189003436426116,0.9071428571428571,0.06053811659192825,0.07273785277858598,0.9335058729842723,0.6690777576853526,5023.0,0.927262147221414,0.9394618834080718,0.09285714285714286,0.08109965635738832,0.921036769138035,0.6690777576853526,4977.0,0.927262147221414,0.9071428571428571,0.09285714285714286,0.07273785277858598,0.9335058729842723,0.30917778220187137,5023.0,0.9189003436426116,0.9394618834080718,0.06053811659192825,0.08109965635738832,None
