difference_Accuracy,difference_Selection rate,difference_Count,difference_tpr,difference_tnr,difference_fpr,difference_fnr,ratio_Accuracy,ratio_Selection rate,ratio_Count,ratio_tpr,ratio_tnr,ratio_fpr,ratio_fnr,group_min_Accuracy,group_min_Selection rate,group_min_Count,group_min_tpr,group_min_tnr,group_min_fpr,group_min_fnr,group_max_Accuracy,group_max_Selection rate,group_max_Count,group_max_tpr,group_max_tnr,group_max_fpr,group_max_fnr,group_0_Accuracy,group_0_Selection rate,group_0_Count,group_0_tpr,group_0_tnr,group_0_fpr,group_0_fnr,group_1_Accuracy,group_1_Selection rate,group_1_Count,group_1_tpr,group_1_tnr,group_1_fpr,group_1_fnr,generation
0.00664949128803094,0.36510212927591756,35.0,0.010260643503335554,0.026649746192893398,0.026649746192893398,0.010260643503335547,0.9929200980916699,0.4612148080412852,0.9930237193541958,0.989079315101713,0.9717488789237668,0.6802030456852792,0.8548710904480136,0.932557205941389,0.3125373729320311,4982.0,0.929299796057104,0.9166666666666666,0.05668358714043993,0.06043956043956044,0.93920669722942,0.6776395022079487,5017.0,0.9395604395604396,0.94331641285956,0.08333333333333333,0.07070020394289599,0.932557205941389,0.6776395022079487,4982.0,0.9395604395604396,0.9166666666666666,0.08333333333333333,0.06043956043956044,0.93920669722942,0.3125373729320311,5017.0,0.929299796057104,0.94331641285956,0.05668358714043993,0.07070020394289599,None
