Accuracy,Selection rate,Count,tpr,tnr,fpr,fnr,generation
0.9358935893589359,0.49444944494449444,9999.0,0.9364982755122743,0.9353057199211046,0.06469428007889547,0.0635017244877257,None
