Accuracy,Selection rate,Count,tpr,tnr,fpr,fnr,generation
0.9273,0.4883,10000.0,0.9247751430907605,0.9297180892717306,0.07028191072826938,0.07522485690923958,None
