generation,epoch,gen_loss
0,0,2.632940690261584e+16
0,0,0.05139546690185379
0,0,25356.189264498014
0,0,25302.244694567544
0,0,27480.39395581831
0,10,5351.311683412286
0,20,5277.238776097379
0,0,28456.844346920843
0,10,5307.601828129776
0,20,5127.057353945408
0,0,28454.499184606128
0,10,5343.939682342604
0,20,5205.266634990067
0,0,28465.657807963402
0,10,5350.134480893757
0,20,5228.27198698235
0,0,28457.812532233726
0,10,5362.195545299129
0,20,5392.763057046531
