difference_Accuracy,difference_Selection rate,difference_Count,difference_tpr,difference_tnr,difference_fpr,difference_fnr,ratio_Accuracy,ratio_Selection rate,ratio_Count,ratio_tpr,ratio_tnr,ratio_fpr,ratio_fnr,group_min_Accuracy,group_min_Selection rate,group_min_Count,group_min_tpr,group_min_tnr,group_min_fpr,group_min_fnr,group_max_Accuracy,group_max_Selection rate,group_max_Count,group_max_tpr,group_max_tnr,group_max_fpr,group_max_fnr,generation
0.008632912249295743,0.3695194268031447,35.0,0.008480124119324084,0.0341551531946831,0.034155153194683145,0.008480124119324084,0.9908413362751709,0.45838605933119536,0.9930237193541958,0.9910158488956425,0.9638788627413223,0.6144262706022435,0.8686919728470975,0.9339622641509434,0.3127366952361969,4982.0,0.9354180829367778,0.9114173228346457,0.05442752397067118,0.05610179294389821,0.9425951764002392,0.6822561220393416,5017.0,0.9438982070561018,0.9455724760293288,0.08858267716535433,0.06458191706322229,None
