Accuracy,Selection rate,Count,tpr,tnr,fpr,fnr,generation
0.9301,0.4897,10000.0,0.929067865903516,0.9310884886452623,0.06891151135473766,0.07093213409648405,None
