difference_Accuracy,difference_Selection rate,difference_Count,difference_tpr,difference_tnr,difference_fpr,difference_fnr,ratio_Accuracy,ratio_Selection rate,ratio_Count,ratio_tpr,ratio_tnr,ratio_fpr,ratio_fnr,group_min_Accuracy,group_min_Selection rate,group_min_Count,group_min_tpr,group_min_tnr,group_min_fpr,group_min_fnr,group_max_Accuracy,group_max_Selection rate,group_max_Count,group_max_tpr,group_max_tnr,group_max_fpr,group_max_fnr,generation
0.0056431994100994975,0.360712872684386,46.0,0.013493546577721616,0.024055092889173624,0.02405509288917361,0.013493546577721532,0.9939509623053927,0.46233364260251897,0.9908421262193908,0.9855387216752014,0.9743642259771292,0.7193572496263079,0.8321956387129502,0.927265420936307,0.3101732032649811,4977.0,0.9195876288659793,0.9142857142857143,0.061659192825112105,0.06691882455629909,0.9329086203464065,0.6708860759493671,5023.0,0.933081175443701,0.9383408071748879,0.08571428571428572,0.08041237113402062,None
