Accuracy,Selection rate,Count,tpr,tnr,fpr,fnr,generation
0.9382938293829383,0.49684968496849685,9999.0,0.9413674173260296,0.9353057199211046,0.06469428007889547,0.05863258267397038,None
