Accuracy,Selection rate,Count,tpr,tnr,fpr,fnr,generation
0.9342934293429342,0.5070507050705071,9999.0,0.9476567255021302,0.921301775147929,0.07869822485207101,0.05234327449786975,None
