Accuracy,Selection rate,Count,tpr,tnr,fpr,fnr,generation
0.9266,0.5002,10000.0,0.9362224039247752,0.9173844949099452,0.08261550509005482,0.06377759607522486,None
