difference_Accuracy,difference_Selection rate,difference_Count,difference_tpr,difference_tnr,difference_fpr,difference_fnr,ratio_Accuracy,ratio_Selection rate,ratio_Count,ratio_tpr,ratio_tnr,ratio_fpr,ratio_fnr,group_min_Accuracy,group_min_Selection rate,group_min_Count,group_min_tpr,group_min_tnr,group_min_fpr,group_min_fnr,group_max_Accuracy,group_max_Selection rate,group_max_Count,group_max_tpr,group_max_tnr,group_max_fpr,group_max_fnr,group_0_Accuracy,group_0_Selection rate,group_0_Count,group_0_tpr,group_0_tnr,group_0_fpr,group_0_fnr,group_1_Accuracy,group_1_Selection rate,group_1_Count,group_1_tpr,group_1_tnr,group_1_fpr,group_1_fnr,generation
0.013461457059646298,0.37799178497644337,35.0,0.0067859079272726275,0.06291773807461887,0.06291773807461884,0.006785907927272551,0.9856945286870905,0.4574603650957531,0.9930237193541958,0.992854546403012,0.933081493937433,0.4872372576164753,0.8811658266545486,0.9275391409072662,0.318716364361172,4982.0,0.9428959891230455,0.8772965879265092,0.05978567399887197,0.0503181029496819,0.9410005979669125,0.6967081493376154,5017.0,0.9496818970503181,0.9402143260011281,0.12270341207349081,0.05710401087695445,0.9275391409072662,0.6967081493376154,4982.0,0.9496818970503181,0.8772965879265092,0.12270341207349081,0.0503181029496819,0.9410005979669125,0.318716364361172,5017.0,0.9428959891230455,0.9402143260011281,0.05978567399887197,0.05710401087695445,None
