difference_Accuracy,difference_Selection rate,difference_Count,difference_tpr,difference_tnr,difference_fpr,difference_fnr,ratio_Accuracy,ratio_Selection rate,ratio_Count,ratio_tpr,ratio_tnr,ratio_fpr,ratio_fnr,group_min_Accuracy,group_min_Selection rate,group_min_Count,group_min_tpr,group_min_tnr,group_min_fpr,group_min_fnr,group_max_Accuracy,group_max_Selection rate,group_max_Count,group_max_tpr,group_max_tnr,group_max_fpr,group_max_fnr,group_0_Accuracy,group_0_Selection rate,group_0_Count,group_0_tpr,group_0_tnr,group_0_fpr,group_0_fnr,group_1_Accuracy,group_1_Selection rate,group_1_Count,group_1_tpr,group_1_tnr,group_1_fpr,group_1_fnr,generation
0.019075683641465835,0.3738097498143061,46.0,0.006068586546046806,0.06765039892842584,0.06765039892842582,0.006068586546046806,0.9796220419117221,0.45664394718872625,0.9908421262193908,0.993530480161674,0.9278611406525333,0.4790919282511211,0.9108101674293121,0.9170182841068917,0.3141548875174199,4977.0,0.931958762886598,0.8701298701298701,0.062219730941704035,0.06197265056735525,0.9360939677483575,0.687964637331726,5023.0,0.9380273494326448,0.9377802690582959,0.12987012987012986,0.06804123711340206,0.9170182841068917,0.687964637331726,4977.0,0.9380273494326448,0.8701298701298701,0.12987012987012986,0.06197265056735525,0.9360939677483575,0.3141548875174199,5023.0,0.931958762886598,0.9377802690582959,0.062219730941704035,0.06804123711340206,None
