Accuracy,Selection rate,Count,tpr,tnr,fpr,fnr,generation
0.9273,0.4843,10000.0,0.9206868356500408,0.9336335160532498,0.0663664839467502,0.07931316434995912,None
