difference_Accuracy,difference_Selection rate,difference_Count,difference_tpr,difference_tnr,difference_fpr,difference_fnr,ratio_Accuracy,ratio_Selection rate,ratio_Count,ratio_tpr,ratio_tnr,ratio_fpr,ratio_fnr,group_min_Accuracy,group_min_Selection rate,group_min_Count,group_min_tpr,group_min_tnr,group_min_fpr,group_min_fnr,group_max_Accuracy,group_max_Selection rate,group_max_Count,group_max_tpr,group_max_tnr,group_max_fpr,group_max_fnr,group_0_Accuracy,group_0_Selection rate,group_0_Count,group_0_tpr,group_0_tnr,group_0_fpr,group_0_fnr,group_1_Accuracy,group_1_Selection rate,group_1_Count,group_1_tpr,group_1_tnr,group_1_fpr,group_1_fnr,generation
0.0018391503412683585,0.38109692401115214,35.0,0.03506386632795444,0.037539247949336274,0.037539247949336274,0.035063866327954496,0.9980397243972502,0.4433817427664732,0.9930237193541958,0.9629881410982704,0.9604415532753799,0.5762236009274927,0.6001631986944104,0.9363709353673224,0.30356786924456847,4982.0,0.9123045547246771,0.9114173228346457,0.05104342921601805,0.05263157894736842,0.9382100857085908,0.6846647932557206,5017.0,0.9473684210526315,0.948956570783982,0.08858267716535433,0.08769544527532291,0.9363709353673224,0.6846647932557206,4982.0,0.9473684210526315,0.9114173228346457,0.08858267716535433,0.05263157894736842,0.9382100857085908,0.30356786924456847,5017.0,0.9123045547246771,0.948956570783982,0.05104342921601805,0.08769544527532291,None
