Accuracy,Selection rate,Count,tpr,tnr,fpr,fnr,generation
0.9372937293729373,0.49344934493449344,9999.0,0.9369040373300872,0.9376725838264299,0.06232741617357002,0.06309596266991276,None
