difference_Accuracy,difference_Selection rate,difference_Count,difference_tpr,difference_tnr,difference_fpr,difference_fnr,ratio_Accuracy,ratio_Selection rate,ratio_Count,ratio_tpr,ratio_tnr,ratio_fpr,ratio_fnr,group_min_Accuracy,group_min_Selection rate,group_min_Count,group_min_tpr,group_min_tnr,group_min_fpr,group_min_fnr,group_max_Accuracy,group_max_Selection rate,group_max_Count,group_max_tpr,group_max_tnr,group_max_fpr,group_max_fnr,group_0_Accuracy,group_0_Selection rate,group_0_Count,group_0_tpr,group_0_tnr,group_0_fpr,group_0_fnr,group_1_Accuracy,group_1_Selection rate,group_1_Count,group_1_tpr,group_1_tnr,group_1_fpr,group_1_fnr,generation
0.0048689430268344935,0.3738634709510453,46.0,0.038737530832350986,0.03606516801584059,0.036065168015840664,0.038737530832351,0.9947630190955482,0.44373139165221154,0.9908421262193908,0.9584454140228494,0.9618158695903504,0.6060967464936552,0.6363670492834148,0.9248543299176211,0.29822815050766477,4977.0,0.8934707903780069,0.9084415584415585,0.0554932735426009,0.06779167878964212,0.9297232729444556,0.67209162145871,5023.0,0.9322083212103579,0.9445067264573991,0.09155844155844156,0.10652920962199312,0.9248543299176211,0.67209162145871,4977.0,0.9322083212103579,0.9084415584415585,0.09155844155844156,0.06779167878964212,0.9297232729444556,0.29822815050766477,5023.0,0.8934707903780069,0.9445067264573991,0.0554932735426009,0.10652920962199312,None
