difference_Accuracy,difference_Selection rate,difference_Count,difference_tpr,difference_tnr,difference_fpr,difference_fnr,ratio_Accuracy,ratio_Selection rate,ratio_Count,ratio_tpr,ratio_tnr,ratio_fpr,ratio_fnr,group_min_Accuracy,group_min_Selection rate,group_min_Count,group_min_tpr,group_min_tnr,group_min_fpr,group_min_fnr,group_max_Accuracy,group_max_Selection rate,group_max_Count,group_max_tpr,group_max_tnr,group_max_fpr,group_max_fnr,group_0_Accuracy,group_0_Selection rate,group_0_Count,group_0_tpr,group_0_tnr,group_0_fpr,group_0_fnr,group_1_Accuracy,group_1_Selection rate,group_1_Count,group_1_tpr,group_1_tnr,group_1_fpr,group_1_fnr,generation
0.0011017433128884813,0.3789642188828715,46.0,0.06630452714396695,0.028122998078155104,0.028122998078155027,0.06630452714396697,0.9988084796896467,0.4291450007929626,0.9908421262193908,0.9284044424147614,0.9703828638893573,0.6420709335507542,0.5270927108114121,0.9235516623531754,0.28488950826199483,4977.0,0.8597938144329897,0.9214285714285714,0.05044843049327354,0.07390165842304335,0.9246534056660639,0.6638537271448663,5023.0,0.9260983415769567,0.9495515695067265,0.07857142857142857,0.1402061855670103,0.9246534056660639,0.6638537271448663,4977.0,0.9260983415769567,0.9214285714285714,0.07857142857142857,0.07390165842304335,0.9235516623531754,0.28488950826199483,5023.0,0.8597938144329897,0.9495515695067265,0.05044843049327354,0.1402061855670103,None
