Accuracy,Selection rate,Count,tpr,tnr,fpr,fnr,generation
0.9326932693269326,0.48344834483448346,9999.0,0.9220937309799148,0.9429980276134122,0.057001972386587774,0.07790626902008521,None
