Accuracy,Selection rate,Count,tpr,tnr,fpr,fnr,generation
0.9241,0.4735,10000.0,0.9063777596075225,0.9410728269381362,0.05892717306186374,0.09362224039247752,None
