difference_Accuracy,difference_Selection rate,difference_Count,difference_tpr,difference_tnr,difference_fpr,difference_fnr,ratio_Accuracy,ratio_Selection rate,ratio_Count,ratio_tpr,ratio_tnr,ratio_fpr,ratio_fnr,group_min_Accuracy,group_min_Selection rate,group_min_Count,group_min_tpr,group_min_tnr,group_min_fpr,group_min_fnr,group_max_Accuracy,group_max_Selection rate,group_max_Count,group_max_tpr,group_max_tnr,group_max_fpr,group_max_fnr,group_0_Accuracy,group_0_Selection rate,group_0_Count,group_0_tpr,group_0_tnr,group_0_fpr,group_0_fnr,group_1_Accuracy,group_1_Selection rate,group_1_Count,group_1_tpr,group_1_tnr,group_1_fpr,group_1_fnr,generation
0.003729271500583331,0.3822270438677905,35.0,0.05755813473442006,0.02732811951805514,0.027328119518055166,0.05755813473442011,0.996009615417546,0.4339312923456206,0.9930237193541958,0.9387204341405097,0.9712702307112293,0.640965050469689,0.5134022057797012,0.9308351604544548,0.29300378712377917,4982.0,0.8817131203263087,0.9238845144356955,0.048787366046249295,0.06072874493927125,0.9345644319550381,0.6752308309915697,5017.0,0.9392712550607287,0.9512126339537507,0.07611548556430446,0.11828687967369136,0.9345644319550381,0.6752308309915697,4982.0,0.9392712550607287,0.9238845144356955,0.07611548556430446,0.06072874493927125,0.9308351604544548,0.29300378712377917,5017.0,0.8817131203263087,0.9512126339537507,0.048787366046249295,0.11828687967369136,None
