Accuracy,Selection rate,Count,tpr,tnr,fpr,fnr,generation
0.9277,0.4781,10000.0,0.9147587898609976,0.9400939702427564,0.05990602975724354,0.08524121013900245,None
