Accuracy,Selection rate,Count,tpr,tnr,fpr,fnr,generation
0.9375937593759376,0.48634863486348634,9999.0,0.9300060864272672,0.9449704142011834,0.05502958579881657,0.06999391357273281,None
