difference_Accuracy,difference_Selection rate,difference_Count,difference_tpr,difference_tnr,difference_fpr,difference_fnr,ratio_Accuracy,ratio_Selection rate,ratio_Count,ratio_tpr,ratio_tnr,ratio_fpr,ratio_fnr,group_min_Accuracy,group_min_Selection rate,group_min_Count,group_min_tpr,group_min_tnr,group_min_fpr,group_min_fnr,group_max_Accuracy,group_max_Selection rate,group_max_Count,group_max_tpr,group_max_tnr,group_max_fpr,group_max_fnr,group_0_Accuracy,group_0_Selection rate,group_0_Count,group_0_tpr,group_0_tnr,group_0_fpr,group_0_fnr,group_1_Accuracy,group_1_Selection rate,group_1_Count,group_1_tpr,group_1_tnr,group_1_fpr,group_1_fnr,generation
0.010865389911650536,0.3554060403918147,46.0,0.014648153758322402,0.015566216294915947,0.015566216294915843,0.01464815375832236,0.9883556958552975,0.4587344360373128,0.9908421262193908,0.9840627716152726,0.9835240997507386,0.7800736413378863,0.8466686063427408,0.9222423146473779,0.3012144136969938,4977.0,0.90446735395189,0.9292207792207792,0.05521300448430493,0.0808844922897876,0.9331077045590285,0.6566204540888085,5023.0,0.9191155077102124,0.9447869955156951,0.07077922077922078,0.09553264604810996,0.9222423146473779,0.6566204540888085,4977.0,0.9191155077102124,0.9292207792207792,0.07077922077922078,0.0808844922897876,0.9331077045590285,0.3012144136969938,5023.0,0.90446735395189,0.9447869955156951,0.05521300448430493,0.09553264604810996,None
