difference_Accuracy,difference_Selection rate,difference_Count,difference_tpr,difference_tnr,difference_fpr,difference_fnr,ratio_Accuracy,ratio_Selection rate,ratio_Count,ratio_tpr,ratio_tnr,ratio_fpr,ratio_fnr,group_min_Accuracy,group_min_Selection rate,group_min_Count,group_min_tpr,group_min_tnr,group_min_fpr,group_min_fnr,group_max_Accuracy,group_max_Selection rate,group_max_Count,group_max_tpr,group_max_tnr,group_max_fpr,group_max_fnr,group_0_Accuracy,group_0_Selection rate,group_0_Count,group_0_tpr,group_0_tnr,group_0_fpr,group_0_fnr,group_1_Accuracy,group_1_Selection rate,group_1_Count,group_1_tpr,group_1_tnr,group_1_fpr,group_1_fnr,generation
0.00483738668695044,0.3648453947865895,35.0,0.01844863426673149,0.015137384476686555,0.015137384476686604,0.018448634266731517,0.9948538657742938,0.4549745856591338,0.9930237193541958,0.9802796360759327,0.9840578659476298,0.7693062605752962,0.7775578606035897,0.9351665997591329,0.30456448076539766,4982.0,0.9170632222977566,0.9343832020997376,0.05047941342357586,0.06448814343551186,0.9400039864460833,0.6694098755519872,5017.0,0.9355118565644881,0.9495205865764241,0.06561679790026247,0.08293677770224338,0.9351665997591329,0.6694098755519872,4982.0,0.9355118565644881,0.9343832020997376,0.06561679790026247,0.06448814343551186,0.9400039864460833,0.30456448076539766,5017.0,0.9170632222977566,0.9495205865764241,0.05047941342357586,0.08293677770224338,None
