difference_Accuracy,difference_Selection rate,difference_Count,difference_tpr,difference_tnr,difference_fpr,difference_fnr,ratio_Accuracy,ratio_Selection rate,ratio_Count,ratio_tpr,ratio_tnr,ratio_fpr,ratio_fnr,group_min_Accuracy,group_min_Selection rate,group_min_Count,group_min_tpr,group_min_tnr,group_min_fpr,group_min_fnr,group_max_Accuracy,group_max_Selection rate,group_max_Count,group_max_tpr,group_max_tnr,group_max_fpr,group_max_fnr,generation
0.021877582929654804,0.3742299987067727,46.0,0.0011522075813339416,0.07358336730534043,0.07358336730534039,0.0011522075813339139,0.9766586450603959,0.4579328569372504,0.9908421262193908,0.9987724310424536,0.921487603305785,0.4603886397608371,0.9815773403204303,0.9154108900944344,0.31614572964363924,4977.0,0.9374570446735395,0.8636363636363636,0.06278026905829596,0.06139074774512657,0.9372884730240892,0.6903757283504119,5023.0,0.9386092522548735,0.9372197309417041,0.13636363636363635,0.06254295532646048,None
