difference_Accuracy,difference_Selection rate,difference_Count,difference_tpr,difference_tnr,difference_fpr,difference_fnr,ratio_Accuracy,ratio_Selection rate,ratio_Count,ratio_tpr,ratio_tnr,ratio_fpr,ratio_fnr,group_min_Accuracy,group_min_Selection rate,group_min_Count,group_min_tpr,group_min_tnr,group_min_fpr,group_min_fnr,group_max_Accuracy,group_max_Selection rate,group_max_Count,group_max_tpr,group_max_tnr,group_max_fpr,group_max_fnr,generation
0.012057799147290993,0.3822251634686946,35.0,0.008490740001706465,0.07013003450710797,0.07013003450710792,0.00849074000170641,0.9871834791690764,0.4567059160054104,0.9930237193541958,0.9911135051677056,0.925253651228673,0.46826779806551005,0.839873352019101,0.9287434765154556,0.32130755431532787,4982.0,0.946974847042828,0.8681102362204725,0.06175972927241963,0.044534412955465584,0.9408012756627466,0.7035327177840225,5017.0,0.9554655870445344,0.9382402707275804,0.13188976377952755,0.05302515295717199,None
