Accuracy,Selection rate,Count,tpr,tnr,fpr,fnr,generation
0.9347934793479348,0.5117511751175118,9999.0,0.9529316291336986,0.9171597633136095,0.08284023668639054,0.04706837086630148,None
