Accuracy,Selection rate,Count,tpr,tnr,fpr,fnr,generation
0.9264,0.5024,10000.0,0.9382665576451349,0.9150352388410337,0.08496476115896633,0.06173344235486509,None
