difference_Accuracy,difference_Selection rate,difference_Count,difference_tpr,difference_tnr,difference_fpr,difference_fnr,ratio_Accuracy,ratio_Selection rate,ratio_Count,ratio_tpr,ratio_tnr,ratio_fpr,ratio_fnr,group_min_Accuracy,group_min_Selection rate,group_min_Count,group_min_tpr,group_min_tnr,group_min_fpr,group_min_fnr,group_max_Accuracy,group_max_Selection rate,group_max_Count,group_max_tpr,group_max_tnr,group_max_fpr,group_max_fnr,generation
0.01486547455344156,0.37199959151135636,46.0,0.009003296449492937,0.05864830237027552,0.05864830237027546,0.009003296449492937,0.9841027722627343,0.45769128091622124,0.9908421262193908,0.9904108057338372,0.9374231032125768,0.5170139804800844,0.8715706241763508,0.9202330721318063,0.31395580330479794,4977.0,0.9298969072164949,0.8785714285714286,0.06278026905829596,0.06109979633401222,0.9350985466852478,0.6859553948161543,5023.0,0.9389002036659878,0.9372197309417041,0.12142857142857143,0.07010309278350516,None
