difference_Accuracy,difference_Selection rate,difference_Count,difference_tpr,difference_tnr,difference_fpr,difference_fnr,ratio_Accuracy,ratio_Selection rate,ratio_Count,ratio_tpr,ratio_tnr,ratio_fpr,ratio_fnr,group_min_Accuracy,group_min_Selection rate,group_min_Count,group_min_tpr,group_min_tnr,group_min_fpr,group_min_fnr,group_max_Accuracy,group_max_Selection rate,group_max_Count,group_max_tpr,group_max_tnr,group_max_fpr,group_max_fnr,generation
0.011254908741831327,0.3781939078750074,35.0,0.008521014925537473,0.060011058262387285,0.06001105826238725,0.008521014925537446,0.9880368904326763,0.4574828537191803,0.9930237193541958,0.9910438694186904,0.936153851605633,0.5002357770935619,0.8507807981492193,0.9295463669209153,0.31891568666533787,4982.0,0.9428959891230455,0.8799212598425197,0.06006768189509306,0.048582995951417005,0.9408012756627466,0.6971095945403453,5017.0,0.951417004048583,0.939932318104907,0.12007874015748031,0.05710401087695445,None
