Accuracy,Selection rate,Count,tpr,tnr,fpr,fnr,generation
0.9277,0.4991,10000.0,0.9362224039247752,0.9195379796397808,0.08046202036021927,0.06377759607522486,None
