difference_Accuracy,difference_Selection rate,difference_Count,difference_tpr,difference_tnr,difference_fpr,difference_fnr,ratio_Accuracy,ratio_Selection rate,ratio_Count,ratio_tpr,ratio_tnr,ratio_fpr,ratio_fnr,group_min_Accuracy,group_min_Selection rate,group_min_Count,group_min_tpr,group_min_tnr,group_min_fpr,group_min_fnr,group_max_Accuracy,group_max_Selection rate,group_max_Count,group_max_tpr,group_max_tnr,group_max_fpr,group_max_fnr,group_0_Accuracy,group_0_Selection rate,group_0_Count,group_0_tpr,group_0_tnr,group_0_fpr,group_0_fnr,group_1_Accuracy,group_1_Selection rate,group_1_Count,group_1_tpr,group_1_tnr,group_1_fpr,group_1_fnr,generation
0.00744231747943791,0.36253407122094705,46.0,0.011115543704201314,0.03026833032438414,0.03026833032438414,0.011115543704201411,0.9920309612664215,0.4621961035866905,0.9908421262193908,0.9881095164297106,0.9677330736189416,0.671737826059496,0.8542962514449275,0.9264617239300783,0.31156679275333465,4977.0,0.9237113402061856,0.9077922077922078,0.06193946188340807,0.06517311608961303,0.9339040414095162,0.6741008639742817,5023.0,0.9348268839103869,0.938060538116592,0.09220779220779221,0.07628865979381444,0.9264617239300783,0.6741008639742817,4977.0,0.9348268839103869,0.9077922077922078,0.09220779220779221,0.06517311608961303,0.9339040414095162,0.31156679275333465,5023.0,0.9237113402061856,0.938060538116592,0.06193946188340807,0.07628865979381444,None
