Accuracy,Selection rate,Count,tpr,tnr,fpr,fnr,generation
0.9302,0.492,10000.0,0.9315208503679476,0.9289350039154268,0.07106499608457321,0.06847914963205233,None
