difference_Accuracy,difference_Selection rate,difference_Count,difference_tpr,difference_tnr,difference_fpr,difference_fnr,ratio_Accuracy,ratio_Selection rate,ratio_Count,ratio_tpr,ratio_tnr,ratio_fpr,ratio_fnr,group_min_Accuracy,group_min_Selection rate,group_min_Count,group_min_tpr,group_min_tnr,group_min_fpr,group_min_fnr,group_max_Accuracy,group_max_Selection rate,group_max_Count,group_max_tpr,group_max_tnr,group_max_fpr,group_max_fnr,group_0_Accuracy,group_0_Selection rate,group_0_Count,group_0_tpr,group_0_tnr,group_0_fpr,group_0_fnr,group_1_Accuracy,group_1_Selection rate,group_1_Count,group_1_tpr,group_1_tnr,group_1_fpr,group_1_fnr,generation
0.008235667938163216,0.3743521725050925,35.0,0.010677022001219671,0.04399212154318277,0.04399212154318274,0.01067702200121965,0.9912572268206168,0.4568950135642485,0.9930237193541958,0.9887469850410797,0.9533783433974519,0.5618039658051602,0.8274076992989658,0.9337615415495785,0.31492924058202115,4982.0,0.938137321549966,0.8996062992125984,0.05640157924421884,0.05118565644881434,0.9419972094877417,0.6892814130871137,5017.0,0.9488143435511857,0.9435984207557812,0.10039370078740158,0.061862678450033994,0.9337615415495785,0.6892814130871137,4982.0,0.9488143435511857,0.8996062992125984,0.10039370078740158,0.05118565644881434,0.9419972094877417,0.31492924058202115,5017.0,0.938137321549966,0.9435984207557812,0.05640157924421884,0.061862678450033994,None
