Accuracy,Selection rate,Count,tpr,tnr,fpr,fnr,generation
0.9378937893789379,0.5014501450145015,9999.0,0.9456279164130655,0.9303747534516765,0.06962524654832347,0.05437208358693447,None
