Accuracy,Selection rate,Count,tpr,tnr,fpr,fnr,generation
0.5330447475713495,0.9824835153772588,19867.0,0.9956445993031359,0.03177766124803356,0.9682223387519664,0.004355400696864111,0
0.5416016509790105,0.9620476166507274,19867.0,0.9842237708091367,0.06198217094913477,0.9380178290508653,0.01577622919086334,1
0.5299743292897771,0.9847485780439925,19867.0,0.9948703058459156,0.026219192448872573,0.9737808075511274,0.005129694154084398,2
0.5778426536467509,0.8572507172698445,19867.0,0.9183120402632597,0.20891452543261668,0.7910854745673833,0.08168795973674023,3
0.5400916092011879,0.967081089243469,19867.0,0.9876113046844754,0.0551651809124279,0.944834819087572,0.012388695315524584,4
0.5674233653797756,0.9254542709014949,19867.0,0.9738675958188153,0.12700576822233875,0.8729942317776612,0.02613240418118467,5
0.5357124880455026,0.9756883273770575,19867.0,0.9916763453348819,0.04163607760880965,0.9583639223911904,0.00832365466511808,6
