Accuracy,Selection rate,Count,tpr,tnr,fpr,fnr,generation
0.5084159903817252,0.9843202083959524,19962.0,0.996868054152354,0.02802066772655008,0.9719793322734499,0.003131945847645989,0
0.5183849313696023,0.9645326119627292,19962.0,0.9869670640533441,0.05753179650238474,0.9424682034976153,0.01303293594665589,1
0.5048592325418295,0.9870754433423504,19962.0,0.9960598100626389,0.02176073131955485,0.9782392686804452,0.003940189937361083,2
0.5508967037371005,0.8574792104999499,19962.0,0.9118003637098404,0.19594594594594594,0.8040540540540541,0.08819963629015963,3
0.5172327422101993,0.9678889890792506,19962.0,0.9891897353000606,0.053060413354531,0.946939586645469,0.010810264699939382,4
0.5430818555254985,0.9326219817653542,19962.0,0.9796928672459083,0.1136724960254372,0.8863275039745628,0.020307132754091736,5
0.5130748422001803,0.9759543131950706,19962.0,0.9931299252374217,0.040937996820349765,0.9590620031796503,0.006870074762578299,6
