generation,epoch,gen_loss
0,0,0.551017571638965
0,10,0.5267702311324248
0,20,0.5251204613010464
