Accuracy,Selection rate,Count,tpr,tnr,fpr,fnr,generation
0.9324932493249325,0.5104510451045104,9999.0,0.949279772773382,0.9161735700197239,0.08382642998027613,0.050720227226617974,None
