Accuracy,Selection rate,Count,tpr,tnr,fpr,fnr,generation
0.9254,0.502,10000.0,0.9368356500408831,0.9144479248238058,0.0855520751761942,0.06316434995911692,None
