difference_Accuracy,difference_Selection rate,difference_Count,difference_tpr,difference_tnr,difference_fpr,difference_fnr,ratio_Accuracy,ratio_Selection rate,ratio_Count,ratio_tpr,ratio_tnr,ratio_fpr,ratio_fnr,group_min_Accuracy,group_min_Selection rate,group_min_Count,group_min_tpr,group_min_tnr,group_min_fpr,group_min_fnr,group_max_Accuracy,group_max_Selection rate,group_max_Count,group_max_tpr,group_max_tnr,group_max_fpr,group_max_fnr,generation
0.017486690018360784,0.37422631862890215,46.0,0.007919677413871895,0.06902408129986604,0.06902408129986604,0.007919677413871888,0.9812797007753141,0.45762248461967203,0.9908421262193908,0.9915675553681915,0.9261978057902541,0.48399473203012766,0.884768693628164,0.9166164356037774,0.31574756121839537,4977.0,0.9312714776632303,0.8662337662337662,0.06474215246636772,0.06080884492289788,0.9341031256221382,0.6899738798472975,5023.0,0.9391911550771022,0.9352578475336323,0.13376623376623376,0.06872852233676977,None
