difference_Accuracy,difference_Selection rate,difference_Count,difference_tpr,difference_tnr,difference_fpr,difference_fnr,ratio_Accuracy,ratio_Selection rate,ratio_Count,ratio_tpr,ratio_tnr,ratio_fpr,ratio_fnr,group_min_Accuracy,group_min_Selection rate,group_min_Count,group_min_tpr,group_min_tnr,group_min_fpr,group_min_fnr,group_max_Accuracy,group_max_Selection rate,group_max_Count,group_max_tpr,group_max_tnr,group_max_fpr,group_max_fnr,generation
0.012673969923376549,0.38041585946201223,35.0,0.009099383924959126,0.06965817090122617,0.06965817090122618,0.009099383924959077,0.9864999347971167,0.45757532574706783,0.9930237193541958,0.9904417771529439,0.9256672061342919,0.47446013636896683,0.8406524553141095,0.9261340826977118,0.3209089097069962,4982.0,0.9428959891230455,0.8674540682414699,0.062887760857304,0.04800462695199537,0.9388080526210884,0.7013247691690084,5017.0,0.9519953730480046,0.937112239142696,0.1325459317585302,0.05710401087695445,None
