Accuracy,Selection rate,Count,tpr,tnr,fpr,fnr,generation
0.9303,0.4883,10000.0,0.9278413736713,0.93265465935787,0.06734534064212999,0.07215862632869992,None
