difference_Accuracy,difference_Selection rate,difference_Count,difference_tpr,difference_tnr,difference_fpr,difference_fnr,ratio_Accuracy,ratio_Selection rate,ratio_Count,ratio_tpr,ratio_tnr,ratio_fpr,ratio_fnr,group_min_Accuracy,group_min_Selection rate,group_min_Count,group_min_tpr,group_min_tnr,group_min_fpr,group_min_fnr,group_max_Accuracy,group_max_Selection rate,group_max_Count,group_max_tpr,group_max_tnr,group_max_fpr,group_max_fnr,group_0_Accuracy,group_0_Selection rate,group_0_Count,group_0_tpr,group_0_tnr,group_0_fpr,group_0_fnr,group_1_Accuracy,group_1_Selection rate,group_1_Count,group_1_tpr,group_1_tnr,group_1_fpr,group_1_fnr,generation
0.007429976938305494,0.36950682412835306,35.0,0.011300803386387837,0.03069000892654916,0.030690008926549155,0.011300803386387843,0.9921158641498564,0.45696666731343516,0.9930237193541958,0.9880201783843872,0.9675821353430016,0.6345970812182741,0.8337651821862349,0.9349658771577679,0.3109427944987044,4982.0,0.9320190346702923,0.916010498687664,0.0532994923857868,0.05668016194331984,0.9423958540960734,0.6804496186270574,5017.0,0.9433198380566802,0.9467005076142132,0.08398950131233596,0.06798096532970768,0.9349658771577679,0.6804496186270574,4982.0,0.9433198380566802,0.916010498687664,0.08398950131233596,0.05668016194331984,0.9423958540960734,0.3109427944987044,5017.0,0.9320190346702923,0.9467005076142132,0.0532994923857868,0.06798096532970768,None
