difference_Accuracy,difference_Selection rate,difference_Count,difference_tpr,difference_tnr,difference_fpr,difference_fnr,ratio_Accuracy,ratio_Selection rate,ratio_Count,ratio_tpr,ratio_tnr,ratio_fpr,ratio_fnr,group_min_Accuracy,group_min_Selection rate,group_min_Count,group_min_tpr,group_min_tnr,group_min_fpr,group_min_fnr,group_max_Accuracy,group_max_Selection rate,group_max_Count,group_max_tpr,group_max_tnr,group_max_fpr,group_max_fnr,group_0_Accuracy,group_0_Selection rate,group_0_Count,group_0_tpr,group_0_tnr,group_0_fpr,group_0_fnr,group_1_Accuracy,group_1_Selection rate,group_1_Count,group_1_tpr,group_1_tnr,group_1_fpr,group_1_fnr,generation
0.006841384763701552,0.362700034732735,46.0,0.0156607846489637,0.026297245355541343,0.026297245355541322,0.015660784648963616,0.9926728623309014,0.45904762575222596,0.9908421262193908,0.9832055797695824,0.9720415460582326,0.6931988041853513,0.8116823002955201,0.9268635724331927,0.3077841927135178,4977.0,0.9168384879725086,0.9142857142857143,0.05941704035874439,0.06750072737852779,0.9337049571968943,0.6704842274462528,5023.0,0.9324992726214723,0.9405829596412556,0.08571428571428572,0.0831615120274914,0.9268635724331927,0.6704842274462528,4977.0,0.9324992726214723,0.9142857142857143,0.08571428571428572,0.06750072737852779,0.9337049571968943,0.3077841927135178,5023.0,0.9168384879725086,0.9405829596412556,0.05941704035874439,0.0831615120274914,None
