Accuracy,Selection rate,Count,tpr,tnr,fpr,fnr,generation
0.9386938693869387,0.49504950495049505,9999.0,0.9399472509636844,0.9374753451676529,0.06252465483234713,0.06005274903631568,None
