difference_Accuracy,difference_Selection rate,difference_Count,difference_tpr,difference_tnr,difference_fpr,difference_fnr,ratio_Accuracy,ratio_Selection rate,ratio_Count,ratio_tpr,ratio_tnr,ratio_fpr,ratio_fnr,group_min_Accuracy,group_min_Selection rate,group_min_Count,group_min_tpr,group_min_tnr,group_min_fpr,group_min_fnr,group_max_Accuracy,group_max_Selection rate,group_max_Count,group_max_tpr,group_max_tnr,group_max_fpr,group_max_fnr,group_0_Accuracy,group_0_Selection rate,group_0_Count,group_0_tpr,group_0_tnr,group_0_fpr,group_0_fnr,group_1_Accuracy,group_1_Selection rate,group_1_Count,group_1_tpr,group_1_tnr,group_1_fpr,group_1_fnr,generation
9.528201616737508e-05,0.3687189220923915,46.0,0.058157887632765304,0.013557014734144723,0.013557014734144772,0.05815788763276533,0.999896819278837,0.4360436154720859,0.9908421262193908,0.9366438479258908,0.9857185035218694,0.7891131041355257,0.5851974190898355,0.9233525781405535,0.28508859247461676,4977.0,0.8597938144329897,0.9357142857142857,0.05072869955156951,0.08204829793424498,0.9234478601567209,0.6538075145670083,5023.0,0.917951702065755,0.9492713004484304,0.06428571428571428,0.1402061855670103,0.9234478601567209,0.6538075145670083,4977.0,0.917951702065755,0.9357142857142857,0.06428571428571428,0.08204829793424498,0.9233525781405535,0.28508859247461676,5023.0,0.8597938144329897,0.9492713004484304,0.05072869955156951,0.1402061855670103,None
