Accuracy,Selection rate,Count,tpr,tnr,fpr,fnr,generation
0.9283928392839284,0.47574757475747576,9999.0,0.9099208764455264,0.9463510848126233,0.053648915187376724,0.09007912355447352,None
