difference_Accuracy,difference_Selection rate,difference_Count,difference_tpr,difference_tnr,difference_fpr,difference_fnr,ratio_Accuracy,ratio_Selection rate,ratio_Count,ratio_tpr,ratio_tnr,ratio_fpr,ratio_fnr,group_min_Accuracy,group_min_Selection rate,group_min_Count,group_min_tpr,group_min_tnr,group_min_fpr,group_min_fnr,group_max_Accuracy,group_max_Selection rate,group_max_Count,group_max_tpr,group_max_tnr,group_max_fpr,group_max_fnr,group_0_Accuracy,group_0_Selection rate,group_0_Count,group_0_tpr,group_0_tnr,group_0_fpr,group_0_fnr,group_1_Accuracy,group_1_Selection rate,group_1_Count,group_1_tpr,group_1_tnr,group_1_fpr,group_1_fnr,generation
0.004299232469099246,0.3815730650673299,35.0,0.06927688934200793,0.02274049500157649,0.022740495001576586,0.06927688934200796,0.9953799016046048,0.42809957576250374,0.9930237193541958,0.9255564066672892,0.9761426641196479,0.6730517511094084,0.5004592930289524,0.9262507474586407,0.2856288618696432,4982.0,0.8613188307273963,0.9304461942257218,0.046813310772701636,0.06940427993059572,0.9305499799277399,0.6672019269369731,5017.0,0.9305957200694043,0.9531866892272983,0.06955380577427822,0.13868116927260368,0.9305499799277399,0.6672019269369731,4982.0,0.9305957200694043,0.9304461942257218,0.06955380577427822,0.06940427993059572,0.9262507474586407,0.2856288618696432,5017.0,0.8613188307273963,0.9531866892272983,0.046813310772701636,0.13868116927260368,None
