Accuracy,Selection rate,Count,tpr,tnr,fpr,fnr,generation
0.9234,0.4686,10000.0,0.9006541291905151,0.9451840250587314,0.0548159749412686,0.09934587080948487,None
