generation,epoch,gen_loss
0,0,79327.86017717634
0,10,27235.477230149874
0,20,26314.512690330037
