difference_Accuracy,difference_Selection rate,difference_Count,difference_tpr,difference_tnr,difference_fpr,difference_fnr,ratio_Accuracy,ratio_Selection rate,ratio_Count,ratio_tpr,ratio_tnr,ratio_fpr,ratio_fnr,group_min_Accuracy,group_min_Selection rate,group_min_Count,group_min_tpr,group_min_tnr,group_min_fpr,group_min_fnr,group_max_Accuracy,group_max_Selection rate,group_max_Count,group_max_tpr,group_max_tnr,group_max_fpr,group_max_fnr,generation
0.019879380647694456,0.3714317794964541,46.0,0.00017397094685189796,0.06837473065051536,0.06837473065051539,0.00017397094685187714,0.9787634774578118,0.4610449077102472,0.9908421262193908,0.9998145928234635,0.9268921069939949,0.48635568194246975,0.9971874696925613,0.9162145871006631,0.3177384033446148,4977.0,0.9381443298969072,0.8668831168831169,0.06474215246636772,0.06168169915624091,0.9360939677483575,0.6891701828410689,5023.0,0.9383183008437591,0.9352578475336323,0.1331168831168831,0.061855670103092786,None
