Accuracy,Selection rate,Count,tpr,tnr,fpr,fnr,generation
0.9353935393539354,0.5111511151115111,9999.0,0.9529316291336986,0.9183431952662722,0.08165680473372781,0.04706837086630148,None
