Accuracy,Selection rate,Count,tpr,tnr,fpr,fnr,generation
0.9262,0.5026,10000.0,0.9382665576451349,0.9146436961628818,0.08535630383711824,0.06173344235486509,None
