difference_Accuracy,difference_Selection rate,difference_Count,difference_tpr,difference_tnr,difference_fpr,difference_fnr,ratio_Accuracy,ratio_Selection rate,ratio_Count,ratio_tpr,ratio_tnr,ratio_fpr,ratio_fnr,group_min_Accuracy,group_min_Selection rate,group_min_Count,group_min_tpr,group_min_tnr,group_min_fpr,group_min_fnr,group_max_Accuracy,group_max_Selection rate,group_max_Count,group_max_tpr,group_max_tnr,group_max_fpr,group_max_fnr,generation
0.012453643161224548,0.3802207380494436,35.0,0.005583757542682699,0.06713120250831583,0.06713120250831592,0.005583757542682727,0.9867739357028231,0.4583186397019365,0.9930237193541958,0.9941506714381713,0.9284713809812236,0.4780206498843192,0.8904839020628494,0.9291449217181854,0.32170619892365954,4982.0,0.9490142760027193,0.8713910761154856,0.06147772137619854,0.045401966454598035,0.94159856487941,0.7019269369731032,5017.0,0.954598033545402,0.9385222786238014,0.12860892388451445,0.05098572399728076,None
