Accuracy,Selection rate,Count,tpr,tnr,fpr,fnr,generation
0.925,0.4772,10000.0,0.91107931316435,0.9383320281910729,0.06166797180892717,0.08892068683565003,None
