difference_Accuracy,difference_Selection rate,difference_Count,difference_tpr,difference_tnr,difference_fpr,difference_fnr,ratio_Accuracy,ratio_Selection rate,ratio_Count,ratio_tpr,ratio_tnr,ratio_fpr,ratio_fnr,group_min_Accuracy,group_min_Selection rate,group_min_Count,group_min_tpr,group_min_tnr,group_min_fpr,group_min_fnr,group_max_Accuracy,group_max_Selection rate,group_max_Count,group_max_tpr,group_max_tnr,group_max_fpr,group_max_fnr,group_0_Accuracy,group_0_Selection rate,group_0_Count,group_0_tpr,group_0_tnr,group_0_fpr,group_0_fnr,group_1_Accuracy,group_1_Selection rate,group_1_Count,group_1_tpr,group_1_tnr,group_1_fpr,group_1_fnr,generation
0.009090192348470083,0.36879804376660613,46.0,0.03680165412376135,0.030706569215537827,0.030706569215537827,0.036801654123761324,0.99022059623766,0.4432793861612379,0.9908421262193908,0.9600860570453241,0.9675950786864718,0.6305615891255605,0.6793628338318999,0.9204339963833634,0.2936492136173601,4977.0,0.8852233676975945,0.9168831168831169,0.05241031390134529,0.07797497817864417,0.9295241887318335,0.6624472573839663,5023.0,0.9220250218213558,0.9475896860986547,0.08311688311688312,0.11477663230240549,0.9204339963833634,0.6624472573839663,4977.0,0.9220250218213558,0.9168831168831169,0.08311688311688312,0.07797497817864417,0.9295241887318335,0.2936492136173601,5023.0,0.8852233676975945,0.9475896860986547,0.05241031390134529,0.11477663230240549,None
