difference_Accuracy,difference_Selection rate,difference_Count,difference_tpr,difference_tnr,difference_fpr,difference_fnr,ratio_Accuracy,ratio_Selection rate,ratio_Count,ratio_tpr,ratio_tnr,ratio_fpr,ratio_fnr,group_min_Accuracy,group_min_Selection rate,group_min_Count,group_min_tpr,group_min_tnr,group_min_fpr,group_min_fnr,group_max_Accuracy,group_max_Selection rate,group_max_Count,group_max_tpr,group_max_tnr,group_max_fpr,group_max_fnr,group_0_Accuracy,group_0_Selection rate,group_0_Count,group_0_tpr,group_0_tnr,group_0_fpr,group_0_fnr,group_1_Accuracy,group_1_Selection rate,group_1_Count,group_1_tpr,group_1_tnr,group_1_fpr,group_1_fnr,generation
0.002490328547330889,0.37723698477764916,35.0,0.04516409205306837,0.03266406420009682,0.032664064200096814,0.0451640920530684,0.9973257751879369,0.44048983085375165,0.9930237193541958,0.9516628194616186,0.9655687361315269,0.6110934856175974,0.5924148502450085,0.9287434765154556,0.2969902332070959,4982.0,0.8891910265125765,0.916010498687664,0.05132543711223914,0.06564488143435512,0.9312338050627865,0.674227217984745,5017.0,0.9343551185656449,0.9486745628877609,0.08398950131233596,0.11080897348742352,0.9287434765154556,0.674227217984745,4982.0,0.9343551185656449,0.916010498687664,0.08398950131233596,0.06564488143435512,0.9312338050627865,0.2969902332070959,5017.0,0.8891910265125765,0.9486745628877609,0.05132543711223914,0.11080897348742352,None
