Accuracy,Selection rate,Count,tpr,tnr,fpr,fnr,generation
0.92999299929993,0.48494849484948493,9999.0,0.920876445526476,0.9388560157790927,0.0611439842209073,0.07912355447352404,None
