Accuracy,Selection rate,Count,tpr,tnr,fpr,fnr,generation
0.9338933893389338,0.49964996499649966,9999.0,0.9397443700547778,0.9282051282051282,0.07179487179487179,0.060255629945222156,None
