Accuracy,Selection rate,Count,tpr,tnr,fpr,fnr,generation
0.9285,0.4887,10000.0,0.9264104660670482,0.9305011746280345,0.06949882537196554,0.07358953393295176,None
