difference_Accuracy,difference_Selection rate,difference_Count,difference_tpr,difference_tnr,difference_fpr,difference_fnr,ratio_Accuracy,ratio_Selection rate,ratio_Count,ratio_tpr,ratio_tnr,ratio_fpr,ratio_fnr,group_min_Accuracy,group_min_Selection rate,group_min_Count,group_min_tpr,group_min_tnr,group_min_fpr,group_min_fnr,group_max_Accuracy,group_max_Selection rate,group_max_Count,group_max_tpr,group_max_tnr,group_max_fpr,group_max_fnr,group_0_Accuracy,group_0_Selection rate,group_0_Count,group_0_tpr,group_0_tnr,group_0_fpr,group_0_fnr,group_1_Accuracy,group_1_Selection rate,group_1_Count,group_1_tpr,group_1_tnr,group_1_fpr,group_1_fnr,generation
0.01125803822008875,0.36830383330911287,46.0,0.018515307943573478,0.039947440451924776,0.03994744045192476,0.018515307943573422,0.9879477566113585,0.4533110115182062,0.9908421262193908,0.9801320282853381,0.9576174643079193,0.5898729446935724,0.7861922773182592,0.9228450874020494,0.3053951821620545,4977.0,0.9134020618556701,0.9025974025974026,0.057455156950672645,0.06808263020075647,0.9341031256221382,0.6736990154711674,5023.0,0.9319173697992436,0.9425448430493274,0.09740259740259741,0.0865979381443299,0.9228450874020494,0.6736990154711674,4977.0,0.9319173697992436,0.9025974025974026,0.09740259740259741,0.06808263020075647,0.9341031256221382,0.3053951821620545,5023.0,0.9134020618556701,0.9425448430493274,0.057455156950672645,0.0865979381443299,None
