difference_Accuracy,difference_Selection rate,difference_Count,difference_tpr,difference_tnr,difference_fpr,difference_fnr,ratio_Accuracy,ratio_Selection rate,ratio_Count,ratio_tpr,ratio_tnr,ratio_fpr,ratio_fnr,group_min_Accuracy,group_min_Selection rate,group_min_Count,group_min_tpr,group_min_tnr,group_min_fpr,group_min_fnr,group_max_Accuracy,group_max_Selection rate,group_max_Count,group_max_tpr,group_max_tnr,group_max_fpr,group_max_fnr,group_0_Accuracy,group_0_Selection rate,group_0_Count,group_0_tpr,group_0_tnr,group_0_fpr,group_0_fnr,group_1_Accuracy,group_1_Selection rate,group_1_Count,group_1_tpr,group_1_tnr,group_1_fpr,group_1_fnr,generation
0.007863628976614079,0.3791401086966698,35.0,0.02263954872277174,0.051209969312211556,0.051209969312211605,0.02263954872277174,0.9916149146491663,0.4504288561167271,0.9930237193541958,0.9760807945361,0.9457290642017029,0.5241219924889604,0.702653784185739,0.9299478121236451,0.3107434721945386,4982.0,0.9238613188307274,0.8923884514435696,0.05640157924421884,0.05349913244650087,0.9378114411002592,0.6898835808912084,5017.0,0.9465008675534992,0.9435984207557812,0.10761154855643044,0.07613868116927261,0.9299478121236451,0.6898835808912084,4982.0,0.9465008675534992,0.8923884514435696,0.10761154855643044,0.05349913244650087,0.9378114411002592,0.3107434721945386,5017.0,0.9238613188307274,0.9435984207557812,0.05640157924421884,0.07613868116927261,None
