difference_Accuracy,difference_Selection rate,difference_Count,difference_tpr,difference_tnr,difference_fpr,difference_fnr,ratio_Accuracy,ratio_Selection rate,ratio_Count,ratio_tpr,ratio_tnr,ratio_fpr,ratio_fnr,group_min_Accuracy,group_min_Selection rate,group_min_Count,group_min_tpr,group_min_tnr,group_min_fpr,group_min_fnr,group_max_Accuracy,group_max_Selection rate,group_max_Count,group_max_tpr,group_max_tnr,group_max_fpr,group_max_fnr,generation
0.011661955133357438,0.37980528987472295,35.0,0.009388568424669952,0.0647885384885265,0.0647885384885265,0.00938856842466989,0.9875937173655526,0.4570473589222755,0.9930237193541958,0.990141005280137,0.9309882374646095,0.48574097574732095,0.8355882838965547,0.9283420313127259,0.3197129758820012,4982.0,0.9428959891230455,0.8740157480314961,0.06119571347997744,0.04771544245228456,0.9400039864460833,0.6995182657567242,5017.0,0.9522845575477155,0.9388042865200226,0.12598425196850394,0.05710401087695445,None
