Accuracy,Selection rate,Count,tpr,tnr,fpr,fnr,generation
0.9341934193419342,0.508950895089509,9999.0,0.9494826536822885,0.9193293885601578,0.08067061143984221,0.0505173463177115,None
