Accuracy,Selection rate,Count,tpr,tnr,fpr,fnr,generation
0.9252,0.5012,10000.0,0.9358135731807032,0.9150352388410337,0.08496476115896633,0.06418642681929682,None
