difference_Accuracy,difference_Selection rate,difference_Count,difference_tpr,difference_tnr,difference_fpr,difference_fnr,ratio_Accuracy,ratio_Selection rate,ratio_Count,ratio_tpr,ratio_tnr,ratio_fpr,ratio_fnr,group_min_Accuracy,group_min_Selection rate,group_min_Count,group_min_tpr,group_min_tnr,group_min_fpr,group_min_fnr,group_max_Accuracy,group_max_Selection rate,group_max_Count,group_max_tpr,group_max_tnr,group_max_fpr,group_max_fnr,generation
0.017888538521475095,0.37581899232987764,46.0,0.010377866896228327,0.07079450818240063,0.07079450818240055,0.010377866896228327,0.9808495036246015,0.45531417448287675,0.9908421262193908,0.9889467838480518,0.9243954489090676,0.47331621931933887,0.8548096506344979,0.9162145871006631,0.3141548875174199,4977.0,0.9285223367697595,0.8655844155844156,0.06362107623318386,0.06109979633401222,0.9341031256221382,0.6899738798472975,5023.0,0.9389002036659878,0.9363789237668162,0.1344155844155844,0.07147766323024055,None
