Accuracy,Selection rate,Count,tpr,tnr,fpr,fnr,generation
0.937993799379938,0.49154915491549156,9999.0,0.9356867518766484,0.9402366863905326,0.059763313609467454,0.0643132481233516,None
