difference_Accuracy,difference_Selection rate,difference_Count,difference_tpr,difference_tnr,difference_fpr,difference_fnr,ratio_Accuracy,ratio_Selection rate,ratio_Count,ratio_tpr,ratio_tnr,ratio_fpr,ratio_fnr,group_min_Accuracy,group_min_Selection rate,group_min_Count,group_min_tpr,group_min_tnr,group_min_fpr,group_min_fnr,group_max_Accuracy,group_max_Selection rate,group_max_Count,group_max_tpr,group_max_tnr,group_max_fpr,group_max_fnr,generation
0.004034496281490774,0.37368279043544206,35.0,0.02460781195261852,0.029009064222302205,0.029009064222302164,0.024607811952618568,0.9957080008812046,0.4496932716673449,0.9930237193541958,0.9739056075645033,0.9694305670929321,0.6376244764361598,0.6983492384808174,0.9359694901645925,0.305361769982061,4982.0,0.9184228416043508,0.9199475065616798,0.05104342921601805,0.05696934644303065,0.9400039864460833,0.679044560417503,5017.0,0.9430306535569694,0.948956570783982,0.08005249343832022,0.08157715839564922,None
