difference_Accuracy,difference_Selection rate,difference_Count,difference_tpr,difference_tnr,difference_fpr,difference_fnr,ratio_Accuracy,ratio_Selection rate,ratio_Count,ratio_tpr,ratio_tnr,ratio_fpr,ratio_fnr,group_min_Accuracy,group_min_Selection rate,group_min_Count,group_min_tpr,group_min_tnr,group_min_fpr,group_min_fnr,group_max_Accuracy,group_max_Selection rate,group_max_Count,group_max_tpr,group_max_tnr,group_max_fpr,group_max_fnr,generation
0.00943499964459249,0.36326232663083147,46.0,0.016584030466912036,0.025586745093471586,0.02558674509347155,0.016584030466912023,0.9899165950606834,0.45510651005375274,0.9908421262193908,0.9821542540028877,0.9729260063779637,0.682229133516563,0.8100018556743543,0.9262607996785212,0.30340434003583516,4977.0,0.9127147766323024,0.9194805194805195,0.05493273542600897,0.07070119290078557,0.9356957993231136,0.6666666666666666,5023.0,0.9292988070992144,0.945067264573991,0.08051948051948052,0.08728522336769759,None
