Accuracy,Selection rate,Count,tpr,tnr,fpr,fnr,generation
0.931,0.4842,10000.0,0.9243663123466884,0.9373531714956931,0.06264682850430697,0.07563368765331153,None
