difference_Accuracy,difference_Selection rate,difference_Count,difference_tpr,difference_tnr,difference_fpr,difference_fnr,ratio_Accuracy,ratio_Selection rate,ratio_Count,ratio_tpr,ratio_tnr,ratio_fpr,ratio_fnr,group_min_Accuracy,group_min_Selection rate,group_min_Count,group_min_tpr,group_min_tnr,group_min_fpr,group_min_fnr,group_max_Accuracy,group_max_Selection rate,group_max_Count,group_max_tpr,group_max_tnr,group_max_fpr,group_max_fnr,generation
0.010633184998194545,0.362060461199359,46.0,0.013649320563465905,0.02521766350241683,0.025217663502416866,0.013649320563465905,0.9886457295395554,0.4562537974082047,0.9908421262193908,0.9852984284623527,0.9733244520081165,0.6842666520835612,0.8398406337109444,0.9258589511754068,0.30380250846107903,4977.0,0.9147766323024055,0.9201298701298701,0.054652466367713,0.0715740471341286,0.9364921361736014,0.665862969660438,5023.0,0.9284259528658714,0.945347533632287,0.07987012987012987,0.0852233676975945,None
