Accuracy,Selection rate,Count,tpr,tnr,fpr,fnr,generation
0.9312,0.484,10000.0,0.9243663123466884,0.937744714173845,0.06225528582615505,0.07563368765331153,None
