Accuracy,Selection rate,Count,tpr,tnr,fpr,fnr,generation
0.9374937493749375,0.49264926492649264,9999.0,0.9362953946033679,0.9386587771203155,0.061341222879684416,0.06370460539663218,None
