difference_Accuracy,difference_Selection rate,difference_Count,difference_tpr,difference_tnr,difference_fpr,difference_fnr,ratio_Accuracy,ratio_Selection rate,ratio_Count,ratio_tpr,ratio_tnr,ratio_fpr,ratio_fnr,group_min_Accuracy,group_min_Selection rate,group_min_Count,group_min_tpr,group_min_tnr,group_min_fpr,group_min_fnr,group_max_Accuracy,group_max_Selection rate,group_max_Count,group_max_tpr,group_max_tnr,group_max_fpr,group_max_fnr,generation
0.0026378398551308857,0.37669082886151756,35.0,0.029351342063782537,0.032382056303875695,0.03238205630387572,0.02935134206378258,0.9971902245109997,0.4473870113698232,0.9930237193541958,0.9689421845604161,0.9658558514262434,0.6144511421319797,0.6518078695498051,0.9361702127659575,0.3049631253737293,4982.0,0.9157036029911625,0.916010498687664,0.051607445008460234,0.054945054945054944,0.9388080526210884,0.6816539542352469,5017.0,0.945054945054945,0.9483925549915397,0.08398950131233596,0.08429639700883752,None
