difference_Accuracy,difference_Selection rate,difference_Count,difference_tpr,difference_tnr,difference_fpr,difference_fnr,ratio_Accuracy,ratio_Selection rate,ratio_Count,ratio_tpr,ratio_tnr,ratio_fpr,ratio_fnr,group_min_Accuracy,group_min_Selection rate,group_min_Count,group_min_tpr,group_min_tnr,group_min_fpr,group_min_fnr,group_max_Accuracy,group_max_Selection rate,group_max_Count,group_max_tpr,group_max_tnr,group_max_fpr,group_max_fnr,generation
0.004093526619023291,0.3791651431344287,46.0,0.07101014130640182,0.025792033079028664,0.025792033079028595,0.07101014130640182,0.995575791100352,0.4290151535915124,0.9908421262193908,0.9233714738869379,0.9727894813642891,0.6690022421524664,0.5080011638056445,0.9211626518017121,0.28488950826199483,4977.0,0.8556701030927835,0.922077922077922,0.052130044843049325,0.07331975560081466,0.9252561784207354,0.6640546513964235,5023.0,0.9266802443991853,0.9478699551569507,0.07792207792207792,0.14432989690721648,None
