Accuracy,Selection rate,Count,tpr,tnr,fpr,fnr,generation
0.9232,0.4736,10000.0,0.9055600981193785,0.9400939702427564,0.05990602975724354,0.09443990188062143,None
