difference_Accuracy,difference_Selection rate,difference_Count,difference_tpr,difference_tnr,difference_fpr,difference_fnr,ratio_Accuracy,ratio_Selection rate,ratio_Count,ratio_tpr,ratio_tnr,ratio_fpr,ratio_fnr,group_min_Accuracy,group_min_Selection rate,group_min_Count,group_min_tpr,group_min_tnr,group_min_fpr,group_min_fnr,group_max_Accuracy,group_max_Selection rate,group_max_Count,group_max_tpr,group_max_tnr,group_max_fpr,group_max_fnr,generation
0.006126740339369663,0.38382722348991355,35.0,0.06279373065304583,0.026764103725612998,0.026764103725612977,0.06279373065304583,0.9934499097916868,0.4322365714291125,0.9930237193541958,0.9332285607016505,0.9718464812189191,0.6483750510531536,0.4868356789409421,0.9292405820211281,0.2922064979071158,4982.0,0.8776342624065262,0.9238845144356955,0.049351381838691484,0.059572006940427996,0.9353673223604978,0.6760337213970293,5017.0,0.940427993059572,0.9506486181613085,0.07611548556430446,0.12236573759347383,None
