Accuracy,Selection rate,Count,tpr,tnr,fpr,fnr,generation
0.9322932293229323,0.48344834483448346,9999.0,0.9216879691621018,0.942603550295858,0.05739644970414201,0.07831203083789816,None
