difference_Accuracy,difference_Selection rate,difference_Count,difference_tpr,difference_tnr,difference_fpr,difference_fnr,ratio_Accuracy,ratio_Selection rate,ratio_Count,ratio_tpr,ratio_tnr,ratio_fpr,ratio_fnr,group_min_Accuracy,group_min_Selection rate,group_min_Count,group_min_tpr,group_min_tnr,group_min_fpr,group_min_fnr,group_max_Accuracy,group_max_Selection rate,group_max_Count,group_max_tpr,group_max_tnr,group_max_fpr,group_max_fnr,group_0_Accuracy,group_0_Selection rate,group_0_Count,group_0_tpr,group_0_tnr,group_0_fpr,group_0_fnr,group_1_Accuracy,group_1_Selection rate,group_1_Count,group_1_tpr,group_1_tnr,group_1_fpr,group_1_fnr,generation
0.007091990066509735,0.3662206292285145,46.0,0.012043388754078066,0.047642828023994,0.047642828023993944,0.012043388754078073,0.9923604833574784,0.46564641698319653,0.9908421262193908,0.9871768503259708,0.9487056094177397,0.5990712832953515,0.8346874468190227,0.9212376933895922,0.31913199283296834,4977.0,0.9271477663230241,0.8811688311688312,0.07118834080717489,0.06080884492289788,0.9283296834561019,0.6853526220614828,5023.0,0.9391911550771022,0.9288116591928252,0.11883116883116883,0.07285223367697595,0.9212376933895922,0.6853526220614828,4977.0,0.9391911550771022,0.8811688311688312,0.11883116883116883,0.06080884492289788,0.9283296834561019,0.31913199283296834,5023.0,0.9271477663230241,0.9288116591928252,0.07118834080717489,0.07285223367697595,None
