difference_Accuracy,difference_Selection rate,difference_Count,difference_tpr,difference_tnr,difference_fpr,difference_fnr,ratio_Accuracy,ratio_Selection rate,ratio_Count,ratio_tpr,ratio_tnr,ratio_fpr,ratio_fnr,group_min_Accuracy,group_min_Selection rate,group_min_Count,group_min_tpr,group_min_tnr,group_min_fpr,group_min_fnr,group_max_Accuracy,group_max_Selection rate,group_max_Count,group_max_tpr,group_max_tnr,group_max_fpr,group_max_fnr,group_0_Accuracy,group_0_Selection rate,group_0_Count,group_0_tpr,group_0_tnr,group_0_fpr,group_0_fnr,group_1_Accuracy,group_1_Selection rate,group_1_Count,group_1_tpr,group_1_tnr,group_1_fpr,group_1_fnr,generation
0.011689961077339106,0.3786289602105151,35.0,0.008521014925537473,0.07030323620714929,0.07030323620714922,0.008521014925537446,0.9875109593856451,0.46089468997748323,0.9930237193541958,0.9910438694186904,0.9246614458777421,0.48735822019284486,0.8507807981492193,0.9243275792854275,0.3236994219653179,4982.0,0.9428959891230455,0.8628608923884514,0.06683587140439932,0.048582995951417005,0.9360175403627666,0.702328382175833,5017.0,0.951417004048583,0.9331641285956007,0.13713910761154854,0.05710401087695445,0.9243275792854275,0.702328382175833,4982.0,0.951417004048583,0.8628608923884514,0.13713910761154854,0.048582995951417005,0.9360175403627666,0.3236994219653179,5017.0,0.9428959891230455,0.9331641285956007,0.06683587140439932,0.05710401087695445,None
