Accuracy,Selection rate,Count,tpr,tnr,fpr,fnr,generation
0.9248,0.5014,10000.0,0.9356091578086672,0.9144479248238058,0.0855520751761942,0.06439084219133279,None
