Accuracy,Selection rate,Count,tpr,tnr,fpr,fnr,generation
0.9301930193019302,0.5123512351235123,9999.0,0.9488740109555691,0.9120315581854044,0.08796844181459566,0.05112598904443092,None
