Accuracy,Selection rate,Count,tpr,tnr,fpr,fnr,generation
0.9298,0.4844,10000.0,0.9233442354865086,0.9359827721221613,0.06401722787783869,0.07665576451349142,None
