Accuracy,Selection rate,Count,tpr,tnr,fpr,fnr,generation
0.9375937593759376,0.49214921492149216,9999.0,0.9358896327855549,0.939250493096647,0.060749506903353054,0.06411036721444512,None
