difference_Accuracy,difference_Selection rate,difference_Count,difference_tpr,difference_tnr,difference_fpr,difference_fnr,ratio_Accuracy,ratio_Selection rate,ratio_Count,ratio_tpr,ratio_tnr,ratio_fpr,ratio_fnr,group_min_Accuracy,group_min_Selection rate,group_min_Count,group_min_tpr,group_min_tnr,group_min_fpr,group_min_fnr,group_max_Accuracy,group_max_Selection rate,group_max_Count,group_max_tpr,group_max_tnr,group_max_fpr,group_max_fnr,generation
0.007637701025665744,0.3680863626496088,35.0,0.013269066616234726,0.027599024741196687,0.027599024741196694,0.01326906661623467,0.9918868630011084,0.4561665899405839,0.9930237193541958,0.9858817131203262,0.9708731721034871,0.6552384122493135,0.8192703982177667,0.9337615415495785,0.3087502491528802,4982.0,0.9265805574439157,0.9199475065616798,0.05245346869712352,0.06015037593984962,0.9413992425752442,0.676836611802489,5017.0,0.9398496240601504,0.9475465313028765,0.08005249343832022,0.07341944255608429,None
