difference_Accuracy,difference_Selection rate,difference_Count,difference_tpr,difference_tnr,difference_fpr,difference_fnr,ratio_Accuracy,ratio_Selection rate,ratio_Count,ratio_tpr,ratio_tnr,ratio_fpr,ratio_fnr,group_min_Accuracy,group_min_Selection rate,group_min_Count,group_min_tpr,group_min_tnr,group_min_fpr,group_min_fnr,group_max_Accuracy,group_max_Selection rate,group_max_Count,group_max_tpr,group_max_tnr,group_max_fpr,group_max_fnr,generation
0.007045989093129257,0.3588640735637966,46.0,0.015129273411340294,0.018976763147166786,0.01897676314716673,0.015129273411340308,0.9924505112596441,0.46007663418167605,0.9908421262193908,0.9836941634635382,0.9798484848484847,0.75441835927196,0.8266685605236209,0.9262607996785212,0.30579335058729845,4977.0,0.9127147766323024,0.9227272727272727,0.05829596412556054,0.07215594995635728,0.9333067887716504,0.6646574241510951,5023.0,0.9278440500436427,0.9417040358744395,0.07727272727272727,0.08728522336769759,None
