Accuracy,Selection rate,Count,tpr,tnr,fpr,fnr,generation
0.9286,0.4928,10000.0,0.9307031888798037,0.9265857478465153,0.07341425215348472,0.06929681112019624,None
0.9286,0.4928,10000.0,0.9307031888798037,0.9265857478465153,0.07341425215348472,0.06929681112019624,None
0.9286,0.4928,10000.0,0.9307031888798037,0.9265857478465153,0.07341425215348472,0.06929681112019624,None
0.9286,0.4928,10000.0,0.9307031888798037,0.9265857478465153,0.07341425215348472,0.06929681112019624,None
0.9286,0.4928,10000.0,0.9307031888798037,0.9265857478465153,0.07341425215348472,0.06929681112019624,None
0.9286,0.4928,10000.0,0.9307031888798037,0.9265857478465153,0.07341425215348472,0.06929681112019624,None
0.9286,0.4928,10000.0,0.9307031888798037,0.9265857478465153,0.07341425215348472,0.06929681112019624,None
0.9293,0.4901,10000.0,0.928659035159444,0.9299138606108066,0.07008613938919342,0.071340964840556,None
