Accuracy,Selection rate,Count,tpr,tnr,fpr,fnr,generation
0.9368936893689369,0.502050205020502,9999.0,0.9452221545952526,0.9287968441814596,0.07120315581854043,0.054777845404747415,None
0.9368936893689369,0.502050205020502,9999.0,0.9452221545952526,0.9287968441814596,0.07120315581854043,0.054777845404747415,None
0.9368936893689369,0.502050205020502,9999.0,0.9452221545952526,0.9287968441814596,0.07120315581854043,0.054777845404747415,None
0.9368936893689369,0.502050205020502,9999.0,0.9452221545952526,0.9287968441814596,0.07120315581854043,0.054777845404747415,None
0.9368936893689369,0.502050205020502,9999.0,0.9452221545952526,0.9287968441814596,0.07120315581854043,0.054777845404747415,None
0.9368936893689369,0.502050205020502,9999.0,0.9452221545952526,0.9287968441814596,0.07120315581854043,0.054777845404747415,None
0.9368936893689369,0.502050205020502,9999.0,0.9452221545952526,0.9287968441814596,0.07120315581854043,0.054777845404747415,None
0.9371937193719372,0.49914991499149913,9999.0,0.9425847027794685,0.9319526627218935,0.06804733727810651,0.05741529722053155,None
