difference_Accuracy,difference_Selection rate,difference_Count,difference_tpr,difference_tnr,difference_fpr,difference_fnr,ratio_Accuracy,ratio_Selection rate,ratio_Count,ratio_tpr,ratio_tnr,ratio_fpr,ratio_fnr,group_min_Accuracy,group_min_Selection rate,group_min_Count,group_min_tpr,group_min_tnr,group_min_fpr,group_min_fnr,group_max_Accuracy,group_max_Selection rate,group_max_Count,group_max_tpr,group_max_tnr,group_max_fpr,group_max_fnr,generation
0.014646149912532214,0.3637837776647354,46.0,0.0011754037075808466,0.04538102032496649,0.045381020324966506,0.0011754037075808327,0.9843705946440091,0.46512500400668,0.9908421262193908,0.9987461785963855,0.951564618450649,0.5815163395182729,0.9815531390732634,0.9224432388989351,0.3163448138562612,4977.0,0.9362816409659587,0.8915584415584416,0.06306053811659193,0.06254295532646048,0.9370893888114673,0.6801285915209966,5023.0,0.9374570446735395,0.936939461883408,0.10844155844155844,0.06371835903404131,None
