difference_Accuracy,difference_Selection rate,difference_Count,difference_tpr,difference_tnr,difference_fpr,difference_fnr,ratio_Accuracy,ratio_Selection rate,ratio_Count,ratio_tpr,ratio_tnr,ratio_fpr,ratio_fnr,group_min_Accuracy,group_min_Selection rate,group_min_Count,group_min_tpr,group_min_tnr,group_min_fpr,group_min_fnr,group_max_Accuracy,group_max_Selection rate,group_max_Count,group_max_tpr,group_max_tnr,group_max_fpr,group_max_fnr,generation
0.009838648154684382,0.37719869665137734,35.0,0.006075823350144449,0.05569989030559008,0.05569989030558997,0.006075823350144435,0.9895599623959281,0.45906623295418486,0.9930237193541958,0.9936294126304428,0.9407583050319069,0.517689586217505,0.8839281019732147,0.932557205941389,0.32011162049033287,4982.0,0.947654656696125,0.884514435695538,0.05978567399887197,0.04626951995373048,0.9423958540960734,0.6973103171417102,5017.0,0.9537304800462695,0.9402143260011281,0.11548556430446194,0.052345343303874914,None
