Accuracy,Selection rate,Count,tpr,tnr,fpr,fnr,generation
0.9298,0.4974,10000.0,0.9366312346688471,0.9232576350822239,0.07674236491777604,0.0633687653311529,None
