Accuracy,Selection rate,Count,tpr,tnr,fpr,fnr,generation
0.9374937493749375,0.508050805080508,9999.0,0.9519172245891662,0.9234714003944773,0.07652859960552268,0.04808277541083384,None
