Accuracy,Selection rate,Count,tpr,tnr,fpr,fnr,generation
0.7665074056378404,0.43889154323936935,20930.0,0.6695857988165681,0.9153240460327075,0.08467595396729255,0.33041420118343195,None
0.7384615384615385,0.4471571906354515,20930.0,0.6532544378698225,0.8692913385826772,0.13070866141732285,0.3467455621301775,None
0.8991877687529861,0.6189679885332059,20930.0,0.9280808399778954,0.8548953164710154,0.14510468352898462,0.07191916002210468,None
0.8898709985666508,0.6244147157190636,20930.0,0.9239798329919647,0.8372996600291404,0.16270033997085964,0.0760201670080353,None
0.8975155279503105,0.6177257525083613,20930.0,0.9247676067433434,0.855512384652744,0.14448761534725596,0.07523239325665669,None
0.896225513616818,0.6114667940754898,20930.0,0.9185441941074524,0.8618261291889266,0.13817387081107332,0.08145580589254767,None
0.8846153846153846,0.6484949832775919,20930.0,0.9394989758941232,0.8000242836328315,0.19997571636716852,0.060501024105876794,None
0.8984710941232681,0.619350215002389,20930.0,0.9268945958720656,0.8546624575036426,0.14533754249635744,0.07310540412793445,None
0.8984710941232681,0.619350215002389,20930.0,0.9268945958720656,0.8546624575036426,0.14533754249635744,0.07310540412793445,None
