Accuracy,Selection rate,Count,tpr,tnr,fpr,fnr,generation
0.6302627535341119,0.35302704363859866,26032.0,0.4864240684102116,0.8604535011487364,0.1395464988512636,0.5135759315897884,None
0.597380147510756,0.3789950829748002,26032.0,0.4808064415454716,0.7839376685645789,0.21606233143542103,0.5191935584545284,None
0.8741164720344192,0.6205055316533498,26032.0,0.9013215309811744,0.8304304304304304,0.16956956956956956,0.09867846901882558,None
0.8695835894283959,0.6278042409342348,26032.0,0.9023617153511497,0.8165359082679541,0.18346409173204586,0.09763828464885022,None
0.8773048555623848,0.616318377381684,26032.0,0.8993163455562461,0.8416817541742104,0.15831824582578957,0.10068365444375388,None
0.8742701290719115,0.6086739397664414,26032.0,0.8906774394033561,0.8477167571917119,0.15228324280828806,0.10932256059664387,None
0.8670098340503996,0.648740012292563,26032.0,0.9172156619018024,0.7857573928786964,0.21424260712130355,0.08278433809819764,None
0.8807237246465888,0.6262676705593117,26032.0,0.910130515848353,0.8331321665660832,0.16686783343391673,0.08986948415164699,None
0.8807237246465888,0.6262676705593117,26032.0,0.910130515848353,0.8331321665660832,0.16686783343391673,0.08986948415164699,None
