Accuracy,Selection rate,Count,tpr,tnr,fpr,fnr,generation
0.9296,0.4858,10000.0,0.9245707277187244,0.9344166014095536,0.06558339859044636,0.07542927228127555,None
0.9296,0.4858,10000.0,0.9245707277187244,0.9344166014095536,0.06558339859044636,0.07542927228127555,None
0.9296,0.4858,10000.0,0.9245707277187244,0.9344166014095536,0.06558339859044636,0.07542927228127555,None
0.9296,0.4858,10000.0,0.9245707277187244,0.9344166014095536,0.06558339859044636,0.07542927228127555,None
0.9296,0.4858,10000.0,0.9245707277187244,0.9344166014095536,0.06558339859044636,0.07542927228127555,None
0.9296,0.4858,10000.0,0.9245707277187244,0.9344166014095536,0.06558339859044636,0.07542927228127555,None
0.9296,0.4858,10000.0,0.9245707277187244,0.9344166014095536,0.06558339859044636,0.07542927228127555,None
0.9288,0.4854,10000.0,0.9233442354865086,0.9340250587314017,0.06597494126859828,0.07665576451349142,None
