Accuracy,Selection rate,Count,tpr,tnr,fpr,fnr,generation
0.935093509350935,0.49324932493249324,9999.0,0.9344694664232096,0.9357001972386588,0.06429980276134123,0.06553053357679042,None
0.935093509350935,0.49324932493249324,9999.0,0.9344694664232096,0.9357001972386588,0.06429980276134123,0.06553053357679042,None
0.935093509350935,0.49324932493249324,9999.0,0.9344694664232096,0.9357001972386588,0.06429980276134123,0.06553053357679042,None
0.935093509350935,0.49324932493249324,9999.0,0.9344694664232096,0.9357001972386588,0.06429980276134123,0.06553053357679042,None
0.935093509350935,0.49324932493249324,9999.0,0.9344694664232096,0.9357001972386588,0.06429980276134123,0.06553053357679042,None
0.935093509350935,0.49324932493249324,9999.0,0.9344694664232096,0.9357001972386588,0.06429980276134123,0.06553053357679042,None
0.935093509350935,0.49324932493249324,9999.0,0.9344694664232096,0.9357001972386588,0.06429980276134123,0.06553053357679042,None
0.9352935293529353,0.49344934493449344,9999.0,0.9348752282410225,0.9357001972386588,0.06429980276134123,0.06512477175897748,None
