difference_Accuracy,difference_Selection rate,difference_Count,difference_tpr,difference_tnr,difference_fpr,difference_fnr,ratio_Accuracy,ratio_Selection rate,ratio_Count,ratio_tpr,ratio_tnr,ratio_fpr,ratio_fnr,group_min_Accuracy,group_min_Selection rate,group_min_Count,group_min_tpr,group_min_tnr,group_min_fpr,group_min_fnr,group_max_Accuracy,group_max_Selection rate,group_max_Count,group_max_tpr,group_max_tnr,group_max_fpr,group_max_fnr,generation
0.01908304379720671,0.37023359414285206,46.0,0.00011698046426245057,0.06660430376798099,0.06660430376798089,0.00011698046426246445,0.9795968222662049,0.4624700705808125,0.9908421262193908,0.9998753065380939,0.9286996232090741,0.49720280488877167,0.9981123856541311,0.9162145871006631,0.31853474019510253,4977.0,0.9380273494326448,0.8675324675324675,0.06586322869955157,0.061855670103092786,0.9352976308978698,0.6887683343379546,5023.0,0.9381443298969072,0.9341367713004485,0.13246753246753246,0.06197265056735525,None
