Accuracy,Selection rate,Count,tpr,tnr,fpr,fnr,generation
0.9360936093609361,0.5102510251025103,9999.0,0.952728748224792,0.9199211045364891,0.08007889546351085,0.047271251775207954,None
