Accuracy,Selection rate,Count,tpr,tnr,fpr,fnr,generation
0.9258,0.5028,10000.0,0.9380621422730989,0.9140563821456539,0.08594361785434612,0.061937857726901066,None
