difference_Accuracy,difference_Selection rate,difference_Count,difference_tpr,difference_tnr,difference_fpr,difference_fnr,ratio_Accuracy,ratio_Selection rate,ratio_Count,ratio_tpr,ratio_tnr,ratio_fpr,ratio_fnr,group_min_Accuracy,group_min_Selection rate,group_min_Count,group_min_tpr,group_min_tnr,group_min_fpr,group_min_fnr,group_max_Accuracy,group_max_Selection rate,group_max_Count,group_max_tpr,group_max_tnr,group_max_fpr,group_max_fnr,generation
0.011048584951670049,0.3792143244482209,35.0,0.006263567195979758,0.06282003455151863,0.06282003455151863,0.0062635671959798064,0.9882661408335037,0.4586688354151758,0.9930237193541958,0.9934385291233875,0.9330850578192595,0.49345114996553235,0.8787670086146541,0.9305499799277399,0.32130755431532787,4982.0,0.9483344663494222,0.8759842519685039,0.06119571347997744,0.045401966454598035,0.94159856487941,0.7005218787635488,5017.0,0.954598033545402,0.9388042865200226,0.12401574803149606,0.05166553365057784,None
