Accuracy,Selection rate,Count,tpr,tnr,fpr,fnr,generation
0.9384938493849385,0.49564956495649565,9999.0,0.9403530127814973,0.9366863905325444,0.06331360946745562,0.05964698721850274,None
