difference_Accuracy,difference_Selection rate,difference_Count,difference_tpr,difference_tnr,difference_fpr,difference_fnr,ratio_Accuracy,ratio_Selection rate,ratio_Count,ratio_tpr,ratio_tnr,ratio_fpr,ratio_fnr,group_min_Accuracy,group_min_Selection rate,group_min_Count,group_min_tpr,group_min_tnr,group_min_fpr,group_min_fnr,group_max_Accuracy,group_max_Selection rate,group_max_Count,group_max_tpr,group_max_tnr,group_max_fpr,group_max_fnr,generation
0.006242292086900525,0.36250279055904827,46.0,0.015951736060078048,0.025736707238949386,0.025736707238949393,0.015951736060077965,0.9933116396858999,0.4595037781269074,0.9908421262193908,0.9828989030447635,0.9726211772723401,0.6997384155455905,0.808183669690798,0.9270644966847499,0.3081823611387617,4977.0,0.9168384879725086,0.9142857142857143,0.05997757847533632,0.06720977596741344,0.9333067887716504,0.67068515169781,5023.0,0.9327902240325866,0.9400224215246636,0.08571428571428572,0.0831615120274914,None
