Accuracy,Selection rate,Count,tpr,tnr,fpr,fnr,generation
0.9302,0.4886,10000.0,0.928045789043336,0.9322631166797181,0.06773688332028191,0.07195421095666395,None
