difference_Accuracy,difference_Selection rate,difference_Count,difference_tpr,difference_tnr,difference_fpr,difference_fnr,ratio_Accuracy,ratio_Selection rate,ratio_Count,ratio_tpr,ratio_tnr,ratio_fpr,ratio_fnr,group_min_Accuracy,group_min_Selection rate,group_min_Count,group_min_tpr,group_min_tnr,group_min_fpr,group_min_fnr,group_max_Accuracy,group_max_Selection rate,group_max_Count,group_max_tpr,group_max_tnr,group_max_fpr,group_max_fnr,generation
0.010231691574219659,0.368310890303358,35.0,0.006065207467762068,0.03331468084255962,0.03331468084255965,0.006065207467762117,0.989156654704719,0.4587242314184869,0.9930237193541958,0.9935624654930874,0.9648096936944545,0.6153668666359022,0.9050859554778928,0.9333600963468487,0.31213872832369943,4982.0,0.9360978925900748,0.9133858267716536,0.0532994923857868,0.0578368999421631,0.9435917879210683,0.6804496186270574,5017.0,0.9421631000578369,0.9467005076142132,0.08661417322834646,0.06390210740992522,None
