Accuracy,Selection rate,Count,tpr,tnr,fpr,fnr,generation
0.8767670559311617,0.6301090964966195,26032.0,0.9118032582235815,0.8206972330436519,0.17930276695634803,0.08819674177641845,None
0.8714658881376767,0.6367547633681623,26032.0,0.9114829559591938,0.8068501406187224,0.19314985938127763,0.08851704404080617,None
0.8776889981561156,0.6155885064535955,26032.0,0.899558155454602,0.8424169426879454,0.1575830573120546,0.10044184454539797,None
0.8791103257529195,0.6505838967424709,26032.0,0.929055946231875,0.7985546522131888,0.2014453477868112,0.07094405376812496,None
0.868200676090965,0.6226951444376152,26032.0,0.897628975045118,0.8207367258857774,0.17926327411422263,0.10237102495488207,None
