Accuracy,Selection rate,Count,tpr,tnr,fpr,fnr,generation
0.9004777830864787,0.6281892021022456,20930.0,0.9364891518737672,0.8451847365233192,0.1548152634766808,0.06351084812623274,None
0.8934543717152413,0.6298614429049212,20930.0,0.9320710059171597,0.8341611144760751,0.1658388855239249,0.06792899408284024,None
0.8973244147157191,0.6116101290014333,20930.0,0.9214274410507992,0.8605885190545104,0.13941148094548964,0.07857255894920083,None
0.9012422360248448,0.6419971333014811,20930.0,0.949833834467479,0.8271828268210323,0.1728171731789677,0.05016616553252097,None
0.8955088389870999,0.6182990922121356,20930.0,0.9254628896977369,0.8498552821997105,0.15014471780028943,0.07453711030226301,None
