Accuracy,Selection rate,Count,tpr,tnr,fpr,fnr,generation
0.8544194935499283,0.6807453416149069,20930.0,0.9418540433925049,0.7201695941853422,0.2798304058146578,0.05814595660749507,None
0.8807931199235547,0.577639751552795,20930.0,0.8780833793049098,0.8849654168183473,0.11503458318165272,0.12191662069509024,None
0.8836598184424271,0.5793597706641185,20930.0,0.8813852813852814,0.8871732522796353,0.11282674772036475,0.11861471861471862,None
0.8949832775919733,0.5980410893454372,20930.0,0.9074468925215193,0.8758921011249546,0.12410789887504536,0.09255310747848061,None
0.8956043956043956,0.6116579073100812,20930.0,0.9192134565268893,0.859441151566469,0.14055884843353092,0.08078654347311064,None
