Accuracy,Selection rate,Count,tpr,tnr,fpr,fnr,generation
0.8184542102028273,0.7032498463429625,26032.0,0.9238499469446352,0.6497852362401358,0.35021476375986416,0.07615005305536483,None
0.8534111862323295,0.5711047940995697,26032.0,0.8441606976019932,0.8682970832915706,0.13170291670842937,0.15583930239800686,None
0.8534111862323295,0.5711047940995697,26032.0,0.8441606976019932,0.8682970832915706,0.13170291670842937,0.15583930239800686,None
0.87350184388445,0.5949216349108789,26032.0,0.8798280588088712,0.8633266533066132,0.13667334669338677,0.12017194119112883,None
0.8740780577750461,0.6158574062692072,26032.0,0.897271368053825,0.8367735470941884,0.16322645290581161,0.10272863194617493,None
