Accuracy,Selection rate,Count,tpr,tnr,fpr,fnr,generation
0.9771065023544735,0.38112413585813043,19962.0,0.963447828904731,0.985710786315016,0.014289213684984078,0.036552171095268954,None
0.9776575493437532,0.38127442140066126,19962.0,0.9643551523007129,0.9860373969135299,0.013962603086470156,0.0356448476992871,None
0.9776575493437532,0.38127442140066126,19962.0,0.9643551523007129,0.9860373969135299,0.013962603086470156,0.0356448476992871,None
0.9776575493437532,0.38127442140066126,19962.0,0.9643551523007129,0.9860373969135299,0.013962603086470156,0.0356448476992871,None
0.9776575493437532,0.38127442140066126,19962.0,0.9643551523007129,0.9860373969135299,0.013962603086470156,0.0356448476992871,None
0.9776575493437532,0.38127442140066126,19962.0,0.9643551523007129,0.9860373969135299,0.013962603086470156,0.0356448476992871,None
0.9776575493437532,0.38127442140066126,19962.0,0.9643551523007129,0.9860373969135299,0.013962603086470156,0.0356448476992871,None
0.9776575493437532,0.38127442140066126,19962.0,0.9643551523007129,0.9860373969135299,0.013962603086470156,0.0356448476992871,None
0.9776575493437532,0.38127442140066126,19962.0,0.9643551523007129,0.9860373969135299,0.013962603086470156,0.0356448476992871,None
