Accuracy,Selection rate,Count,tpr,tnr,fpr,fnr,generation
0.9832888709920975,0.4222076810791765,19867.0,0.9762355166706077,0.9885178367955123,0.011482163204487686,0.02376448332939229,None
0.9831882015402427,0.42261035888659587,19867.0,0.9765902104516434,0.9880795862915243,0.011920413708475765,0.023409789548356586,None
0.9831882015402427,0.42261035888659587,19867.0,0.9765902104516434,0.9880795862915243,0.011920413708475765,0.023409789548356586,None
0.9831882015402427,0.42261035888659587,19867.0,0.9765902104516434,0.9880795862915243,0.011920413708475765,0.023409789548356586,None
0.9831882015402427,0.42261035888659587,19867.0,0.9765902104516434,0.9880795862915243,0.011920413708475765,0.023409789548356586,None
0.9831882015402427,0.42261035888659587,19867.0,0.9765902104516434,0.9880795862915243,0.011920413708475765,0.023409789548356586,None
0.9831882015402427,0.42261035888659587,19867.0,0.9765902104516434,0.9880795862915243,0.011920413708475765,0.023409789548356586,None
0.9831882015402427,0.42261035888659587,19867.0,0.9765902104516434,0.9880795862915243,0.011920413708475765,0.023409789548356586,None
0.9831882015402427,0.42261035888659587,19867.0,0.9765902104516434,0.9880795862915243,0.011920413708475765,0.023409789548356586,None
