generation,epoch,gen_loss
0,0,0.551552654905889
0,0,0.5511484905468218
0,10,0.5267035457065458
0,0,0.551077193644999
0,10,0.526758304627249
0,20,0.5251106212513065
