Accuracy,Selection rate,Count,tpr,tnr,fpr,fnr,generation
0.896225513616818,0.6493549928332537,20930.0,0.9504536489151874,0.812961841308298,0.187038158691702,0.049546351084812625,None
0.9048256091734352,0.606832298136646,20930.0,0.9224457593688363,0.877771047849788,0.122228952150212,0.07755424063116372,None
0.9076445293836598,0.6149068322981367,20930.0,0.9314398422090729,0.8711084191399152,0.1288915808600848,0.06856015779092701,None
0.9050167224080268,0.6165790731008123,20930.0,0.9306508875739645,0.8656571774682011,0.1343428225317989,0.0693491124260355,None
0.8843287147634974,0.5964644051600574,20930.0,0.8960251869342778,0.8662613981762918,0.1337386018237082,0.10397481306572216,None
0.8101290014333492,0.6748686096512183,20930.0,0.8994883903974813,0.67209726443769,0.32790273556231003,0.10051160960251869,None
0.8883898709985667,0.6089345437171524,20930.0,0.9096418732782369,0.8555623100303952,0.14443768996960488,0.09035812672176309,None
