Accuracy,Selection rate,Count,tpr,tnr,fpr,fnr,generation
0.8793023970497849,0.6601490473263676,26032.0,0.9382685225641346,0.7849365697732494,0.21506343022675056,0.06173147743586543,None
0.8888675476336816,0.6131684081130916,26032.0,0.9078709194182635,0.8584556987313955,0.14154430126860454,0.09212908058173647,None
0.8818761524277812,0.6169330055316533,26032.0,0.9052493602147181,0.844471081810009,0.155528918189991,0.09475063978528182,None
0.8847572218807621,0.6225799016594961,26032.0,0.9121777666812309,0.8408750374587953,0.15912496254120467,0.08782223331876912,None
0.856138598647818,0.5942685925015365,26032.0,0.8655608904408555,0.8410205102551276,0.15897948974487244,0.13443910955914448,None
0.8000153657037492,0.7050169022741242,26032.0,0.9098958658103137,0.623711855927964,0.37628814407203603,0.09010413418968635,None
0.8601720958819914,0.6121312231100184,26032.0,0.8833322940699632,0.8230115057528764,0.17698849424712357,0.1166677059300368,None
