Accuracy,Selection rate,Count,tpr,tnr,fpr,fnr,generation
1.0,0.49842501536570377,26032.0,1.0,1.0,0.0,0.0,None
1.0,0.49842501536570377,26032.0,1.0,1.0,0.0,0.0,None
1.0,0.49842501536570377,26032.0,1.0,1.0,0.0,0.0,None
0.9999615857406269,0.4923939766441303,26032.0,0.9999219907949138,1.0,0.0,7.800920508620017e-05,None
1.0,0.4960817455439459,26032.0,1.0,1.0,0.0,0.0,None
1.0,0.5013060848186847,26032.0,1.0,1.0,0.0,0.0,None
1.0,0.5013060848186847,26032.0,1.0,1.0,0.0,0.0,None
