Accuracy,Selection rate,Count,tpr,tnr,fpr,fnr,generation
0.868200676090965,0.6311462814996927,26032.0,0.9056862867486424,0.8082109679352713,0.1917890320647288,0.0943137132513576,None
0.8756914566687154,0.6414028887523049,26032.0,0.9201048623681418,0.8046149235840575,0.19538507641594247,0.07989513763185818,None
0.6112861094038107,0.36785494775660726,26032.0,0.48305349229136757,0.816501847967236,0.18349815203276396,0.5169465077086324,None
0.858981253841426,0.6621850030731408,26032.0,0.9227796821439701,0.7564834284569941,0.2435165715430059,0.07722031785602991,None
0.8630531653349723,0.629340811309158,26032.0,0.8971371917214029,0.8074590661006671,0.19254093389933294,0.1028628082785971,None
0.8659342347879533,0.5926936078672403,26032.0,0.871491692077914,0.8569707919301415,0.14302920806985847,0.128508307922086,None
0.8624769514443762,0.6021435156730178,26032.0,0.8763457589146805,0.8401084010840109,0.15989159891598917,0.12365424108531956,None
