Accuracy,Selection rate,Count,tpr,tnr,fpr,fnr,generation
0.894314381270903,0.6301481127568084,20930.0,0.9330177514792899,0.8348879466989704,0.16511205330102968,0.06698224852071005,None
0.9046822742474916,0.634495938843765,20930.0,0.9451676528599605,0.84251968503937,0.15748031496062992,0.05483234714003945,None
0.7556617295747731,0.4415193502150024,20930.0,0.6628007889546351,0.8982434887946699,0.10175651120533011,0.3371992110453649,None
0.884089823220258,0.6478260869565218,20930.0,0.9394489618694245,0.7992254629069345,0.20077453709306547,0.06055103813057551,None
0.8873387482083134,0.6185857620640229,20930.0,0.917119672260301,0.8414471288090324,0.1585528711909676,0.08288032773969904,None
0.8918299092212135,0.589010989010989,20930.0,0.8981642664978636,0.8821755909310178,0.11782440906898216,0.10183573350213641,None
0.8942666029622551,0.6025322503583374,20930.0,0.9113783826554834,0.8681862035697058,0.13181379643029426,0.08862161734451654,None
