generation,epoch,gen_loss
0,0,68044.56229943459
0,0,72304.39850435514
0,10,5305.306469905639
0,0,72304.87918322127
0,10,5302.355367273457
0,0,73290.87456066626
0,10,5330.509380014135
0,20,5272.572818373701
0,0,72429.2090703316
0,10,5332.217743591458
0,20,5173.822964619308
0,0,72609.9939543857
0,10,5319.0312643261
0,20,5110.346758481051
0,0,72605.8128151742
0,10,5328.606433374083
0,20,5183.186898303789
