difference_Accuracy,difference_Selection rate,difference_Count,difference_tpr,difference_tnr,difference_fpr,difference_fnr,ratio_Accuracy,ratio_Selection rate,ratio_Count,ratio_tpr,ratio_tnr,ratio_fpr,ratio_fnr,group_min_Accuracy,group_min_Selection rate,group_min_Count,group_min_tpr,group_min_tnr,group_min_fpr,group_min_fnr,group_max_Accuracy,group_max_Selection rate,group_max_Count,group_max_tpr,group_max_tnr,group_max_fpr,group_max_fnr,group_0_Accuracy,group_0_Selection rate,group_0_Count,group_0_tpr,group_0_tnr,group_0_fpr,group_0_fnr,group_1_Accuracy,group_1_Selection rate,group_1_Count,group_1_tpr,group_1_tnr,group_1_fpr,group_1_fnr,generation
0.00545495776023508,0.3787078569555602,35.0,0.028382347910774652,0.042501032548596385,0.042501032548596406,0.028382347910774687,0.9941833107156005,0.44719527004025755,0.9930237193541958,0.9699583229031348,0.955106147924539,0.5563590849036923,0.6605655790508166,0.9323564833400241,0.3063583815028902,4982.0,0.9163834126444595,0.9041994750656168,0.0532994923857868,0.05523423944476576,0.9378114411002592,0.6850662384584504,5017.0,0.9447657605552342,0.9467005076142132,0.09580052493438321,0.08361658735554045,0.9323564833400241,0.6850662384584504,4982.0,0.9447657605552342,0.9041994750656168,0.09580052493438321,0.05523423944476576,0.9378114411002592,0.3063583815028902,5017.0,0.9163834126444595,0.9467005076142132,0.0532994923857868,0.08361658735554045,None
