Accuracy,Selection rate,Count,tpr,tnr,fpr,fnr,generation
0.935093509350935,0.49504950495049505,9999.0,0.9362953946033679,0.9339250493096647,0.06607495069033531,0.06370460539663218,None
