difference_Accuracy,difference_Selection rate,difference_Count,difference_tpr,difference_tnr,difference_fpr,difference_fnr,ratio_Accuracy,ratio_Selection rate,ratio_Count,ratio_tpr,ratio_tnr,ratio_fpr,ratio_fnr,group_min_Accuracy,group_min_Selection rate,group_min_Count,group_min_tpr,group_min_tnr,group_min_fpr,group_min_fnr,group_max_Accuracy,group_max_Selection rate,group_max_Count,group_max_tpr,group_max_tnr,group_max_fpr,group_max_fnr,group_0_Accuracy,group_0_Selection rate,group_0_Count,group_0_tpr,group_0_tnr,group_0_fpr,group_0_fnr,group_1_Accuracy,group_1_Selection rate,group_1_Count,group_1_tpr,group_1_tnr,group_1_fpr,group_1_fnr,generation
0.009486520734778847,0.3680992289796853,46.0,0.024038785522817685,0.04002242152466362,0.04002242152466368,0.024038785522817685,0.9898007719069362,0.4531254141397333,0.9908421262193908,0.9741485275838785,0.9574239713774598,0.5997757847533632,0.7446975698124108,0.9206349206349206,0.30499701373681065,4977.0,0.9058419243986254,0.9,0.05997757847533632,0.07011929007855688,0.9301214413696994,0.6730962427164959,5023.0,0.9298807099214431,0.9400224215246636,0.1,0.09415807560137457,0.9206349206349206,0.6730962427164959,4977.0,0.9298807099214431,0.9,0.1,0.07011929007855688,0.9301214413696994,0.30499701373681065,5023.0,0.9058419243986254,0.9400224215246636,0.05997757847533632,0.09415807560137457,None
