Accuracy,Selection rate,Count,tpr,tnr,fpr,fnr,generation
0.9254,0.4882,10000.0,0.9227309893704007,0.9279561472200469,0.07204385277995301,0.07726901062959934,None
