Accuracy,Selection rate,Count,tpr,tnr,fpr,fnr,generation
0.8597111247695144,0.6232713583282115,26032.0,0.892391236502091,0.8074118469683348,0.19258815303166515,0.10760876349790899,None
0.8465734480639213,0.5841656422864168,26032.0,0.8499469446351663,0.8411747078213965,0.15882529217860353,0.15005305536483365,None
0.8695835894283959,0.6097879532882606,26032.0,0.8894575869171713,0.8377784437119169,0.1622215562880831,0.11054241308282879,None
0.856138598647818,0.6115934234787953,26032.0,0.8795038025183892,0.8186186186186186,0.18138138138138138,0.12049619748161078,None
0.8642440073755377,0.5935771358328211,26032.0,0.871462411170677,0.8526526526526527,0.14734734734734733,0.12853758882932304,None
