Accuracy,Selection rate,Count,tpr,tnr,fpr,fnr,generation
0.8880554228380315,0.6267558528428093,20930.0,0.9250493096646942,0.8312537855844943,0.16874621441550575,0.07495069033530571,None
0.8810320114667941,0.5955566172957477,20930.0,0.893491124260355,0.8619018776499091,0.13809812235009086,0.10650887573964497,None
0.8928810320114668,0.6096034400382226,20930.0,0.9148717948717948,0.8591156874621442,0.14088431253785585,0.08512820512820513,None
0.8879120879120879,0.6064022933588151,20930.0,0.9083517524471109,0.8565722585330429,0.14342774146695716,0.09164824755288917,None
0.8920688007644529,0.5991877687529862,20930.0,0.9058257025576255,0.8709755507141128,0.1290244492858872,0.09417429744237449,None
