difference_Accuracy,difference_Selection rate,difference_Count,difference_tpr,difference_tnr,difference_fpr,difference_fnr,ratio_Accuracy,ratio_Selection rate,ratio_Count,ratio_tpr,ratio_tnr,ratio_fpr,ratio_fnr,group_min_Accuracy,group_min_Selection rate,group_min_Count,group_min_tpr,group_min_tnr,group_min_fpr,group_min_fnr,group_max_Accuracy,group_max_Selection rate,group_max_Count,group_max_tpr,group_max_tnr,group_max_fpr,group_max_fnr,generation
0.010435940824507828,0.3622834659181388,46.0,0.01195860291331352,0.027801234639799666,0.027801234639799666,0.011958602913313479,0.9888516097912584,0.4580448422378789,0.9908421262193908,0.9871436602398941,0.9705303609046925,0.6706622973439117,0.853783468580915,0.9256580269238497,0.3061915190125423,4977.0,0.9182130584192439,0.9155844155844156,0.05661434977578475,0.06982833866744254,0.9360939677483575,0.6684749849306811,5023.0,0.9301716613325575,0.9433856502242153,0.08441558441558442,0.08178694158075601,None
