difference_Accuracy,difference_Selection rate,difference_Count,difference_tpr,difference_tnr,difference_fpr,difference_fnr,ratio_Accuracy,ratio_Selection rate,ratio_Count,ratio_tpr,ratio_tnr,ratio_fpr,ratio_fnr,group_min_Accuracy,group_min_Selection rate,group_min_Count,group_min_tpr,group_min_tnr,group_min_fpr,group_min_fnr,group_max_Accuracy,group_max_Selection rate,group_max_Count,group_max_tpr,group_max_tnr,group_max_fpr,group_max_fnr,generation
0.005432553005049745,0.3731016270893334,35.0,0.01925563791820184,0.032192200594215015,0.03219220059421506,0.019255637918201875,0.9942268336313631,0.4524912205717057,0.9930237193541958,0.9796123711202872,0.9660257311586052,0.6196828394915987,0.7424996056575004,0.9355680449618627,0.3083516045445485,4982.0,0.9252209381373215,0.9153543307086615,0.05245346869712352,0.055523423944476576,0.9410005979669125,0.6814532316338819,5017.0,0.9444765760555234,0.9475465313028765,0.08464566929133858,0.07477906186267845,None
