Accuracy,Selection rate,Count,tpr,tnr,fpr,fnr,generation
0.9309,0.4865,10000.0,0.9266148814390842,0.9350039154267815,0.06499608457321848,0.07338511856091579,None
