Accuracy,Selection rate,Count,tpr,tnr,fpr,fnr,generation
0.9382938293829383,0.49424942494249424,9999.0,0.9387299655102455,0.9378698224852071,0.0621301775147929,0.061270034489754516,None
