Accuracy,Selection rate,Count,tpr,tnr,fpr,fnr,generation
0.9263,0.5019,10000.0,0.937653311529027,0.9154267815191856,0.08457321848081441,0.062346688470973015,None
