difference_Accuracy,difference_Selection rate,difference_Count,difference_tpr,difference_tnr,difference_fpr,difference_fnr,ratio_Accuracy,ratio_Selection rate,ratio_Count,ratio_tpr,ratio_tnr,ratio_fpr,ratio_fnr,group_min_Accuracy,group_min_Selection rate,group_min_Count,group_min_tpr,group_min_tnr,group_min_fpr,group_min_fnr,group_max_Accuracy,group_max_Selection rate,group_max_Count,group_max_tpr,group_max_tnr,group_max_fpr,group_max_fnr,group_0_Accuracy,group_0_Selection rate,group_0_Count,group_0_tpr,group_0_tnr,group_0_fpr,group_0_fnr,group_1_Accuracy,group_1_Selection rate,group_1_Count,group_1_tpr,group_1_tnr,group_1_fpr,group_1_fnr,generation
0.019894382383717213,0.39201856201960306,35.0,0.016967915264813227,0.09451150458984503,0.09451150458984503,0.016967915264813192,0.9788268739034558,0.44578987628216166,0.9930237193541958,0.9821710571298317,0.8996292916215662,0.38182174680290193,0.7400020483902062,0.9197109594540345,0.3153278851903528,4982.0,0.9347382732834806,0.8471128608923885,0.0583756345177665,0.048293811451706185,0.9396053418377517,0.7073464472099559,5017.0,0.9517061885482938,0.9416243654822335,0.15288713910761154,0.06526172671651938,0.9197109594540345,0.7073464472099559,4982.0,0.9517061885482938,0.8471128608923885,0.15288713910761154,0.048293811451706185,0.9396053418377517,0.3153278851903528,5017.0,0.9347382732834806,0.9416243654822335,0.0583756345177665,0.06526172671651938,None
