difference_Accuracy,difference_Selection rate,difference_Count,difference_tpr,difference_tnr,difference_fpr,difference_fnr,ratio_Accuracy,ratio_Selection rate,ratio_Count,ratio_tpr,ratio_tnr,ratio_fpr,ratio_fnr,group_min_Accuracy,group_min_Selection rate,group_min_Count,group_min_tpr,group_min_tnr,group_min_fpr,group_min_fnr,group_max_Accuracy,group_max_Selection rate,group_max_Count,group_max_tpr,group_max_tnr,group_max_fpr,group_max_fnr,group_0_Accuracy,group_0_Selection rate,group_0_Count,group_0_tpr,group_0_tnr,group_0_fpr,group_0_fnr,group_1_Accuracy,group_1_Selection rate,group_1_Count,group_1_tpr,group_1_tnr,group_1_fpr,group_1_fnr,generation
0.020478473324495483,0.3820255636609271,46.0,0.012996429596257353,0.08065124337545859,0.08065124337545862,0.012996429596257422,0.9781327866690177,0.44936541258603124,0.9908421262193908,0.9861963138064473,0.914177263237806,0.427636337335455,0.8181749513215909,0.9160136628491059,0.3117658769659566,4977.0,0.9285223367697595,0.8590909090909091,0.06025784753363229,0.05848123363398312,0.9364921361736014,0.6937914406268837,5023.0,0.9415187663660168,0.9397421524663677,0.1409090909090909,0.07147766323024055,0.9160136628491059,0.6937914406268837,4977.0,0.9415187663660168,0.8590909090909091,0.1409090909090909,0.05848123363398312,0.9364921361736014,0.3117658769659566,5023.0,0.9285223367697595,0.9397421524663677,0.06025784753363229,0.07147766323024055,None
