Accuracy,Selection rate,Count,tpr,tnr,fpr,fnr,generation
0.9296929692969297,0.5106510651065107,9999.0,0.9466423209575979,0.9132149901380671,0.08678500986193294,0.05335767904240211,None
