Accuracy,Selection rate,Count,tpr,tnr,fpr,fnr,generation
0.9275,0.4887,10000.0,0.9253883892068684,0.9295223179326546,0.07047768206734534,0.07461161079313164,None
