difference_Accuracy,difference_Selection rate,difference_Count,difference_tpr,difference_tnr,difference_fpr,difference_fnr,ratio_Accuracy,ratio_Selection rate,ratio_Count,ratio_tpr,ratio_tnr,ratio_fpr,ratio_fnr,group_min_Accuracy,group_min_Selection rate,group_min_Count,group_min_tpr,group_min_tnr,group_min_fpr,group_min_fnr,group_max_Accuracy,group_max_Selection rate,group_max_Count,group_max_tpr,group_max_tnr,group_max_fpr,group_max_fnr,group_0_Accuracy,group_0_Selection rate,group_0_Count,group_0_tpr,group_0_tnr,group_0_fpr,group_0_fnr,group_1_Accuracy,group_1_Selection rate,group_1_Count,group_1_tpr,group_1_tnr,group_1_fpr,group_1_fnr,generation
0.005450756868637829,0.3683080897089598,35.0,0.015004173614499572,0.02993058608790644,0.029930586087906524,0.015004173614499558,0.9941914937956763,0.4584088244008153,0.9930237193541958,0.9840649777767385,0.9682708943893225,0.654437778803261,0.7956375982691773,0.9329586511441188,0.31174008371536777,4982.0,0.9265805574439157,0.9133858267716536,0.05668358714043993,0.05841526894158473,0.9384094080127566,0.6800481734243276,5017.0,0.9415847310584152,0.94331641285956,0.08661417322834646,0.07341944255608429,0.9329586511441188,0.6800481734243276,4982.0,0.9415847310584152,0.9133858267716536,0.08661417322834646,0.05841526894158473,0.9384094080127566,0.31174008371536777,5017.0,0.9265805574439157,0.94331641285956,0.05668358714043993,0.07341944255608429,None
