Accuracy,Selection rate,Count,tpr,tnr,fpr,fnr,generation
0.9356935693569357,0.49524952495249525,9999.0,0.9371069182389937,0.934319526627219,0.06568047337278106,0.06289308176100629,None
