difference_Accuracy,difference_Selection rate,difference_Count,difference_tpr,difference_tnr,difference_fpr,difference_fnr,ratio_Accuracy,ratio_Selection rate,ratio_Count,ratio_tpr,ratio_tnr,ratio_fpr,ratio_fnr,group_min_Accuracy,group_min_Selection rate,group_min_Count,group_min_tpr,group_min_tnr,group_min_fpr,group_min_fnr,group_max_Accuracy,group_max_Selection rate,group_max_Count,group_max_tpr,group_max_tnr,group_max_fpr,group_max_fnr,group_0_Accuracy,group_0_Selection rate,group_0_Count,group_0_tpr,group_0_tnr,group_0_fpr,group_0_fnr,group_1_Accuracy,group_1_Selection rate,group_1_Count,group_1_tpr,group_1_tnr,group_1_fpr,group_1_fnr,generation
0.010467221486406664,0.35910363863299344,46.0,0.009234657812145386,0.02924989808397882,0.029249898083978806,0.009234657812145372,0.9887776193113723,0.4632856427998774,0.9908421262193908,0.9900503075547512,0.9688280656022591,0.6782511210762331,0.8861319735875295,0.9222423146473779,0.30997411905235916,4977.0,0.9189003436426116,0.9090909090909091,0.061659192825112105,0.07186499854524295,0.9327095361337846,0.6690777576853526,5023.0,0.928135001454757,0.9383408071748879,0.09090909090909091,0.08109965635738832,0.9222423146473779,0.6690777576853526,4977.0,0.928135001454757,0.9090909090909091,0.09090909090909091,0.07186499854524295,0.9327095361337846,0.30997411905235916,5023.0,0.9189003436426116,0.9383408071748879,0.061659192825112105,0.08109965635738832,None
