Accuracy,Selection rate,Count,tpr,tnr,fpr,fnr,generation
0.8807621389059619,0.6367931776275353,26032.0,0.9204793708257911,0.8172010788133054,0.18279892118669464,0.07952062917420885,None
0.8755762138905961,0.6279963122311002,26032.0,0.9078971933536624,0.8234467529860484,0.17655324701395161,0.09210280664633767,None
0.8673555623847572,0.5988014751075599,26032.0,0.8775903914369283,0.8508481381110108,0.14915186188898927,0.12240960856307176,None
