Accuracy,Selection rate,Count,tpr,tnr,fpr,fnr,generation
0.9022455805064501,0.6300525561395126,20930.0,0.9394871794871795,0.8450635978195034,0.15493640218049667,0.06051282051282051,None
0.8970377448638318,0.6199235547061634,20930.0,0.9280740623516379,0.8497346840328027,0.1502653159671973,0.07192593764836208,None
0.8945532728141424,0.5992833253702818,20930.0,0.9089254628896978,0.8726483357452967,0.12735166425470332,0.09107453711030226,None
