Accuracy,Selection rate,Count,tpr,tnr,fpr,fnr,generation
0.9382938293829383,0.49444944494449444,9999.0,0.938932846419152,0.9376725838264299,0.06232741617357002,0.06106715358084804,None
