Accuracy,Selection rate,Count,tpr,tnr,fpr,fnr,generation
0.929,0.488,10000.0,0.9262060506950123,0.9316758026624902,0.06832419733750979,0.07379394930498774,None
