difference_Accuracy,difference_Selection rate,difference_Count,difference_tpr,difference_tnr,difference_fpr,difference_fnr,ratio_Accuracy,ratio_Selection rate,ratio_Count,ratio_tpr,ratio_tnr,ratio_fpr,ratio_fnr,group_min_Accuracy,group_min_Selection rate,group_min_Count,group_min_tpr,group_min_tnr,group_min_fpr,group_min_fnr,group_max_Accuracy,group_max_Selection rate,group_max_Count,group_max_tpr,group_max_tnr,group_max_fpr,group_max_fnr,group_0_Accuracy,group_0_Selection rate,group_0_Count,group_0_tpr,group_0_tnr,group_0_fpr,group_0_fnr,group_1_Accuracy,group_1_Selection rate,group_1_Count,group_1_tpr,group_1_tnr,group_1_fpr,group_1_fnr,generation
0.010253416962302864,0.35809717733627244,46.0,0.007463753553156649,0.025825519771708105,0.025825519771708112,0.007463753553156621,0.9890232494881399,0.46382381119054517,0.9908421262193908,0.9919608520958322,0.9725103059231938,0.7009676658012745,0.9055672920013662,0.9238497086598353,0.30977503483973723,4977.0,0.9209621993127147,0.9136363636363637,0.06053811659192825,0.0715740471341286,0.9341031256221382,0.6678722121760097,5023.0,0.9284259528658714,0.9394618834080718,0.08636363636363636,0.07903780068728522,0.9238497086598353,0.6678722121760097,4977.0,0.9284259528658714,0.9136363636363637,0.08636363636363636,0.0715740471341286,0.9341031256221382,0.30977503483973723,5023.0,0.9209621993127147,0.9394618834080718,0.06053811659192825,0.07903780068728522,None
