difference_Accuracy,difference_Selection rate,difference_Count,difference_tpr,difference_tnr,difference_fpr,difference_fnr,ratio_Accuracy,ratio_Selection rate,ratio_Count,ratio_tpr,ratio_tnr,ratio_fpr,ratio_fnr,group_min_Accuracy,group_min_Selection rate,group_min_Count,group_min_tpr,group_min_tnr,group_min_fpr,group_min_fnr,group_max_Accuracy,group_max_Selection rate,group_max_Count,group_max_tpr,group_max_tnr,group_max_fpr,group_max_fnr,group_0_Accuracy,group_0_Selection rate,group_0_Count,group_0_tpr,group_0_tnr,group_0_fpr,group_0_fnr,group_1_Accuracy,group_1_Selection rate,group_1_Count,group_1_tpr,group_1_tnr,group_1_fpr,group_1_fnr,generation
0.0030322835718652463,0.36870253342569426,35.0,0.01663783995888901,0.0244047856962043,0.024404785696204218,0.01663783995888901,0.9967734959321213,0.4573482949699235,0.9930237193541958,0.9823732688180643,0.9741750611522708,0.692620715694089,0.771268574023124,0.9367723805700522,0.3107434721945386,4982.0,0.9272603670972128,0.9206036745406824,0.05499153976311337,0.05610179294389821,0.9398046641419174,0.6794460056202328,5017.0,0.9438982070561018,0.9450084602368867,0.07939632545931759,0.07273963290278722,0.9367723805700522,0.6794460056202328,4982.0,0.9438982070561018,0.9206036745406824,0.07939632545931759,0.05610179294389821,0.9398046641419174,0.3107434721945386,5017.0,0.9272603670972128,0.9450084602368867,0.05499153976311337,0.07273963290278722,None
