Accuracy,Selection rate,Count,tpr,tnr,fpr,fnr,generation
0.9295,0.4839,10000.0,0.9225265739983647,0.9361785434612373,0.06382145653876273,0.07747342600163533,None
