Accuracy,Selection rate,Count,tpr,tnr,fpr,fnr,generation
0.9365936593659366,0.49114911491149116,9999.0,0.9338608236964901,0.939250493096647,0.060749506903353054,0.06613917630350984,None
