difference_Accuracy,difference_Selection rate,difference_Count,difference_tpr,difference_tnr,difference_fpr,difference_fnr,ratio_Accuracy,ratio_Selection rate,ratio_Count,ratio_tpr,ratio_tnr,ratio_fpr,ratio_fnr,group_min_Accuracy,group_min_Selection rate,group_min_Count,group_min_tpr,group_min_tnr,group_min_fpr,group_min_fnr,group_max_Accuracy,group_max_Selection rate,group_max_Count,group_max_tpr,group_max_tnr,group_max_fpr,group_max_fnr,group_0_Accuracy,group_0_Selection rate,group_0_Count,group_0_tpr,group_0_tnr,group_0_fpr,group_0_fnr,group_1_Accuracy,group_1_Selection rate,group_1_Count,group_1_tpr,group_1_tnr,group_1_fpr,group_1_fnr,generation
0.00684874491944254,0.3738597908731749,46.0,0.03450843709100582,0.03599018694310174,0.03599018694310174,0.0345084370910058,0.9926587183674008,0.44340407443141144,0.9908421262193908,0.9630051471360614,0.9619967484424424,0.5954387745081994,0.6607447569769362,0.926059875426964,0.29782998208242084,4977.0,0.8982817869415808,0.9110389610389611,0.05297085201793722,0.06720977596741344,0.9329086203464065,0.6716897729555957,5023.0,0.9327902240325866,0.9470291479820628,0.08896103896103896,0.10171821305841924,0.926059875426964,0.6716897729555957,4977.0,0.9327902240325866,0.9110389610389611,0.08896103896103896,0.06720977596741344,0.9329086203464065,0.29782998208242084,5023.0,0.8982817869415808,0.9470291479820628,0.05297085201793722,0.10171821305841924,None
