difference_Accuracy,difference_Selection rate,difference_Count,difference_tpr,difference_tnr,difference_fpr,difference_fnr,ratio_Accuracy,ratio_Selection rate,ratio_Count,ratio_tpr,ratio_tnr,ratio_fpr,ratio_fnr,group_min_Accuracy,group_min_Selection rate,group_min_Count,group_min_tpr,group_min_tnr,group_min_fpr,group_min_fnr,group_max_Accuracy,group_max_Selection rate,group_max_Count,group_max_tpr,group_max_tnr,group_max_fpr,group_max_fnr,group_0_Accuracy,group_0_Selection rate,group_0_Count,group_0_tpr,group_0_tnr,group_0_fpr,group_0_fnr,group_1_Accuracy,group_1_Selection rate,group_1_Count,group_1_tpr,group_1_tnr,group_1_fpr,group_1_fnr,generation
0.0016440289286998588,0.3836811124793126,35.0,0.041385034515379115,0.03885713524388135,0.038857135243881326,0.041385034515379074,0.9982462060099325,0.43878470276807535,0.9930237193541958,0.9562623932291623,0.9591377812648864,0.5580725812561557,0.5651615301991242,0.9357687675632276,0.2999800677695834,4982.0,0.9048266485384092,0.9120734908136483,0.049069373942470386,0.05378831694621168,0.9374127964919274,0.683661180248896,5017.0,0.9462116830537883,0.9509306260575296,0.08792650918635171,0.09517335146159075,0.9357687675632276,0.683661180248896,4982.0,0.9462116830537883,0.9120734908136483,0.08792650918635171,0.05378831694621168,0.9374127964919274,0.2999800677695834,5017.0,0.9048266485384092,0.9509306260575296,0.049069373942470386,0.09517335146159075,None
