generation,epoch,gen_loss
0,0,77909.63163165656
0,10,27408.466667330995
0,20,26361.644297074297
