Accuracy,Selection rate,Count,tpr,tnr,fpr,fnr,generation
0.9312,0.486,10000.0,0.9264104660670482,0.9357870007830854,0.06421299921691465,0.07358953393295176,None
