difference_Accuracy,difference_Selection rate,difference_Count,difference_tpr,difference_tnr,difference_fpr,difference_fnr,ratio_Accuracy,ratio_Selection rate,ratio_Count,ratio_tpr,ratio_tnr,ratio_fpr,ratio_fnr,group_min_Accuracy,group_min_Selection rate,group_min_Count,group_min_tpr,group_min_tnr,group_min_fpr,group_min_fnr,group_max_Accuracy,group_max_Selection rate,group_max_Count,group_max_tpr,group_max_tnr,group_max_fpr,group_max_fnr,group_0_Accuracy,group_0_Selection rate,group_0_Count,group_0_tpr,group_0_tnr,group_0_fpr,group_0_fnr,group_1_Accuracy,group_1_Selection rate,group_1_Count,group_1_tpr,group_1_tnr,group_1_fpr,group_1_fnr,generation
0.008624510466101354,0.3667037091952396,35.0,0.006065207467762068,0.027691176927757133,0.02769117692775712,0.006065207467762117,0.9908618439264139,0.4596516180979936,0.9930237193541958,0.9935624654930874,0.9707585129881398,0.6568995639194971,0.9050859554778928,0.9351665997591329,0.31193940601953357,4982.0,0.9360978925900748,0.9192913385826772,0.05301748448956571,0.0578368999421631,0.9437911102252342,0.6786431152147732,5017.0,0.9421631000578369,0.9469825155104343,0.08070866141732283,0.06390210740992522,0.9351665997591329,0.6786431152147732,4982.0,0.9421631000578369,0.9192913385826772,0.08070866141732283,0.0578368999421631,0.9437911102252342,0.31193940601953357,5017.0,0.9360978925900748,0.9469825155104343,0.05301748448956571,0.06390210740992522,None
