difference_Accuracy,difference_Selection rate,difference_Count,difference_tpr,difference_tnr,difference_fpr,difference_fnr,ratio_Accuracy,ratio_Selection rate,ratio_Count,ratio_tpr,ratio_tnr,ratio_fpr,ratio_fnr,group_min_Accuracy,group_min_Selection rate,group_min_Count,group_min_tpr,group_min_tnr,group_min_fpr,group_min_fnr,group_max_Accuracy,group_max_Selection rate,group_max_Count,group_max_tpr,group_max_tnr,group_max_fpr,group_max_fnr,group_0_Accuracy,group_0_Selection rate,group_0_Count,group_0_tpr,group_0_tnr,group_0_fpr,group_0_fnr,group_1_Accuracy,group_1_Selection rate,group_1_Count,group_1_tpr,group_1_tnr,group_1_fpr,group_1_fnr,generation
0.007033108820582612,0.3584787854110993,46.0,0.011667651502199172,0.018696494088870752,0.018696494088870766,0.01166765150219913,0.9924755472618133,0.46179519909772515,0.9908421262193908,0.9874525287193183,0.9801401932393299,0.7580453706146136,0.8573408997000023,0.9276672694394213,0.3075851085008959,4977.0,0.9182130584192439,0.9227272727272727,0.058576233183856505,0.07011929007855688,0.934700378260004,0.6660638939119952,5023.0,0.9298807099214431,0.9414237668161435,0.07727272727272727,0.08178694158075601,0.9276672694394213,0.6660638939119952,4977.0,0.9298807099214431,0.9227272727272727,0.07727272727272727,0.07011929007855688,0.934700378260004,0.3075851085008959,5023.0,0.9182130584192439,0.9414237668161435,0.058576233183856505,0.08178694158075601,None
