Accuracy,Selection rate,Count,tpr,tnr,fpr,fnr,generation
0.9394939493949395,0.49464946494649464,9999.0,0.9403530127814973,0.9386587771203155,0.061341222879684416,0.05964698721850274,None
