Accuracy,Selection rate,Count,tpr,tnr,fpr,fnr,generation
0.7665565457897972,0.7821143208358943,26032.0,0.9457586917171212,0.4797722505244231,0.5202277494755768,0.05424130828287872,None
0.8616318377381684,0.6200445605408728,26032.0,0.8905500529496044,0.8151117346427498,0.18488826535725023,0.10944994705039557,None
0.8734634296250768,0.6404041180086048,26032.0,0.915822194591234,0.8049663215039711,0.19503367849602896,0.08417780540876593,None
0.6074446834665027,0.36854640442532266,26032.0,0.48057196145477155,0.8126068161254649,0.18739318387453505,0.5194280385452285,None
