Accuracy,Selection rate,Count,tpr,tnr,fpr,fnr,generation
0.8061634018155758,0.7354992833253703,20930.0,0.9472189349112426,0.5895820714718353,0.4104179285281647,0.0527810650887574,None
0.8908743430482561,0.6104156712852365,20930.0,0.9157552702488508,0.8531039461020212,0.14689605389797883,0.08424472975114915,None
0.8955088389870999,0.6313425704730052,20930.0,0.9353335965258587,0.8344827586206897,0.16551724137931034,0.06466640347414133,None
0.7640707118967989,0.4524128045867176,20930.0,0.6788787998420844,0.894615849969752,0.10538415003024804,0.3211212001579155,None
