difference_Accuracy,difference_Selection rate,difference_Count,difference_tpr,difference_tnr,difference_fpr,difference_fnr,ratio_Accuracy,ratio_Selection rate,ratio_Count,ratio_tpr,ratio_tnr,ratio_fpr,ratio_fnr,group_min_Accuracy,group_min_Selection rate,group_min_Count,group_min_tpr,group_min_tnr,group_min_fpr,group_min_fnr,group_max_Accuracy,group_max_Selection rate,group_max_Count,group_max_tpr,group_max_tnr,group_max_fpr,group_max_fnr,generation
0.003832373382926746,0.37468780373946564,35.0,0.025084740298164765,0.03032140018030749,0.030321400180307406,0.02508474029816475,0.995923888644871,0.4491901333048044,0.9930237193541958,0.9734324557577171,0.9680476418902317,0.6273402106871896,0.6899188825327702,0.9363709353673224,0.30556109228622685,4982.0,0.9191026512576479,0.9186351706036745,0.05104342921601805,0.055812608444187395,0.9402033087502492,0.6802488960256925,5017.0,0.9441873915558127,0.948956570783982,0.08136482939632546,0.08089734874235215,None
