Accuracy,Selection rate,Count,tpr,tnr,fpr,fnr,generation
0.9314,0.4842,10000.0,0.9247751430907605,0.937744714173845,0.06225528582615505,0.07522485690923958,None
