Accuracy,Selection rate,Count,tpr,tnr,fpr,fnr,generation
0.9382938293829383,0.49224922492249223,9999.0,0.9367011564211808,0.9398422090729783,0.0601577909270217,0.06329884357881924,None
