difference_Accuracy,difference_Selection rate,difference_Count,difference_tpr,difference_tnr,difference_fpr,difference_fnr,ratio_Accuracy,ratio_Selection rate,ratio_Count,ratio_tpr,ratio_tnr,ratio_fpr,ratio_fnr,group_min_Accuracy,group_min_Selection rate,group_min_Count,group_min_tpr,group_min_tnr,group_min_fpr,group_min_fnr,group_max_Accuracy,group_max_Selection rate,group_max_Count,group_max_tpr,group_max_tnr,group_max_fpr,group_max_fnr,generation
0.008231294174184667,0.361262284309936,46.0,0.015209460020176646,0.02149918467183043,0.02149918467183041,0.015209460020176632,0.9912011511732434,0.45728874463913327,0.9908421262193908,0.9836334019757836,0.9772309020750695,0.7217752571880771,0.822961885365144,0.927265420936307,0.30439976109894484,4977.0,0.9140893470790378,0.9227272727272727,0.05577354260089686,0.07070119290078557,0.9354967151104917,0.6656620454088809,5023.0,0.9292988070992144,0.9442264573991032,0.07727272727272727,0.0859106529209622,None
