Accuracy,Selection rate,Count,tpr,tnr,fpr,fnr,generation
0.9252,0.4754,10000.0,0.9094439901880621,0.9402897415818324,0.05971025841816758,0.09055600981193786,None
