Accuracy,Selection rate,Count,tpr,tnr,fpr,fnr,generation
0.9336933693369337,0.48384838483848386,9999.0,0.9235138973422601,0.9435897435897436,0.05641025641025641,0.0764861026577399,None
