difference_Accuracy,difference_Selection rate,difference_Count,difference_tpr,difference_tnr,difference_fpr,difference_fnr,ratio_Accuracy,ratio_Selection rate,ratio_Count,ratio_tpr,ratio_tnr,ratio_fpr,ratio_fnr,group_min_Accuracy,group_min_Selection rate,group_min_Count,group_min_tpr,group_min_tnr,group_min_fpr,group_min_fnr,group_max_Accuracy,group_max_Selection rate,group_max_Count,group_max_tpr,group_max_tnr,group_max_fpr,group_max_fnr,generation
0.005336452608701747,0.3826298893677194,35.0,0.05861343207938796,0.025359615581047268,0.025359615581047296,0.05861343207938793,0.9943009202794101,0.433839587517084,0.9930237193541958,0.937711970457737,0.973339698532347,0.6579818217210966,0.5016164243423142,0.9310344827586207,0.293203109427945,4982.0,0.8823929299796057,0.9258530183727034,0.048787366046249295,0.058993637941006365,0.9363709353673224,0.6758329987956644,5017.0,0.9410063620589937,0.9512126339537507,0.07414698162729659,0.11760707002039429,None
