difference_Accuracy,difference_Selection rate,difference_Count,difference_tpr,difference_tnr,difference_fpr,difference_fnr,ratio_Accuracy,ratio_Selection rate,ratio_Count,ratio_tpr,ratio_tnr,ratio_fpr,ratio_fnr,group_min_Accuracy,group_min_Selection rate,group_min_Count,group_min_tpr,group_min_tnr,group_min_fpr,group_min_fnr,group_max_Accuracy,group_max_Selection rate,group_max_Count,group_max_tpr,group_max_tnr,group_max_fpr,group_max_fnr,generation
0.001311867759121732,0.3743816019146965,46.0,0.0579517220624155,0.023283443014384786,0.023283443014384717,0.057951722062415584,0.9985830803304798,0.43570647100864796,0.9908421262193908,0.9374630867414373,0.9754215015753477,0.6935341688704918,0.5585353109904991,0.9245470834162851,0.28907027672705554,4977.0,0.8687285223367698,0.924025974025974,0.052690582959641255,0.07331975560081466,0.9258589511754068,0.663451878641752,5023.0,0.9266802443991853,0.9473094170403588,0.07597402597402597,0.13127147766323025,None
