Accuracy,Selection rate,Count,tpr,tnr,fpr,fnr,generation
0.9276,0.5,10000.0,0.9370400654129191,0.9185591229444009,0.08144087705559906,0.06295993458708095,None
