Accuracy,Selection rate,Count,tpr,tnr,fpr,fnr,generation
0.9362936293629363,0.5092509250925092,9999.0,0.9519172245891662,0.9211045364891519,0.07889546351084813,0.04808277541083384,None
