difference_Accuracy,difference_Selection rate,difference_Count,difference_tpr,difference_tnr,difference_fpr,difference_fnr,ratio_Accuracy,ratio_Selection rate,ratio_Count,ratio_tpr,ratio_tnr,ratio_fpr,ratio_fnr,group_min_Accuracy,group_min_Selection rate,group_min_Count,group_min_tpr,group_min_tnr,group_min_fpr,group_min_fnr,group_max_Accuracy,group_max_Selection rate,group_max_Count,group_max_tpr,group_max_tnr,group_max_fpr,group_max_fnr,generation
0.020266508839327124,0.3710078505261171,46.0,0.00038473574912989417,0.0646839147399686,0.06468391473996854,0.00038473574912989417,0.9783866934395031,0.45945372597526785,0.9908421262193908,0.9995894639025894,0.9310450529452621,0.48916292974588943,0.9939153204893044,0.917420132610006,0.3153493927931515,4977.0,0.9367697594501718,0.8733766233766234,0.06193946188340807,0.06284550480069828,0.9376866414493331,0.6863572433192686,5023.0,0.9371544951993017,0.938060538116592,0.1266233766233766,0.06323024054982818,None
