difference_Accuracy,difference_Selection rate,difference_Count,difference_tpr,difference_tnr,difference_fpr,difference_fnr,ratio_Accuracy,ratio_Selection rate,ratio_Count,ratio_tpr,ratio_tnr,ratio_fpr,ratio_fnr,group_min_Accuracy,group_min_Selection rate,group_min_Count,group_min_tpr,group_min_tnr,group_min_fpr,group_min_fnr,group_max_Accuracy,group_max_Selection rate,group_max_Count,group_max_tpr,group_max_tnr,group_max_fpr,group_max_fnr,generation
0.010247094843409577,0.3808075025843485,35.0,0.009951799962175989,0.06263573017839774,0.06263573017839774,0.00995179996217601,0.989115038147494,0.45623875669956315,0.9930237193541958,0.9895780362600834,0.9333614463808586,0.4895355465674964,0.8192703982177666,0.9311521477318346,0.31951365357783534,4982.0,0.9449354180829368,0.8772965879265092,0.06006768189509306,0.045112781954887216,0.9413992425752442,0.7003211561621838,5017.0,0.9548872180451128,0.939932318104907,0.12270341207349081,0.055064581917063225,None
