difference_Accuracy,difference_Selection rate,difference_Count,difference_tpr,difference_tnr,difference_fpr,difference_fnr,ratio_Accuracy,ratio_Selection rate,ratio_Count,ratio_tpr,ratio_tnr,ratio_fpr,ratio_fnr,group_min_Accuracy,group_min_Selection rate,group_min_Count,group_min_tpr,group_min_tnr,group_min_fpr,group_min_fnr,group_max_Accuracy,group_max_Selection rate,group_max_Count,group_max_tpr,group_max_tnr,group_max_fpr,group_max_fnr,group_0_Accuracy,group_0_Selection rate,group_0_Count,group_0_tpr,group_0_tnr,group_0_fpr,group_0_fnr,group_1_Accuracy,group_1_Selection rate,group_1_Count,group_1_tpr,group_1_tnr,group_1_fpr,group_1_fnr,generation
0.005464355625765083,0.3639703416124285,46.0,0.03553246607816496,0.015593879214955475,0.01559387921495544,0.035532466078164945,0.9941276298014082,0.4460304617109918,0.9908421262193908,0.9614382425290012,0.9835630838880469,0.7668487962035788,0.6885557943148796,0.9250552541691782,0.2930519609794943,4977.0,0.8859106529209622,0.9331168831168831,0.05128923766816144,0.07855688100087285,0.9305196097949433,0.6570223025919228,5023.0,0.9214431189991271,0.9487107623318386,0.06688311688311688,0.1140893470790378,0.9250552541691782,0.6570223025919228,4977.0,0.9214431189991271,0.9331168831168831,0.06688311688311688,0.07855688100087285,0.9305196097949433,0.2930519609794943,5023.0,0.8859106529209622,0.9487107623318386,0.05128923766816144,0.1140893470790378,None
