Accuracy,Selection rate,Count,tpr,tnr,fpr,fnr,generation
0.9278,0.4742,10000.0,0.910874897792314,0.9440093970242757,0.055990602975724356,0.08912510220768602,None
