difference_Accuracy,difference_Selection rate,difference_Count,difference_tpr,difference_tnr,difference_fpr,difference_fnr,ratio_Accuracy,ratio_Selection rate,ratio_Count,ratio_tpr,ratio_tnr,ratio_fpr,ratio_fnr,group_min_Accuracy,group_min_Selection rate,group_min_Count,group_min_tpr,group_min_tnr,group_min_fpr,group_min_fnr,group_max_Accuracy,group_max_Selection rate,group_max_Count,group_max_tpr,group_max_tnr,group_max_fpr,group_max_fnr,group_0_Accuracy,group_0_Selection rate,group_0_Count,group_0_tpr,group_0_tnr,group_0_fpr,group_0_fnr,group_1_Accuracy,group_1_Selection rate,group_1_Count,group_1_tpr,group_1_tnr,group_1_fpr,group_1_fnr,generation
0.0013374038505932218,0.37861683763762016,35.0,0.05048599116365404,0.02348881516713963,0.02348881516713964,0.05048599116365404,0.9985689549004176,0.4365982422011279,0.9930237193541958,0.946117111900026,0.9753430021957735,0.6685467193081407,0.5553000419057779,0.9332270281044449,0.29340243173211084,4982.0,0.8864717878993882,0.9291338582677166,0.047377326565143825,0.06304222093695779,0.9345644319550381,0.672019269369731,5017.0,0.9369577790630422,0.9526226734348562,0.07086614173228346,0.11352821210061183,0.9345644319550381,0.672019269369731,4982.0,0.9369577790630422,0.9291338582677166,0.07086614173228346,0.06304222093695779,0.9332270281044449,0.29340243173211084,5017.0,0.8864717878993882,0.9526226734348562,0.047377326565143825,0.11352821210061183,None
