Accuracy,Selection rate,Count,tpr,tnr,fpr,fnr,generation
0.9338933893389338,0.48204820482048205,9999.0,0.9218908500710083,0.9455621301775148,0.054437869822485205,0.07810914992899168,None
