difference_Accuracy,difference_Selection rate,difference_Count,difference_tpr,difference_tnr,difference_fpr,difference_fnr,ratio_Accuracy,ratio_Selection rate,ratio_Count,ratio_tpr,ratio_tnr,ratio_fpr,ratio_fnr,group_min_Accuracy,group_min_Selection rate,group_min_Count,group_min_tpr,group_min_tnr,group_min_fpr,group_min_fnr,group_max_Accuracy,group_max_Selection rate,group_max_Count,group_max_tpr,group_max_tnr,group_max_fpr,group_max_fnr,group_0_Accuracy,group_0_Selection rate,group_0_Count,group_0_tpr,group_0_tnr,group_0_fpr,group_0_fnr,group_1_Accuracy,group_1_Selection rate,group_1_Count,group_1_tpr,group_1_tnr,group_1_fpr,group_1_fnr,generation
0.00450835685365869,0.3805806544380979,35.0,0.06596414426748254,0.0211461511473503,0.021146151147350238,0.06596414426748248,0.9951624738649736,0.43010134643504544,0.9930237193541958,0.9292261834077088,0.9778087446083148,0.6901275543407522,0.5074453999113364,0.9274466812836356,0.2872234403029699,4982.0,0.8660774983004759,0.931758530183727,0.04709531866892273,0.06795835743204165,0.9319550381372943,0.6678040947410678,5017.0,0.9320416425679584,0.9529046813310773,0.06824146981627296,0.13392250169952413,0.9319550381372943,0.6678040947410678,4982.0,0.9320416425679584,0.931758530183727,0.06824146981627296,0.06795835743204165,0.9274466812836356,0.2872234403029699,5017.0,0.8660774983004759,0.9529046813310773,0.04709531866892273,0.13392250169952413,None
