Accuracy,Selection rate,Count,tpr,tnr,fpr,fnr,generation
0.9296929692969297,0.47684768476847683,9999.0,0.9123554473524041,0.9465483234714004,0.053451676528599605,0.08764455264759587,None
