difference_Accuracy,difference_Selection rate,difference_Count,difference_tpr,difference_tnr,difference_fpr,difference_fnr,ratio_Accuracy,ratio_Selection rate,ratio_Count,ratio_tpr,ratio_tnr,ratio_fpr,ratio_fnr,group_min_Accuracy,group_min_Selection rate,group_min_Count,group_min_tpr,group_min_tnr,group_min_fpr,group_min_fnr,group_max_Accuracy,group_max_Selection rate,group_max_Count,group_max_tpr,group_max_tnr,group_max_fpr,group_max_fnr,group_0_Accuracy,group_0_Selection rate,group_0_Count,group_0_tpr,group_0_tnr,group_0_fpr,group_0_fnr,group_1_Accuracy,group_1_Selection rate,group_1_Count,group_1_tpr,group_1_tnr,group_1_fpr,group_1_fnr,generation
0.001698315936365269,0.36612898728937104,46.0,0.050994083987974004,0.012996476617552877,0.012996476617552842,0.050994083987974004,0.998163874096349,0.4398327790534277,0.9908421262193908,0.944430352990911,0.9863009073644229,0.7978325859491779,0.6175443700901949,0.9232469359051637,0.28747760302608005,4977.0,0.8666666666666667,0.9357142857142857,0.05128923766816144,0.08233924934535933,0.924945251841529,0.6536065903154511,5023.0,0.9176607506546407,0.9487107623318386,0.06428571428571428,0.13333333333333333,0.9232469359051637,0.6536065903154511,4977.0,0.9176607506546407,0.9357142857142857,0.06428571428571428,0.08233924934535933,0.924945251841529,0.28747760302608005,5023.0,0.8666666666666667,0.9487107623318386,0.05128923766816144,0.13333333333333333,None
