Accuracy,Selection rate,Count,tpr,tnr,fpr,fnr,generation
0.9241,0.4697,10000.0,0.9024938675388389,0.9447924823805794,0.05520751761942052,0.09750613246116108,None
