Accuracy,Selection rate,Count,tpr,tnr,fpr,fnr,generation
0.8869565217391304,0.5978021978021978,20930.0,0.9017899572311104,0.8644026974951831,0.13559730250481697,0.09821004276888959,None
0.8869565217391304,0.5978021978021978,20930.0,0.9017899572311104,0.8644026974951831,0.13559730250481697,0.09821004276888959,None
0.8869565217391304,0.5978021978021978,20930.0,0.9017899572311104,0.8644026974951831,0.13559730250481697,0.09821004276888959,None
0.8869565217391304,0.5978021978021978,20930.0,0.9017899572311104,0.8644026974951831,0.13559730250481697,0.09821004276888959,None
