Accuracy,Selection rate,Count,tpr,tnr,fpr,fnr,generation
0.8595574677320221,0.5951137062077443,26032.0,0.8687686939182453,0.8447516025641025,0.15524839743589744,0.13123130608175473,None
0.8595574677320221,0.5951137062077443,26032.0,0.8687686939182453,0.8447516025641025,0.15524839743589744,0.13123130608175473,None
0.8595574677320221,0.5951137062077443,26032.0,0.8687686939182453,0.8447516025641025,0.15524839743589744,0.13123130608175473,None
0.8595574677320221,0.5951137062077443,26032.0,0.8687686939182453,0.8447516025641025,0.15524839743589744,0.13123130608175473,None
