Accuracy,Selection rate,Count,tpr,tnr,fpr,fnr,generation
0.9363936393639364,0.48854885488548855,9999.0,0.9310204909717995,0.9416173570019724,0.05838264299802761,0.06897950902820045,None
