difference_Accuracy,difference_Selection rate,difference_Count,difference_tpr,difference_tnr,difference_fpr,difference_fnr,ratio_Accuracy,ratio_Selection rate,ratio_Count,ratio_tpr,ratio_tnr,ratio_fpr,ratio_fnr,group_min_Accuracy,group_min_Selection rate,group_min_Count,group_min_tpr,group_min_tnr,group_min_fpr,group_min_fnr,group_max_Accuracy,group_max_Selection rate,group_max_Count,group_max_tpr,group_max_tnr,group_max_fpr,group_max_fnr,group_0_Accuracy,group_0_Selection rate,group_0_Count,group_0_tpr,group_0_tnr,group_0_fpr,group_0_fnr,group_1_Accuracy,group_1_Selection rate,group_1_Count,group_1_tpr,group_1_tnr,group_1_fpr,group_1_fnr,generation
0.0008453394148374427,0.3804625493714786,35.0,0.0412124281314592,0.031921295371073466,0.031921295371073535,0.04121242813145922,0.9990976451395235,0.4400400528895993,0.9930237193541958,0.9563112886331742,0.9664414724619548,0.604487364670601,0.5790035987404408,0.9359694901645925,0.2989834562487542,4982.0,0.902107409925221,0.9192913385826772,0.048787366046249295,0.05668016194331984,0.93681482957943,0.6794460056202328,5017.0,0.9433198380566802,0.9512126339537507,0.08070866141732283,0.09789259007477906,0.9359694901645925,0.6794460056202328,4982.0,0.9433198380566802,0.9192913385826772,0.08070866141732283,0.05668016194331984,0.93681482957943,0.2989834562487542,5017.0,0.902107409925221,0.9512126339537507,0.048787366046249295,0.09789259007477906,None
