Accuracy,Selection rate,Count,tpr,tnr,fpr,fnr,generation
0.9263,0.4795,10000.0,0.9147587898609976,0.9373531714956931,0.06264682850430697,0.08524121013900245,None
