difference_Accuracy,difference_Selection rate,difference_Count,difference_tpr,difference_tnr,difference_fpr,difference_fnr,ratio_Accuracy,ratio_Selection rate,ratio_Count,ratio_tpr,ratio_tnr,ratio_fpr,ratio_fnr,group_min_Accuracy,group_min_Selection rate,group_min_Count,group_min_tpr,group_min_tnr,group_min_fpr,group_min_fnr,group_max_Accuracy,group_max_Selection rate,group_max_Count,group_max_tpr,group_max_tnr,group_max_fpr,group_max_fnr,group_0_Accuracy,group_0_Selection rate,group_0_Count,group_0_tpr,group_0_tnr,group_0_fpr,group_0_fnr,group_1_Accuracy,group_1_Selection rate,group_1_Count,group_1_tpr,group_1_tnr,group_1_fpr,group_1_fnr,generation
0.002078083972256839,0.3754193438733164,46.0,0.04986467259967586,0.03116446333935119,0.03116446333935123,0.04986467259967586,0.9977590777602735,0.4380565189601517,0.9908421262193908,0.9463584101016945,0.9670826509192406,0.6308209727492239,0.5854108649569807,0.9252561784207354,0.29265379255425045,4977.0,0.8797250859106529,0.9155844155844156,0.053251121076233185,0.07041024148967122,0.9273342623929922,0.6680731364275668,5023.0,0.9295897585103288,0.9467488789237668,0.08441558441558442,0.12027491408934708,0.9252561784207354,0.6680731364275668,4977.0,0.9295897585103288,0.9155844155844156,0.08441558441558442,0.07041024148967122,0.9273342623929922,0.29265379255425045,5023.0,0.8797250859106529,0.9467488789237668,0.053251121076233185,0.12027491408934708,None
