Accuracy,Selection rate,Count,tpr,tnr,fpr,fnr,generation
0.9315931593159316,0.5081508150815082,9999.0,0.9460336782308785,0.9175542406311638,0.08244575936883629,0.05396632176912153,None
0.9315931593159316,0.5081508150815082,9999.0,0.9460336782308785,0.9175542406311638,0.08244575936883629,0.05396632176912153,None
0.9315931593159316,0.5081508150815082,9999.0,0.9460336782308785,0.9175542406311638,0.08244575936883629,0.05396632176912153,None
0.9315931593159316,0.5081508150815082,9999.0,0.9460336782308785,0.9175542406311638,0.08244575936883629,0.05396632176912153,None
0.9315931593159316,0.5081508150815082,9999.0,0.9460336782308785,0.9175542406311638,0.08244575936883629,0.05396632176912153,None
0.9315931593159316,0.5081508150815082,9999.0,0.9460336782308785,0.9175542406311638,0.08244575936883629,0.05396632176912153,None
0.9315931593159316,0.5081508150815082,9999.0,0.9460336782308785,0.9175542406311638,0.08244575936883629,0.05396632176912153,None
0.9294929492949295,0.51005100510051,9999.0,0.945830797321972,0.9136094674556213,0.0863905325443787,0.054169202678027994,None
