Accuracy,Selection rate,Count,tpr,tnr,fpr,fnr,generation
0.928,0.4988,10000.0,0.9362224039247752,0.9201252936570086,0.07987470634299139,0.06377759607522486,None
0.928,0.4988,10000.0,0.9362224039247752,0.9201252936570086,0.07987470634299139,0.06377759607522486,None
0.928,0.4988,10000.0,0.9362224039247752,0.9201252936570086,0.07987470634299139,0.06377759607522486,None
0.928,0.4988,10000.0,0.9362224039247752,0.9201252936570086,0.07987470634299139,0.06377759607522486,None
0.928,0.4988,10000.0,0.9362224039247752,0.9201252936570086,0.07987470634299139,0.06377759607522486,None
0.928,0.4988,10000.0,0.9362224039247752,0.9201252936570086,0.07987470634299139,0.06377759607522486,None
0.928,0.4988,10000.0,0.9362224039247752,0.9201252936570086,0.07987470634299139,0.06377759607522486,None
0.9272,0.501,10000.0,0.937653311529027,0.9171887235708692,0.08281127642913078,0.062346688470973015,None
