difference_Accuracy,difference_Selection rate,difference_Count,difference_tpr,difference_tnr,difference_fpr,difference_fnr,ratio_Accuracy,ratio_Selection rate,ratio_Count,ratio_tpr,ratio_tnr,ratio_fpr,ratio_fnr,group_min_Accuracy,group_min_Selection rate,group_min_Count,group_min_tpr,group_min_tnr,group_min_fpr,group_min_fnr,group_max_Accuracy,group_max_Selection rate,group_max_Count,group_max_tpr,group_max_tnr,group_max_fpr,group_max_fnr,group_0_Accuracy,group_0_Selection rate,group_0_Count,group_0_tpr,group_0_tnr,group_0_fpr,group_0_fnr,group_1_Accuracy,group_1_Selection rate,group_1_Count,group_1_tpr,group_1_tnr,group_1_fpr,group_1_fnr,generation
0.007246913344686412,0.36313132385881286,46.0,0.012886447963190162,0.030917680973734818,0.03091768097373479,0.012886447963190148,0.9922352291530803,0.461310104666077,0.9908421262193908,0.9862108587641705,0.9670408468137778,0.6670403587443946,0.8355282299434942,0.926059875426964,0.31096954011546885,4977.0,0.9216494845360824,0.9071428571428571,0.06193946188340807,0.06546406750072738,0.9333067887716504,0.6741008639742817,5023.0,0.9345359324992726,0.938060538116592,0.09285714285714286,0.07835051546391752,0.926059875426964,0.6741008639742817,4977.0,0.9345359324992726,0.9071428571428571,0.09285714285714286,0.06546406750072738,0.9333067887716504,0.31096954011546885,5023.0,0.9216494845360824,0.938060538116592,0.06193946188340807,0.07835051546391752,None
