difference_Accuracy,difference_Selection rate,difference_Count,difference_tpr,difference_tnr,difference_fpr,difference_fnr,ratio_Accuracy,ratio_Selection rate,ratio_Count,ratio_tpr,ratio_tnr,ratio_fpr,ratio_fnr,group_min_Accuracy,group_min_Selection rate,group_min_Count,group_min_tpr,group_min_tnr,group_min_fpr,group_min_fnr,group_max_Accuracy,group_max_Selection rate,group_max_Count,group_max_tpr,group_max_tnr,group_max_fpr,group_max_fnr,group_0_Accuracy,group_0_Selection rate,group_0_Count,group_0_tpr,group_0_tnr,group_0_fpr,group_0_fnr,group_1_Accuracy,group_1_Selection rate,group_1_Count,group_1_tpr,group_1_tnr,group_1_fpr,group_1_fnr,generation
0.008842036633855188,0.37374300321500237,35.0,0.011371969116432235,0.0436179614604012,0.04361796146040121,0.011371969116432241,0.9906075592225172,0.4565126555700112,0.9930237193541958,0.9879889220511232,0.9537886790144658,0.5626725443049247,0.8239140361024018,0.932557205941389,0.31393262906119196,4982.0,0.9354180829367778,0.9002624671916011,0.05611957134799774,0.05320994794679005,0.9413992425752442,0.6876756322761943,5017.0,0.94679005205321,0.9438804286520023,0.09973753280839895,0.06458191706322229,0.932557205941389,0.6876756322761943,4982.0,0.94679005205321,0.9002624671916011,0.09973753280839895,0.05320994794679005,0.9413992425752442,0.31393262906119196,5017.0,0.9354180829367778,0.9438804286520023,0.05611957134799774,0.06458191706322229,None
