Accuracy,Selection rate,Count,tpr,tnr,fpr,fnr,generation
0.936993699369937,0.5001500150015001,9999.0,0.9433962264150944,0.9307692307692308,0.06923076923076923,0.05660377358490566,None
