Accuracy,Selection rate,Count,tpr,tnr,fpr,fnr,generation
0.9297,0.4917,10000.0,0.9307031888798037,0.9287392325763508,0.07126076742364917,0.06929681112019624,None
