generation,epoch,gen_loss
0,0,81153.97026965083
0,10,27336.888831313776
0,20,26379.820447026468
