difference_Accuracy,difference_Selection rate,difference_Count,difference_tpr,difference_tnr,difference_fpr,difference_fnr,ratio_Accuracy,ratio_Selection rate,ratio_Count,ratio_tpr,ratio_tnr,ratio_fpr,ratio_fnr,group_min_Accuracy,group_min_Selection rate,group_min_Count,group_min_tpr,group_min_tnr,group_min_fpr,group_min_fnr,group_max_Accuracy,group_max_Selection rate,group_max_Count,group_max_tpr,group_max_tnr,group_max_fpr,group_max_fnr,group_0_Accuracy,group_0_Selection rate,group_0_Count,group_0_tpr,group_0_tnr,group_0_fpr,group_0_fnr,group_1_Accuracy,group_1_Selection rate,group_1_Count,group_1_tpr,group_1_tnr,group_1_fpr,group_1_fnr,generation
0.021501563491835518,0.39522872334424264,35.0,0.018515278417242764,0.10238552033787651,0.10238552033787654,0.01851527841724271,0.9771115331978487,0.4436198079398088,0.9930237193541958,0.9805628922990816,0.891267129344681,0.3631202734901067,0.719216757198309,0.9179044560417503,0.31512856288618696,4982.0,0.9340584636301835,0.839238845144357,0.0583756345177665,0.04742625795257374,0.9394060195335858,0.7103572862304296,5017.0,0.9525737420474263,0.9416243654822335,0.16076115485564305,0.06594153636981645,0.9179044560417503,0.7103572862304296,4982.0,0.9525737420474263,0.839238845144357,0.16076115485564305,0.04742625795257374,0.9394060195335858,0.31512856288618696,5017.0,0.9340584636301835,0.9416243654822335,0.0583756345177665,0.06594153636981645,None
