difference_Accuracy,difference_Selection rate,difference_Count,difference_tpr,difference_tnr,difference_fpr,difference_fnr,ratio_Accuracy,ratio_Selection rate,ratio_Count,ratio_tpr,ratio_tnr,ratio_fpr,ratio_fnr,group_min_Accuracy,group_min_Selection rate,group_min_Count,group_min_tpr,group_min_tnr,group_min_fpr,group_min_fnr,group_max_Accuracy,group_max_Selection rate,group_max_Count,group_max_tpr,group_max_tnr,group_max_fpr,group_max_fnr,group_0_Accuracy,group_0_Selection rate,group_0_Count,group_0_tpr,group_0_tnr,group_0_fpr,group_0_fnr,group_1_Accuracy,group_1_Selection rate,group_1_Count,group_1_tpr,group_1_tnr,group_1_fpr,group_1_fnr,generation
0.020874801710804247,0.3820274036998623,46.0,0.011912810560636311,0.08093151243375452,0.08093151243375457,0.011912810560636374,0.977723788189214,0.4495221805980849,0.9908421262193908,0.9873511492440818,0.9139046999512116,0.4256473311152901,0.8300672611203341,0.9162145871006631,0.3119649611785785,4977.0,0.9298969072164949,0.8590909090909091,0.05997757847533632,0.05819028222286878,0.9370893888114673,0.6939923648784408,5023.0,0.9418097177771312,0.9400224215246636,0.1409090909090909,0.07010309278350516,0.9162145871006631,0.6939923648784408,4977.0,0.9418097177771312,0.8590909090909091,0.1409090909090909,0.05819028222286878,0.9370893888114673,0.3119649611785785,5023.0,0.9298969072164949,0.9400224215246636,0.05997757847533632,0.07010309278350516,None
