Accuracy,Selection rate,Count,tpr,tnr,fpr,fnr,generation
0.9286928692869287,0.512051205120512,9999.0,0.9470480827754109,0.9108481262327416,0.08915187376725839,0.05295191722458917,None
