Accuracy,Selection rate,Count,tpr,tnr,fpr,fnr,generation
0.9267,0.5021,10000.0,0.9382665576451349,0.9156225528582616,0.08437744714173845,0.06173344235486509,None
