Accuracy,Selection rate,Count,tpr,tnr,fpr,fnr,generation
0.9316931693169317,0.48044804480448045,9999.0,0.9180361128017853,0.9449704142011834,0.05502958579881657,0.08196388719821465,None
0.9316931693169317,0.48044804480448045,9999.0,0.9180361128017853,0.9449704142011834,0.05502958579881657,0.08196388719821465,None
0.9316931693169317,0.48044804480448045,9999.0,0.9180361128017853,0.9449704142011834,0.05502958579881657,0.08196388719821465,None
0.9316931693169317,0.48044804480448045,9999.0,0.9180361128017853,0.9449704142011834,0.05502958579881657,0.08196388719821465,None
0.9316931693169317,0.48044804480448045,9999.0,0.9180361128017853,0.9449704142011834,0.05502958579881657,0.08196388719821465,None
0.9316931693169317,0.48044804480448045,9999.0,0.9180361128017853,0.9449704142011834,0.05502958579881657,0.08196388719821465,None
0.9316931693169317,0.48044804480448045,9999.0,0.9180361128017853,0.9449704142011834,0.05502958579881657,0.08196388719821465,None
0.9313931393139314,0.4803480348034804,9999.0,0.9176303509839724,0.9447731755424064,0.055226824457593686,0.08236964901602759,None
