Accuracy,Selection rate,Count,tpr,tnr,fpr,fnr,generation
0.9213,0.4689,10000.0,0.8988143908421913,0.9428347689898199,0.05716523101018011,0.10118560915780866,None
0.9213,0.4689,10000.0,0.8988143908421913,0.9428347689898199,0.05716523101018011,0.10118560915780866,None
0.9213,0.4689,10000.0,0.8988143908421913,0.9428347689898199,0.05716523101018011,0.10118560915780866,None
0.9213,0.4689,10000.0,0.8988143908421913,0.9428347689898199,0.05716523101018011,0.10118560915780866,None
0.9213,0.4689,10000.0,0.8988143908421913,0.9428347689898199,0.05716523101018011,0.10118560915780866,None
0.9213,0.4689,10000.0,0.8988143908421913,0.9428347689898199,0.05716523101018011,0.10118560915780866,None
0.9213,0.4689,10000.0,0.8988143908421913,0.9428347689898199,0.05716523101018011,0.10118560915780866,None
0.9214,0.469,10000.0,0.8990188062142274,0.9428347689898199,0.05716523101018011,0.1009811937857727,None
