difference_Accuracy,difference_Selection rate,difference_Count,difference_tpr,difference_tnr,difference_fpr,difference_fnr,ratio_Accuracy,ratio_Selection rate,ratio_Count,ratio_tpr,ratio_tnr,ratio_fpr,ratio_fnr,group_min_Accuracy,group_min_Selection rate,group_min_Count,group_min_tpr,group_min_tnr,group_min_fpr,group_min_fnr,group_max_Accuracy,group_max_Selection rate,group_max_Count,group_max_tpr,group_max_tnr,group_max_fpr,group_max_fnr,group_0_Accuracy,group_0_Selection rate,group_0_Count,group_0_tpr,group_0_tnr,group_0_fpr,group_0_fnr,group_1_Accuracy,group_1_Selection rate,group_1_Count,group_1_tpr,group_1_tnr,group_1_fpr,group_1_fnr,generation
0.01185161078008412,0.3564842632070095,46.0,0.004739808451988625,0.02434919340748931,0.024349193407489374,0.004739808451988514,0.9873258162766952,0.4644665928218273,0.9908421262193908,0.9948835673211417,0.9741126573069363,0.7093197066082664,0.9395050763364624,0.9232469359051637,0.30917778220187137,4977.0,0.9216494845360824,0.9162337662337663,0.05941704035874439,0.07361070701192901,0.9350985466852478,0.6656620454088809,5023.0,0.926389292988071,0.9405829596412556,0.08376623376623377,0.07835051546391752,0.9232469359051637,0.6656620454088809,4977.0,0.926389292988071,0.9162337662337663,0.08376623376623377,0.07361070701192901,0.9350985466852478,0.30917778220187137,5023.0,0.9216494845360824,0.9405829596412556,0.05941704035874439,0.07835051546391752,None
