Accuracy,Selection rate,Count,tpr,tnr,fpr,fnr,generation
0.9387938793879388,0.49434943494349437,9999.0,0.9393386082369649,0.9382642998027614,0.06173570019723866,0.060661391763035095,None
