difference_Accuracy,difference_Selection rate,difference_Count,difference_tpr,difference_tnr,difference_fpr,difference_fnr,ratio_Accuracy,ratio_Selection rate,ratio_Count,ratio_tpr,ratio_tnr,ratio_fpr,ratio_fnr,group_min_Accuracy,group_min_Selection rate,group_min_Count,group_min_tpr,group_min_tnr,group_min_fpr,group_min_fnr,group_max_Accuracy,group_max_Selection rate,group_max_Count,group_max_tpr,group_max_tnr,group_max_fpr,group_max_fnr,group_0_Accuracy,group_0_Selection rate,group_0_Count,group_0_tpr,group_0_tnr,group_0_fpr,group_0_fnr,group_1_Accuracy,group_1_Selection rate,group_1_Count,group_1_tpr,group_1_tnr,group_1_fpr,group_1_fnr,generation
0.0036288501871637457,0.36770172101326787,35.0,0.014309226499287009,0.02337445763442003,0.02337445763442006,0.014309226499286967,0.9961419916531044,0.4583412258757834,0.9930237193541958,0.9848356404429867,0.9752727247101273,0.7006498030684355,0.797606998264893,0.9369731031714171,0.31114211680287024,4982.0,0.929299796057104,0.9219160104986877,0.05470953186689227,0.05639097744360902,0.9406019533585809,0.6788438378161381,5017.0,0.943609022556391,0.9452904681331077,0.07808398950131233,0.07070020394289599,0.9369731031714171,0.6788438378161381,4982.0,0.943609022556391,0.9219160104986877,0.07808398950131233,0.05639097744360902,0.9406019533585809,0.31114211680287024,5017.0,0.929299796057104,0.9452904681331077,0.05470953186689227,0.07070020394289599,None
