Accuracy,Selection rate,Count,tpr,tnr,fpr,fnr,generation
0.9292,0.4866,10000.0,0.9249795584627964,0.9332419733750978,0.06675802662490211,0.0750204415372036,None
