difference_Accuracy,difference_Selection rate,difference_Count,difference_tpr,difference_tnr,difference_fpr,difference_fnr,ratio_Accuracy,ratio_Selection rate,ratio_Count,ratio_tpr,ratio_tnr,ratio_fpr,ratio_fnr,group_min_Accuracy,group_min_Selection rate,group_min_Count,group_min_tpr,group_min_tnr,group_min_fpr,group_min_fnr,group_max_Accuracy,group_max_Selection rate,group_max_Count,group_max_tpr,group_max_tnr,group_max_fpr,group_max_fnr,group_0_Accuracy,group_0_Selection rate,group_0_Count,group_0_tpr,group_0_tnr,group_0_fpr,group_0_fnr,group_1_Accuracy,group_1_Selection rate,group_1_Count,group_1_tpr,group_1_tnr,group_1_fpr,group_1_fnr,generation
0.01946833194990416,0.37102441087653415,46.0,0.00022236286540144867,0.06559970298759543,0.06559970298759535,0.00022236286540148337,0.9792246799693289,0.46085007505620135,0.9908421262193908,0.9997631493637196,0.9299432085424303,0.4923440070306691,0.9963779091545739,0.9176210568615631,0.317141150706749,4977.0,0.9386092522548735,0.8707792207792208,0.06362107623318386,0.061168384879725084,0.9370893888114673,0.6881655615832831,5023.0,0.9388316151202749,0.9363789237668162,0.1292207792207792,0.06139074774512657,0.9176210568615631,0.6881655615832831,4977.0,0.9386092522548735,0.8707792207792208,0.1292207792207792,0.06139074774512657,0.9370893888114673,0.317141150706749,5023.0,0.9388316151202749,0.9363789237668162,0.06362107623318386,0.061168384879725084,None
