Accuracy,Selection rate,Count,tpr,tnr,fpr,fnr,generation
0.9363936393639364,0.5103510351035103,9999.0,0.953134510042605,0.9201183431952663,0.07988165680473373,0.04686548995739501,None
