Accuracy,Selection rate,Count,tpr,tnr,fpr,fnr,generation
0.9274,0.5018,10000.0,0.9386753883892068,0.9166014095536413,0.08339859044635865,0.06132461161079313,None
