difference_Accuracy,difference_Selection rate,difference_Count,difference_tpr,difference_tnr,difference_fpr,difference_fnr,ratio_Accuracy,ratio_Selection rate,ratio_Count,ratio_tpr,ratio_tnr,ratio_fpr,ratio_fnr,group_min_Accuracy,group_min_Selection rate,group_min_Count,group_min_tpr,group_min_tnr,group_min_fpr,group_min_fnr,group_max_Accuracy,group_max_Selection rate,group_max_Count,group_max_tpr,group_max_tnr,group_max_fpr,group_max_fnr,group_0_Accuracy,group_0_Selection rate,group_0_Count,group_0_tpr,group_0_tnr,group_0_fpr,group_0_fnr,group_1_Accuracy,group_1_Selection rate,group_1_Count,group_1_tpr,group_1_tnr,group_1_fpr,group_1_fnr,generation
0.012046596769698437,0.38101522667170884,35.0,0.00684193619540141,0.0659165700734109,0.06591657007341087,0.006841936195401438,0.9872170524548272,0.4568761489904282,0.9930237193541958,0.9928369920182567,0.9298709398498904,0.47678722504230114,0.8675725244284801,0.930349257326375,0.32051026509866454,4982.0,0.9483344663494222,0.8740157480314961,0.06006768189509306,0.0448235974551764,0.9423958540960734,0.7015254917703734,5017.0,0.9551764025448236,0.939932318104907,0.12598425196850394,0.05166553365057784,0.930349257326375,0.7015254917703734,4982.0,0.9551764025448236,0.8740157480314961,0.12598425196850394,0.0448235974551764,0.9423958540960734,0.32051026509866454,5017.0,0.9483344663494222,0.939932318104907,0.06006768189509306,0.05166553365057784,None
