generation,epoch,gen_loss
0,0,75403.99187858737
0,10,27219.60380460778
0,20,26287.060995296557
