difference_Accuracy,difference_Selection rate,difference_Count,difference_tpr,difference_tnr,difference_fpr,difference_fnr,ratio_Accuracy,ratio_Selection rate,ratio_Count,ratio_tpr,ratio_tnr,ratio_fpr,ratio_fnr,group_min_Accuracy,group_min_Selection rate,group_min_Count,group_min_tpr,group_min_tnr,group_min_fpr,group_min_fnr,group_max_Accuracy,group_max_Selection rate,group_max_Count,group_max_tpr,group_max_tnr,group_max_fpr,group_max_fnr,generation
0.009234075393035335,0.36187057718141313,46.0,0.014125840984555604,0.02446566886028767,0.02446566886028769,0.01412584098455559,0.990131327510805,0.45735767923112586,0.9908421262193908,0.9848042205120758,0.9740815004472962,0.6961521770577174,0.8329016371339156,0.9264617239300783,0.30499701373681065,4977.0,0.9154639175257732,0.9194805194805195,0.05605381165919283,0.07041024148967122,0.9356957993231136,0.6668675909182238,5023.0,0.9295897585103288,0.9439461883408071,0.08051948051948052,0.08453608247422681,None
