difference_Accuracy,difference_Selection rate,difference_Count,difference_tpr,difference_tnr,difference_fpr,difference_fnr,ratio_Accuracy,ratio_Selection rate,ratio_Count,ratio_tpr,ratio_tnr,ratio_fpr,ratio_fnr,group_min_Accuracy,group_min_Selection rate,group_min_Count,group_min_tpr,group_min_tnr,group_min_fpr,group_min_fnr,group_max_Accuracy,group_max_Selection rate,group_max_Count,group_max_tpr,group_max_tnr,group_max_fpr,group_max_fnr,generation
0.0046324631939883565,0.3738933151172004,35.0,0.02236550168497653,0.03106972034587041,0.03106972034587048,0.022365501684976433,0.9950750015163722,0.4506822483297279,0.9930237193541958,0.9763124334374735,0.9672395990643899,0.6242043348642332,0.7139160610556493,0.9359694901645925,0.30675702611122185,4982.0,0.9218218898708361,0.9173228346456693,0.051607445008460234,0.055812608444187395,0.9406019533585809,0.6806503412284223,5017.0,0.9441873915558127,0.9483925549915397,0.08267716535433071,0.07817811012916383,None
