Accuracy,Selection rate,Count,tpr,tnr,fpr,fnr,generation
0.9382938293829383,0.49304930493049304,9999.0,0.9375126800568067,0.9390532544378698,0.06094674556213018,0.06248731994319334,None
