Accuracy,Selection rate,Count,tpr,tnr,fpr,fnr,generation
0.9311,0.4851,10000.0,0.9253883892068684,0.9365700861393892,0.06342991386061081,0.07461161079313164,None
