difference_Accuracy,difference_Selection rate,difference_Count,difference_tpr,difference_tnr,difference_fpr,difference_fnr,ratio_Accuracy,ratio_Selection rate,ratio_Count,ratio_tpr,ratio_tnr,ratio_fpr,ratio_fnr,group_min_Accuracy,group_min_Selection rate,group_min_Count,group_min_tpr,group_min_tnr,group_min_fpr,group_min_fnr,group_max_Accuracy,group_max_Selection rate,group_max_Count,group_max_tpr,group_max_tnr,group_max_fpr,group_max_fnr,group_0_Accuracy,group_0_Selection rate,group_0_Count,group_0_tpr,group_0_tnr,group_0_fpr,group_0_fnr,group_1_Accuracy,group_1_Selection rate,group_1_Count,group_1_tpr,group_1_tnr,group_1_fpr,group_1_fnr,generation
0.012671868136729825,0.3704955996868894,46.0,0.0218715474515756,0.04468435152291661,0.044684351522916554,0.021871547451575588,0.9864226122758546,0.4502216459029074,0.9908421262193908,0.9764938997526375,0.9526340563773719,0.558885247786593,0.760728559834267,0.9206349206349206,0.30340434003583516,4977.0,0.9085910652920962,0.8987012987012987,0.05661434977578475,0.06953738725632819,0.9333067887716504,0.6738999397227246,5023.0,0.9304626127436718,0.9433856502242153,0.1012987012987013,0.09140893470790377,0.9206349206349206,0.6738999397227246,4977.0,0.9304626127436718,0.8987012987012987,0.1012987012987013,0.06953738725632819,0.9333067887716504,0.30340434003583516,5023.0,0.9085910652920962,0.9433856502242153,0.05661434977578475,0.09140893470790377,None
