Accuracy,Selection rate,Count,tpr,tnr,fpr,fnr,generation
0.927,0.4878,10000.0,0.9239574816026165,0.9299138606108066,0.07008613938919342,0.07604251839738348,None
