Accuracy,Selection rate,Count,tpr,tnr,fpr,fnr,generation
0.9337933793379338,0.4957495749574958,9999.0,0.9356867518766484,0.9319526627218935,0.06804733727810651,0.0643132481233516,None
