difference_Accuracy,difference_Selection rate,difference_Count,difference_tpr,difference_tnr,difference_fpr,difference_fnr,ratio_Accuracy,ratio_Selection rate,ratio_Count,ratio_tpr,ratio_tnr,ratio_fpr,ratio_fnr,group_min_Accuracy,group_min_Selection rate,group_min_Count,group_min_tpr,group_min_tnr,group_min_fpr,group_min_fnr,group_max_Accuracy,group_max_Selection rate,group_max_Count,group_max_tpr,group_max_tnr,group_max_fpr,group_max_fnr,group_0_Accuracy,group_0_Selection rate,group_0_Count,group_0_tpr,group_0_tnr,group_0_fpr,group_0_fnr,group_1_Accuracy,group_1_Selection rate,group_1_Count,group_1_tpr,group_1_tnr,group_1_fpr,group_1_fnr,generation
0.008064351577978912,0.3801129151651146,35.0,0.027514794411642285,0.049062712338622694,0.049062712338622645,0.027514794411642243,0.9914008816436302,0.4462799580840348,0.9930237193541958,0.9708498287146266,0.9481750438031706,0.5206950409996095,0.6709409546380021,0.9297470895222802,0.3063583815028902,4982.0,0.9163834126444595,0.8976377952755905,0.0532994923857868,0.05610179294389821,0.9378114411002592,0.6864712966680048,5017.0,0.9438982070561018,0.9467005076142132,0.10236220472440945,0.08361658735554045,0.9297470895222802,0.6864712966680048,4982.0,0.9438982070561018,0.8976377952755905,0.10236220472440945,0.05610179294389821,0.9378114411002592,0.3063583815028902,5017.0,0.9163834126444595,0.9467005076142132,0.0532994923857868,0.08361658735554045,None
