difference_Accuracy,difference_Selection rate,difference_Count,difference_tpr,difference_tnr,difference_fpr,difference_fnr,ratio_Accuracy,ratio_Selection rate,ratio_Count,ratio_tpr,ratio_tnr,ratio_fpr,ratio_fnr,group_min_Accuracy,group_min_Selection rate,group_min_Count,group_min_tpr,group_min_tnr,group_min_fpr,group_min_fnr,group_max_Accuracy,group_max_Selection rate,group_max_Count,group_max_tpr,group_max_tnr,group_max_fpr,group_max_fnr,group_0_Accuracy,group_0_Selection rate,group_0_Count,group_0_tpr,group_0_tnr,group_0_fpr,group_0_fnr,group_1_Accuracy,group_1_Selection rate,group_1_Count,group_1_tpr,group_1_tnr,group_1_fpr,group_1_fnr,generation
0.008847637822651522,0.3789225825289159,35.0,0.02138137007005303,0.047658224194056964,0.047658224194056964,0.021381370070053023,0.9905936429420973,0.4486587890890598,0.9930237193541958,0.9773962770705462,0.9496885790437255,0.5252867080278247,0.7166486903329009,0.9317543155359294,0.3083516045445485,4982.0,0.9245411284840245,0.8996062992125984,0.05273547659334461,0.0540775014459225,0.9406019533585809,0.6872741870734644,5017.0,0.9459224985540775,0.9472645234066553,0.10039370078740158,0.07545887151597552,0.9317543155359294,0.6872741870734644,4982.0,0.9459224985540775,0.8996062992125984,0.10039370078740158,0.0540775014459225,0.9406019533585809,0.3083516045445485,5017.0,0.9245411284840245,0.9472645234066553,0.05273547659334461,0.07545887151597552,None
