Accuracy,Selection rate,Count,tpr,tnr,fpr,fnr,generation
0.9361936193619362,0.4971497149714971,9999.0,0.9395414891458713,0.9329388560157791,0.0670611439842209,0.06045851085412863,None
