Accuracy,Selection rate,Count,tpr,tnr,fpr,fnr,generation
0.93,0.488,10000.0,0.9272281275551921,0.93265465935787,0.06734534064212999,0.07277187244480784,None
