difference_Accuracy,difference_Selection rate,difference_Count,difference_tpr,difference_tnr,difference_fpr,difference_fnr,ratio_Accuracy,ratio_Selection rate,ratio_Count,ratio_tpr,ratio_tnr,ratio_fpr,ratio_fnr,group_min_Accuracy,group_min_Selection rate,group_min_Count,group_min_tpr,group_min_tnr,group_min_fpr,group_min_fnr,group_max_Accuracy,group_max_Selection rate,group_max_Count,group_max_tpr,group_max_tnr,group_max_fpr,group_max_fnr,group_0_Accuracy,group_0_Selection rate,group_0_Count,group_0_tpr,group_0_tnr,group_0_fpr,group_0_fnr,group_1_Accuracy,group_1_Selection rate,group_1_Count,group_1_tpr,group_1_tnr,group_1_fpr,group_1_fnr,generation
0.011844250624343133,0.36889740586910824,46.0,0.017722640319066785,0.03931192126259386,0.03931192126259391,0.017722640319066715,0.9873444648189587,0.45210313667247043,0.9908421262193908,0.9809944727686014,0.958378357547497,0.5853400086000369,0.7920448252883704,0.9240506329113924,0.30439976109894484,4977.0,0.9147766323024055,0.9051948051948052,0.0554932735426009,0.06750072737852779,0.9358948835357356,0.6732971669680531,5023.0,0.9324992726214723,0.9445067264573991,0.09480519480519481,0.0852233676975945,0.9240506329113924,0.6732971669680531,4977.0,0.9324992726214723,0.9051948051948052,0.09480519480519481,0.06750072737852779,0.9358948835357356,0.30439976109894484,5023.0,0.9147766323024055,0.9445067264573991,0.0554932735426009,0.0852233676975945,None
