difference_Accuracy,difference_Selection rate,difference_Count,difference_tpr,difference_tnr,difference_fpr,difference_fnr,ratio_Accuracy,ratio_Selection rate,ratio_Count,ratio_tpr,ratio_tnr,ratio_fpr,ratio_fnr,group_min_Accuracy,group_min_Selection rate,group_min_Count,group_min_tpr,group_min_tnr,group_min_fpr,group_min_fnr,group_max_Accuracy,group_max_Selection rate,group_max_Count,group_max_tpr,group_max_tnr,group_max_fpr,group_max_fnr,group_0_Accuracy,group_0_Selection rate,group_0_Count,group_0_tpr,group_0_tnr,group_0_fpr,group_0_fnr,group_1_Accuracy,group_1_Selection rate,group_1_Count,group_1_tpr,group_1_tnr,group_1_fpr,group_1_fnr,generation
0.0020552762118232204,0.37326454166632334,35.0,0.03201455240884199,0.02656869667941253,0.026568696679412536,0.03201455240884201,0.9978042332294044,0.44802494907045926,0.9930237193541958,0.9659260319391273,0.9719688787785787,0.6625775521714607,0.6537249515190692,0.9339622641509434,0.30296990233207094,4982.0,0.9075458871515976,0.9212598425196851,0.052171460800902424,0.06043956043956044,0.9360175403627666,0.6762344439983943,5017.0,0.9395604395604396,0.9478285391990976,0.07874015748031496,0.09245411284840245,0.9339622641509434,0.6762344439983943,4982.0,0.9395604395604396,0.9212598425196851,0.07874015748031496,0.06043956043956044,0.9360175403627666,0.30296990233207094,5017.0,0.9075458871515976,0.9478285391990976,0.052171460800902424,0.09245411284840245,None
