difference_Accuracy,difference_Selection rate,difference_Count,difference_tpr,difference_tnr,difference_fpr,difference_fnr,ratio_Accuracy,ratio_Selection rate,ratio_Count,ratio_tpr,ratio_tnr,ratio_fpr,ratio_fnr,group_min_Accuracy,group_min_Selection rate,group_min_Count,group_min_tpr,group_min_tnr,group_min_fpr,group_min_fnr,group_max_Accuracy,group_max_Selection rate,group_max_Count,group_max_tpr,group_max_tnr,group_max_fpr,group_max_fnr,group_0_Accuracy,group_0_Selection rate,group_0_Count,group_0_tpr,group_0_tnr,group_0_fpr,group_0_fnr,group_1_Accuracy,group_1_Selection rate,group_1_Count,group_1_tpr,group_1_tnr,group_1_fpr,group_1_fnr,generation
0.009259835938128402,0.3602447827796036,46.0,0.01771804108713848,0.02260642944499447,0.02260642944499447,0.017718041087138453,0.9900742304914172,0.4568499594383256,0.9908421262193908,0.980844005279492,0.976036916143868,0.7146401529074469,0.8090388905052855,0.9236487844082781,0.3030061716105913,4977.0,0.9072164948453608,0.9207792207792208,0.05661434977578475,0.07506546406750073,0.9329086203464065,0.6632509543901949,5023.0,0.9249345359324993,0.9433856502242153,0.07922077922077922,0.09278350515463918,0.9236487844082781,0.6632509543901949,4977.0,0.9249345359324993,0.9207792207792208,0.07922077922077922,0.07506546406750073,0.9329086203464065,0.3030061716105913,5023.0,0.9072164948453608,0.9433856502242153,0.05661434977578475,0.09278350515463918,None
