Accuracy,Selection rate,Count,tpr,tnr,fpr,fnr,generation
0.934993499349935,0.48894889488948895,9999.0,0.9300060864272672,0.9398422090729783,0.0601577909270217,0.06999391357273281,None
