Accuracy,Selection rate,Count,tpr,tnr,fpr,fnr,generation
0.9283,0.4823,10000.0,0.919664758789861,0.9365700861393892,0.06342991386061081,0.080335241210139,None
