difference_Accuracy,difference_Selection rate,difference_Count,difference_tpr,difference_tnr,difference_fpr,difference_fnr,ratio_Accuracy,ratio_Selection rate,ratio_Count,ratio_tpr,ratio_tnr,ratio_fpr,ratio_fnr,group_min_Accuracy,group_min_Selection rate,group_min_Count,group_min_tpr,group_min_tnr,group_min_fpr,group_min_fnr,group_max_Accuracy,group_max_Selection rate,group_max_Count,group_max_tpr,group_max_tnr,group_max_fpr,group_max_fnr,generation
0.009321498394819328,0.38660093218184627,35.0,0.07455337606684698,0.02348881516713963,0.02348881516713964,0.07455337606684703,0.990042944896443,0.42608884263112096,0.9930237193541958,0.9206263625495207,0.9753430021957735,0.6685467193081407,0.4489044412345127,0.9268487143711381,0.28702411799880406,4982.0,0.8647178789938818,0.9291338582677166,0.047377326565143825,0.06072874493927125,0.9361702127659575,0.6736250501806503,5017.0,0.9392712550607287,0.9526226734348562,0.07086614173228346,0.13528212100611828,None
