difference_Accuracy,difference_Selection rate,difference_Count,difference_tpr,difference_tnr,difference_fpr,difference_fnr,ratio_Accuracy,ratio_Selection rate,ratio_Count,ratio_tpr,ratio_tnr,ratio_fpr,ratio_fnr,group_min_Accuracy,group_min_Selection rate,group_min_Count,group_min_tpr,group_min_tnr,group_min_fpr,group_min_fnr,group_max_Accuracy,group_max_Selection rate,group_max_Count,group_max_tpr,group_max_tnr,group_max_fpr,group_max_fnr,generation
0.007076109730481894,0.3833164709765258,46.0,0.08694827963730056,0.02404926911653371,0.02404926911653369,0.08694827963730058,0.992348946745903,0.4199555864852025,0.9908421262193908,0.9059064114882236,0.9747028914481745,0.672248898765824,0.46620359969505343,0.9177782201871392,0.2775233923949831,4977.0,0.8371134020618557,0.9266233766233766,0.04932735426008968,0.07593831830084376,0.9248543299176211,0.6608398633715089,5023.0,0.9240616816991563,0.9506726457399103,0.07337662337662337,0.16288659793814433,None
