Accuracy,Selection rate,Count,tpr,tnr,fpr,fnr,generation
0.9213,0.4683,10000.0,0.8982011447260834,0.9434220830070478,0.05657791699295223,0.1017988552739166,None
