Accuracy,Selection rate,Count,tpr,tnr,fpr,fnr,generation
0.9314931493149315,0.47964796479647964,9999.0,0.917021708257253,0.9455621301775148,0.054437869822485205,0.08297829174274701,None
