Accuracy,Selection rate,Count,tpr,tnr,fpr,fnr,generation
0.9308,0.4886,10000.0,0.928659035159444,0.932850430696946,0.06714956930305403,0.071340964840556,None
