difference_Accuracy,difference_Selection rate,difference_Count,difference_tpr,difference_tnr,difference_fpr,difference_fnr,ratio_Accuracy,ratio_Selection rate,ratio_Count,ratio_tpr,ratio_tnr,ratio_fpr,ratio_fnr,group_min_Accuracy,group_min_Selection rate,group_min_Count,group_min_tpr,group_min_tnr,group_min_fpr,group_min_fnr,group_max_Accuracy,group_max_Selection rate,group_max_Count,group_max_tpr,group_max_tnr,group_max_fpr,group_max_fnr,group_0_Accuracy,group_0_Selection rate,group_0_Count,group_0_tpr,group_0_tnr,group_0_fpr,group_0_fnr,group_1_Accuracy,group_1_Selection rate,group_1_Count,group_1_tpr,group_1_tnr,group_1_fpr,group_1_fnr,generation
0.00922807856739516,0.3677087224992633,35.0,0.006354391967472894,0.03069000892654916,0.030690008926549155,0.006354391967472936,0.9902202640108531,0.45913054163232075,0.9930237193541958,0.9932575982130957,0.9675821353430016,0.6345970812182741,0.9005605257005033,0.9343637093536732,0.31213872832369943,4982.0,0.9360978925900748,0.916010498687664,0.0532994923857868,0.05754771544245228,0.9435917879210683,0.6798474508229627,5017.0,0.9424522845575477,0.9467005076142132,0.08398950131233596,0.06390210740992522,0.9343637093536732,0.6798474508229627,4982.0,0.9424522845575477,0.916010498687664,0.08398950131233596,0.05754771544245228,0.9435917879210683,0.31213872832369943,5017.0,0.9360978925900748,0.9467005076142132,0.0532994923857868,0.06390210740992522,None
