difference_Accuracy,difference_Selection rate,difference_Count,difference_tpr,difference_tnr,difference_fpr,difference_fnr,ratio_Accuracy,ratio_Selection rate,ratio_Count,ratio_tpr,ratio_tnr,ratio_fpr,ratio_fnr,group_min_Accuracy,group_min_Selection rate,group_min_Count,group_min_tpr,group_min_tnr,group_min_fpr,group_min_fnr,group_max_Accuracy,group_max_Selection rate,group_max_Count,group_max_tpr,group_max_tnr,group_max_fpr,group_max_fnr,group_0_Accuracy,group_0_Selection rate,group_0_Count,group_0_tpr,group_0_tnr,group_0_fpr,group_0_fnr,group_1_Accuracy,group_1_Selection rate,group_1_Count,group_1_tpr,group_1_tnr,group_1_fpr,group_1_fnr,generation
0.006236771970094868,0.35970273130979447,46.0,0.011933407121010875,0.021929415875604263,0.021929415875604215,0.011933407121010792,0.9933218278393122,0.46255163802796545,0.9908421262193908,0.9871987764435348,0.9766574714068746,0.7340842484375552,0.8503180399907698,0.9276672694394213,0.3095759506271153,4977.0,0.920274914089347,0.9175324675324675,0.06053811659192825,0.06779167878964212,0.9339040414095162,0.6692786819369098,5023.0,0.9322083212103579,0.9394618834080718,0.08246753246753247,0.07972508591065292,0.9276672694394213,0.6692786819369098,4977.0,0.9322083212103579,0.9175324675324675,0.08246753246753247,0.06779167878964212,0.9339040414095162,0.3095759506271153,5023.0,0.920274914089347,0.9394618834080718,0.06053811659192825,0.07972508591065292,None
