Accuracy,Selection rate,Count,tpr,tnr,fpr,fnr,generation
0.938993899389939,0.4953495349534954,9999.0,0.9405558936904037,0.9374753451676529,0.06252465483234713,0.05944410630959627,None
