Accuracy,Selection rate,Count,tpr,tnr,fpr,fnr,generation
0.9341934193419342,0.5097509750975098,9999.0,0.9502941773179144,0.9185404339250494,0.0814595660749507,0.049705822682085614,None
