difference_Accuracy,difference_Selection rate,difference_Count,difference_tpr,difference_tnr,difference_fpr,difference_fnr,ratio_Accuracy,ratio_Selection rate,ratio_Count,ratio_tpr,ratio_tnr,ratio_fpr,ratio_fnr,group_min_Accuracy,group_min_Selection rate,group_min_Count,group_min_tpr,group_min_tnr,group_min_fpr,group_min_fnr,group_max_Accuracy,group_max_Selection rate,group_max_Count,group_max_tpr,group_max_tnr,group_max_fpr,group_max_fnr,generation
0.016483908799510227,0.37482357126676796,46.0,0.009876150682835982,0.06800564905946072,0.0680056490594607,0.009876150682835969,0.982349461969742,0.4567568683183738,0.9908421262193908,0.9894909195365612,0.9273085213169096,0.4866240218060319,0.8591196152595457,0.917420132610006,0.31515030858052956,4977.0,0.9298969072164949,0.8675324675324675,0.06446188340807175,0.06022694210066919,0.9339040414095162,0.6899738798472975,5023.0,0.9397730578993309,0.9355381165919282,0.13246753246753246,0.07010309278350516,None
