difference_Accuracy,difference_Selection rate,difference_Count,difference_tpr,difference_tnr,difference_fpr,difference_fnr,ratio_Accuracy,ratio_Selection rate,ratio_Count,ratio_tpr,ratio_tnr,ratio_fpr,ratio_fnr,group_min_Accuracy,group_min_Selection rate,group_min_Count,group_min_tpr,group_min_tnr,group_min_fpr,group_min_fnr,group_max_Accuracy,group_max_Selection rate,group_max_Count,group_max_tpr,group_max_tnr,group_max_fpr,group_max_fnr,generation
0.013262134755480437,0.38061098087458084,35.0,0.007638323964489491,0.06835138627976078,0.06835138627976071,0.007638323964489484,0.9859033622736768,0.4568307342546085,0.9930237193541958,0.9919813830391,0.9272150102858764,0.47123090004895773,0.8612842647930367,0.9275391409072662,0.32011162049033287,4982.0,0.9449354180829368,0.8707349081364829,0.06091370558375635,0.04742625795257374,0.9408012756627466,0.7007226013649137,5017.0,0.9525737420474263,0.9390862944162437,0.12926509186351706,0.055064581917063225,None
