Accuracy,Selection rate,Count,tpr,tnr,fpr,fnr,generation
0.9257,0.5017,10000.0,0.9368356500408831,0.9150352388410337,0.08496476115896633,0.06316434995911692,None
