Accuracy,Selection rate,Count,tpr,tnr,fpr,fnr,generation
0.9083134257047301,0.6191113234591495,20930.0,0.9354635108481262,0.866626287098728,0.13337371290127195,0.06453648915187377,None
0.9083134257047301,0.6191113234591495,20930.0,0.9354635108481262,0.866626287098728,0.13337371290127195,0.06453648915187377,None
0.9083134257047301,0.6191113234591495,20930.0,0.9354635108481262,0.866626287098728,0.13337371290127195,0.06453648915187377,None
0.9083134257047301,0.6191113234591495,20930.0,0.9354635108481262,0.866626287098728,0.13337371290127195,0.06453648915187377,None
0.8960821786908744,0.603057811753464,20930.0,0.9121104536489152,0.8714718352513628,0.12852816474863718,0.08788954635108481,None
0.889775441949355,0.6017200191113234,20930.0,0.9057988165680473,0.8651726226529376,0.13482737734706238,0.09420118343195266,None
0.8590539894887721,0.6175346392737697,20930.0,0.893491124260355,0.8061780738946094,0.19382192610539067,0.10650887573964497,None
0.894696607740086,0.6164835164835165,20930.0,0.9241259018473004,0.8500661296140435,0.14993387038595649,0.07587409815269959,None
0.8896321070234113,0.6326325848064979,20930.0,0.9333227622294458,0.8233738126728387,0.17662618732716123,0.06667723777055419,None
