Accuracy,Selection rate,Count,tpr,tnr,fpr,fnr,generation
0.8888675476336816,0.6274585125998771,26032.0,0.9194806816053929,0.8398761362501249,0.16012386374987514,0.08051931839460708,None
0.8888675476336816,0.6274585125998771,26032.0,0.9194806816053929,0.8398761362501249,0.16012386374987514,0.08051931839460708,None
0.8888675476336816,0.6274585125998771,26032.0,0.9194806816053929,0.8398761362501249,0.16012386374987514,0.08051931839460708,None
0.8888675476336816,0.6274585125998771,26032.0,0.9194806816053929,0.8398761362501249,0.16012386374987514,0.08051931839460708,None
0.8712354025814383,0.5969191763982791,26032.0,0.8803445477810374,0.8566576765557886,0.14334232344421136,0.11965545221896261,None
0.8675860479409957,0.5999539028887523,26032.0,0.8798452031708383,0.8479672360403556,0.15203276395964438,0.12015479682916172,None
0.8224492931776275,0.6119007375537799,26032.0,0.8528805942200861,0.7737488762361402,0.22625112376385975,0.14711940577991386,None
0.8710049170251998,0.6220036877688998,26032.0,0.8986209467014536,0.8262532715925106,0.17374672840748942,0.1013790532985464,None
0.8691226183159189,0.6451674861708666,26032.0,0.9158280531743074,0.7934366821018723,0.20656331789812765,0.08417194682569264,None
