generation,epoch,gen_loss
0,0,68777.10235521088
0,0,68851.70054630196
0,0,0.051429697601602826
0,0,67030.21037400673
0,0,67034.77207174512
0,0,60837.512840961186
0,10,5385.478925112699
0,20,5152.990301230135
0,0,61079.873285643334
0,10,5282.837802280716
0,20,5177.812282123892
