Accuracy,Selection rate,Count,tpr,tnr,fpr,fnr,generation
0.9259,0.4989,10000.0,0.9341782502044154,0.9179718089271731,0.08202819107282694,0.06582174979558462,None
