difference_Accuracy,difference_Selection rate,difference_Count,difference_tpr,difference_tnr,difference_fpr,difference_fnr,ratio_Accuracy,ratio_Selection rate,ratio_Count,ratio_tpr,ratio_tnr,ratio_fpr,ratio_fnr,group_min_Accuracy,group_min_Selection rate,group_min_Count,group_min_tpr,group_min_tnr,group_min_fpr,group_min_fnr,group_max_Accuracy,group_max_Selection rate,group_max_Count,group_max_tpr,group_max_tnr,group_max_fpr,group_max_fnr,generation
0.0168820772247541,0.37399779379331666,46.0,0.01098496551075967,0.06477272727272732,0.06477272727272726,0.010984965510759712,0.9819308174089197,0.45541631957011786,0.9908421262193908,0.9882820215827185,0.9309090909090909,0.4910714285714286,0.8506250016994824,0.917420132610006,0.31276129802906627,4977.0,0.9264604810996564,0.8727272727272727,0.0625,0.06255455338958393,0.9343022098347601,0.6867590918223829,5023.0,0.9374454466104161,0.9375,0.12727272727272726,0.07353951890034365,None
