Accuracy,Selection rate,Count,tpr,tnr,fpr,fnr,generation
0.9341934193419342,0.5079507950795079,9999.0,0.9484682491377562,0.9203155818540434,0.0796844181459566,0.05153175086224386,None
