difference_Accuracy,difference_Selection rate,difference_Count,difference_tpr,difference_tnr,difference_fpr,difference_fnr,ratio_Accuracy,ratio_Selection rate,ratio_Count,ratio_tpr,ratio_tnr,ratio_fpr,ratio_fnr,group_min_Accuracy,group_min_Selection rate,group_min_Count,group_min_tpr,group_min_tnr,group_min_fpr,group_min_fnr,group_max_Accuracy,group_max_Selection rate,group_max_Count,group_max_tpr,group_max_tnr,group_max_fpr,group_max_fnr,generation
0.013262134755480437,0.3801983332942584,35.0,0.008911640079123706,0.06619857796963202,0.06619857796963197,0.008911640079123713,0.9859033622736768,0.4558609317805242,0.9930237193541958,0.9906304495610794,0.9295920343490357,0.4745487873660463,0.8457762052189296,0.9275391409072662,0.3185170420570062,4982.0,0.9422161794697484,0.8740157480314961,0.05978567399887197,0.04887218045112782,0.9408012756627466,0.6987153753512646,5017.0,0.9511278195488722,0.9402143260011281,0.12598425196850394,0.05778382053025153,None
