Accuracy,Selection rate,Count,tpr,tnr,fpr,fnr,generation
0.9761916746363316,0.40856697035284645,19867.0,0.9518798770394893,0.9942150933473574,0.00578490665264265,0.04812012296051076,None
0.9767453566215332,0.4088186439824835,19867.0,0.9528257271222511,0.9944780436497502,0.005521956350249803,0.04717427287774888,None
0.9767453566215332,0.4088186439824835,19867.0,0.9528257271222511,0.9944780436497502,0.005521956350249803,0.04717427287774888,None
0.9767453566215332,0.4088186439824835,19867.0,0.9528257271222511,0.9944780436497502,0.005521956350249803,0.04717427287774888,None
0.9767453566215332,0.4088186439824835,19867.0,0.9528257271222511,0.9944780436497502,0.005521956350249803,0.04717427287774888,None
0.9767453566215332,0.4088186439824835,19867.0,0.9528257271222511,0.9944780436497502,0.005521956350249803,0.04717427287774888,None
0.9767453566215332,0.4088186439824835,19867.0,0.9528257271222511,0.9944780436497502,0.005521956350249803,0.04717427287774888,None
