Accuracy,Selection rate,Count,tpr,tnr,fpr,fnr,generation
0.8188057308886885,0.4855725879170424,19962.0,0.806930693069307,0.8304848966613673,0.16951510333863276,0.19306930693069307,None
0.8223624887285843,0.48542230237451156,19962.0,0.8103657304505961,0.8341613672496025,0.16583863275039745,0.18963426954940393,None
0.8223624887285843,0.48542230237451156,19962.0,0.8103657304505961,0.8341613672496025,0.16583863275039745,0.18963426954940393,None
0.8223624887285843,0.48542230237451156,19962.0,0.8103657304505961,0.8341613672496025,0.16583863275039745,0.18963426954940393,None
0.8223624887285843,0.48542230237451156,19962.0,0.8103657304505961,0.8341613672496025,0.16583863275039745,0.18963426954940393,None
0.8223624887285843,0.48542230237451156,19962.0,0.8103657304505961,0.8341613672496025,0.16583863275039745,0.18963426954940393,None
0.8223624887285843,0.48542230237451156,19962.0,0.8103657304505961,0.8341613672496025,0.16583863275039745,0.18963426954940393,None
