Accuracy,Selection rate,Count,tpr,tnr,fpr,fnr,generation
0.9714457469191464,0.36554453461576997,19962.0,0.9359688917692807,0.9937943986282355,0.006205601371764514,0.06403110823071938,None
0.9721470794509568,0.366045486424206,19962.0,0.9375243033052495,0.9939577039274925,0.006042296072507553,0.062475696694750484,None
0.9721470794509568,0.366045486424206,19962.0,0.9375243033052495,0.9939577039274925,0.006042296072507553,0.062475696694750484,None
0.9721470794509568,0.366045486424206,19962.0,0.9375243033052495,0.9939577039274925,0.006042296072507553,0.062475696694750484,None
0.9721470794509568,0.366045486424206,19962.0,0.9375243033052495,0.9939577039274925,0.006042296072507553,0.062475696694750484,None
0.9721470794509568,0.366045486424206,19962.0,0.9375243033052495,0.9939577039274925,0.006042296072507553,0.062475696694750484,None
0.9721470794509568,0.366045486424206,19962.0,0.9375243033052495,0.9939577039274925,0.006042296072507553,0.062475696694750484,None
