Accuracy,Selection rate,Count,tpr,tnr,fpr,fnr,generation
0.8078723511350481,0.49776010469622994,19867.0,0.7938443670150988,0.8230728893550079,0.17692711064499214,0.20615563298490128,None
0.8067146524387174,0.49730709216288316,19867.0,0.7922957801006582,0.8223387519664395,0.17766124803356056,0.20770421989934185,None
0.8067146524387174,0.49730709216288316,19867.0,0.7922957801006582,0.8223387519664395,0.17766124803356056,0.20770421989934185,None
0.8067146524387174,0.49730709216288316,19867.0,0.7922957801006582,0.8223387519664395,0.17766124803356056,0.20770421989934185,None
0.8067146524387174,0.49730709216288316,19867.0,0.7922957801006582,0.8223387519664395,0.17766124803356056,0.20770421989934185,None
0.8067146524387174,0.49730709216288316,19867.0,0.7922957801006582,0.8223387519664395,0.17766124803356056,0.20770421989934185,None
0.8067146524387174,0.49730709216288316,19867.0,0.7922957801006582,0.8223387519664395,0.17766124803356056,0.20770421989934185,None
