Accuracy,Selection rate,Count,tpr,tnr,fpr,fnr,generation
0.8950310559006212,0.6421404682274248,20930.0,0.9433010014983045,0.820826766880834,0.17917323311916597,0.05669899850169545,None
0.8950310559006212,0.6421404682274248,20930.0,0.9433010014983045,0.820826766880834,0.17917323311916597,0.05669899850169545,None
0.8950310559006212,0.6421404682274248,20930.0,0.9433010014983045,0.820826766880834,0.17917323311916597,0.05669899850169545,None
0.8950310559006212,0.6421404682274248,20930.0,0.9433010014983045,0.820826766880834,0.17917323311916597,0.05669899850169545,None
0.8950310559006212,0.6421404682274248,20930.0,0.9433010014983045,0.820826766880834,0.17917323311916597,0.05669899850169545,None
