Accuracy,Selection rate,Count,tpr,tnr,fpr,fnr,generation
0.8761524277811924,0.6489704978488015,26032.0,0.924692431962222,0.7975447776212518,0.20245522237874825,0.07530756803777805,None
0.8761524277811924,0.6489704978488015,26032.0,0.924692431962222,0.7975447776212518,0.20245522237874825,0.07530756803777805,None
0.8761524277811924,0.6489704978488015,26032.0,0.924692431962222,0.7975447776212518,0.20245522237874825,0.07530756803777805,None
0.8761524277811924,0.6489704978488015,26032.0,0.924692431962222,0.7975447776212518,0.20245522237874825,0.07530756803777805,None
0.8761524277811924,0.6489704978488015,26032.0,0.924692431962222,0.7975447776212518,0.20245522237874825,0.07530756803777805,None
