difference_Accuracy,difference_Selection rate,difference_Count,difference_tpr,difference_tnr,difference_fpr,difference_fnr,ratio_Accuracy,ratio_Selection rate,ratio_Count,ratio_tpr,ratio_tnr,ratio_fpr,ratio_fnr,group_min_Accuracy,group_min_Selection rate,group_min_Count,group_min_tpr,group_min_tnr,group_min_fpr,group_min_fnr,group_max_Accuracy,group_max_Selection rate,group_max_Count,group_max_tpr,group_max_tnr,group_max_fpr,group_max_fnr,generation
0.00862762256049332,0.362875198439199,46.0,0.014893312816759652,0.024745937918583705,0.024745937918583656,0.014893312816759596,0.9907833798125568,0.45666971641639786,0.9908421262193908,0.9840036512027491,0.9737923696961986,0.6926714161724288,0.8223789332099573,0.9274663451878642,0.30499701373681065,4977.0,0.9161512027491409,0.9194805194805195,0.05577354260089686,0.0689554844340995,0.9360939677483575,0.6678722121760097,5023.0,0.9310445155659005,0.9442264573991032,0.08051948051948052,0.0838487972508591,None
