Accuracy,Selection rate,Count,tpr,tnr,fpr,fnr,generation
0.9318,0.4856,10000.0,0.9266148814390842,0.9367658574784652,0.06323414252153485,0.07338511856091579,None
