Accuracy,Selection rate,Count,tpr,tnr,fpr,fnr,generation
0.937993799379938,0.49294929492949296,9999.0,0.9371069182389937,0.9388560157790927,0.0611439842209073,0.06289308176100629,None
