difference_Accuracy,difference_Selection rate,difference_Count,difference_tpr,difference_tnr,difference_fpr,difference_fnr,ratio_Accuracy,ratio_Selection rate,ratio_Count,ratio_tpr,ratio_tnr,ratio_fpr,ratio_fnr,group_min_Accuracy,group_min_Selection rate,group_min_Count,group_min_tpr,group_min_tnr,group_min_fpr,group_min_fnr,group_max_Accuracy,group_max_Selection rate,group_max_Count,group_max_tpr,group_max_tnr,group_max_fpr,group_max_fnr,generation
0.003234406470429274,0.3756928170434893,35.0,0.02663210345059419,0.03172588832487311,0.031725888324873094,0.026632103450594274,0.9965576968048062,0.44868877334001067,0.9930237193541958,0.9718195184418131,0.9665477252453166,0.6192893401015228,0.6735347985347985,0.9363709353673224,0.30576041459039266,4982.0,0.9184228416043508,0.9166666666666666,0.051607445008460234,0.054945054945054944,0.9396053418377517,0.6814532316338819,5017.0,0.945054945054945,0.9483925549915397,0.08333333333333333,0.08157715839564922,None
